model,dgp,calibration,sampleSize,intercept,phi,test,nsim,p.sig,prop.sig,mcse,conf.low,conf.up
Poisson,negative binomial,uncalibrated,10,-1.5,1,DHA.p.val,972,1,0.00102880658436214,0.0010282772266814232,2.6046788332372123e-5,0.005718681460183617
Poisson,negative binomial,uncalibrated,10,-1.5,1,Pear.p.val,1000,195,0.195,0.012528966437819204,0.17087042902298147,0.22093962539267165
Poisson,negative binomial,uncalibrated,10,-1.5,1,Ref.p.val,1000,13,0.013,0.003582038525755969,0.006939617502851476,0.022127803636778465
Poisson,negative binomial,uncalibrated,10,-1.5,1.1,DHA.p.val,960,9,0.009375,0.003110317068342872,0.004295553341901632,0.01772178029710436
Poisson,negative binomial,uncalibrated,10,-1.5,1.1,Pear.p.val,1000,240,0.24,0.013505554412907307,0.21382677447450602,0.2677133583471021
Poisson,negative binomial,uncalibrated,10,-1.5,1.1,Ref.p.val,1000,31,0.031,0.0054807846153630225,0.021158171970208632,0.043715085006238885
Poisson,negative binomial,uncalibrated,10,-1.5,1.2,DHA.p.val,973,10,0.010277492291880781,0.003233284223440453,0.00493914977739483,0.018819223326329237
Poisson,negative binomial,uncalibrated,10,-1.5,1.2,Pear.p.val,1000,244,0.244,0.013581752464244074,0.21766588926154612,0.271850345986017
Poisson,negative binomial,uncalibrated,10,-1.5,1.2,Ref.p.val,1000,61,0.061,0.0075682891065286355,0.046977875541080204,0.07767077404912359
Poisson,negative binomial,uncalibrated,10,-1.5,1.35,DHA.p.val,953,15,0.015739769150052464,0.0040318809278713265,0.008835492076218442,0.025827654420397805
Poisson,negative binomial,uncalibrated,10,-1.5,1.35,Pear.p.val,1000,254,0.254,0.013765318739498916,0.22727724051927115,0.28217930509803135
Poisson,negative binomial,uncalibrated,10,-1.5,1.35,Ref.p.val,1000,71,0.071,0.008121514637061242,0.05586464824989751,0.08871644088678732
Poisson,negative binomial,uncalibrated,10,-1.5,1.5,DHA.p.val,959,18,0.018769551616266946,0.004382310581857654,0.01116101385199554,0.029502271104796307
Poisson,negative binomial,uncalibrated,10,-1.5,1.5,Pear.p.val,1000,292,0.292,0.014378317008607092,0.2639658854305837,0.32126443305845875
Poisson,negative binomial,uncalibrated,10,-1.5,1.5,Ref.p.val,1000,76,0.076,0.008379976133617566,0.06034366117990184,0.09420432364490217
Poisson,negative binomial,uncalibrated,10,-1.5,1.75,DHA.p.val,932,31,0.033261802575107295,0.00587380296129098,0.02270944234457731,0.04688205866187223
Poisson,negative binomial,uncalibrated,10,-1.5,1.75,Pear.p.val,1000,353,0.353,0.015112610628213776,0.32334955757958167,0.3835189950574548
Poisson,negative binomial,uncalibrated,10,-1.5,1.75,Ref.p.val,1000,139,0.139,0.010939789760319894,0.11814585276496606,0.16200450385549015
Poisson,negative binomial,uncalibrated,10,-1.5,2,DHA.p.val,932,61,0.06545064377682404,0.0081012144089122,0.050430881906956895,0.08328346962485711
Poisson,negative binomial,uncalibrated,10,-1.5,2,Pear.p.val,1000,397,0.397,0.01547226550961429,0.36651630449339767,0.4280919695508244
Poisson,negative binomial,uncalibrated,10,-1.5,2,Ref.p.val,1000,152,0.152,0.011353237423748346,0.13029825032498196,0.1757724687331127
Poisson,negative binomial,uncalibrated,10,-1.5,2.5,DHA.p.val,926,88,0.09503239740820735,0.009637111092351476,0.07691615180399951,0.11577044752220933
Poisson,negative binomial,uncalibrated,10,-1.5,2.5,Pear.p.val,1000,451,0.451,0.01573527883451704,0.41984260653536326,0.4824466650475674
Poisson,negative binomial,uncalibrated,10,-1.5,2.5,Ref.p.val,1000,181,0.181,0.0121753439376471,0.1576037418442294,0.20629080655756926
Poisson,negative binomial,uncalibrated,10,-1.5,3,DHA.p.val,916,100,0.1091703056768559,0.010303905544541216,0.08971162910579594,0.13118192259387385
Poisson,negative binomial,uncalibrated,10,-1.5,3,Pear.p.val,1000,509,0.509,0.015808826648426505,0.4775276179384159,0.540419255650088
Poisson,negative binomial,uncalibrated,10,-1.5,3,Ref.p.val,1000,210,0.21,0.01288021738946979,0.18513884636850597,0.2365809848578132
Poisson,negative binomial,uncalibrated,10,-1.5,4,DHA.p.val,885,134,0.15141242937853108,0.0120491791505223,0.12842307333721073,0.17674935343380105
Poisson,negative binomial,uncalibrated,10,-1.5,4,Pear.p.val,1000,590,0.59,0.01555313473226539,0.5587883458252498,0.6206802105715514
Poisson,negative binomial,uncalibrated,10,-1.5,4,Ref.p.val,1000,232,0.232,0.013348258313353095,0.20615813782866235,0.25942983045366985
Poisson,negative binomial,uncalibrated,10,-1.5,5,DHA.p.val,869,123,0.14154200230149597,0.011824759180345439,0.11903703882363209,0.16650814666426583
Poisson,negative binomial,uncalibrated,10,-1.5,5,Pear.p.val,1000,655,0.655,0.015032464867745409,0.6246139976951355,0.6844700767243275
Poisson,negative binomial,uncalibrated,10,-1.5,5,Ref.p.val,1000,213,0.213,0.012947239087929134,0.18799885180607953,0.23970296792612522
Poisson,negative binomial,uncalibrated,10,0,1,DHA.p.val,1000,31,0.031,0.0054807846153630225,0.021158171970208632,0.043715085006238885
Poisson,negative binomial,uncalibrated,10,0,1,Pear.p.val,1000,33,0.033,0.005648982209212559,0.022822383349459574,0.04603398181702312
Poisson,negative binomial,uncalibrated,10,0,1,Ref.p.val,1000,57,0.057,0.007331507348424334,0.0434535819369586,0.07322272946066222
Poisson,negative binomial,uncalibrated,10,0,1.1,DHA.p.val,1000,33,0.033,0.005648982209212559,0.022822383349459574,0.04603398181702312
Poisson,negative binomial,uncalibrated,10,0,1.1,Pear.p.val,1000,50,0.05,0.006892024376045111,0.03733539760466177,0.06539048791549362
Poisson,negative binomial,uncalibrated,10,0,1.1,Ref.p.val,1000,66,0.066,0.007851369307324678,0.05140856601891849,0.08320605046140273
Poisson,negative binomial,uncalibrated,10,0,1.2,DHA.p.val,1000,33,0.033,0.005648982209212559,0.022822383349459574,0.04603398181702312
Poisson,negative binomial,uncalibrated,10,0,1.2,Pear.p.val,1000,53,0.053,0.00708456067798138,0.03994925236001938,0.06875518328996322
Poisson,negative binomial,uncalibrated,10,0,1.2,Ref.p.val,1000,71,0.071,0.008121514637061242,0.05586464824989751,0.08871644088678732
Poisson,negative binomial,uncalibrated,10,0,1.35,DHA.p.val,1000,39,0.039,0.006122009474020765,0.02787714879533642,0.052930935785445055
Poisson,negative binomial,uncalibrated,10,0,1.35,Pear.p.val,1000,81,0.081,0.008627803892068943,0.06484353970849499,0.09967169896848727
Poisson,negative binomial,uncalibrated,10,0,1.35,Ref.p.val,1000,116,0.116,0.010126401137620413,0.09680595526975852,0.13748675054956383
Poisson,negative binomial,uncalibrated,10,0,1.5,DHA.p.val,1000,49,0.049,0.006826346021115542,0.03646705917204781,0.06426605314016964
Poisson,negative binomial,uncalibrated,10,0,1.5,Pear.p.val,1000,109,0.109,0.00985489725973843,0.09035814767691946,0.12997836534293516
Poisson,negative binomial,uncalibrated,10,0,1.5,Ref.p.val,1000,129,0.129,0.010599952830083727,0.10884057120623476,0.15137141531495624
Poisson,negative binomial,uncalibrated,10,0,1.75,DHA.p.val,1000,85,0.085,0.008819013550278738,0.06845727877099016,0.10403198577837725
Poisson,negative binomial,uncalibrated,10,0,1.75,Pear.p.val,1000,188,0.188,0.012355403676124872,0.16423072340131878,0.21362154016312895
Poisson,negative binomial,uncalibrated,10,0,1.75,Ref.p.val,1000,198,0.198,0.012601428490452978,0.17371978110414948,0.2240722051716183
Poisson,negative binomial,uncalibrated,10,0,2,DHA.p.val,1000,115,0.115,0.010088359628799918,0.09588337997326378,0.13641556786283282
Poisson,negative binomial,uncalibrated,10,0,2,Pear.p.val,1000,235,0.235,0.013408019988051927,0.2090323580446216,0.26253766543135415
Poisson,negative binomial,uncalibrated,10,0,2,Ref.p.val,1000,246,0.246,0.013619251080731275,0.21958662206679858,0.27391766918158833
Poisson,negative binomial,uncalibrated,10,0,2.5,DHA.p.val,999,214,0.21421421421421422,0.012980561606587882,0.18914465384527215,0.24098002212528147
Poisson,negative binomial,uncalibrated,10,0,2.5,Pear.p.val,1000,346,0.346,0.015042739112276061,0.316506876628,0.3764031263493396
Poisson,negative binomial,uncalibrated,10,0,2.5,Ref.p.val,1000,358,0.358,0.01516034300403523,0.32824144399292404,0.3885975093480847
Poisson,negative binomial,uncalibrated,10,0,3,DHA.p.val,1000,258,0.258,0.013836039895866157,0.2311270769749137,0.2863056131684608
Poisson,negative binomial,uncalibrated,10,0,3,Pear.p.val,1000,426,0.426,0.015637263187655313,0.39510805262228954,0.4573288630343598
Poisson,negative binomial,uncalibrated,10,0,3,Ref.p.val,1000,433,0.433,0.015668790636165893,0.40202574232341404,0.4643698269410771
Poisson,negative binomial,uncalibrated,10,0,4,DHA.p.val,1000,332,0.332,0.014892145580808697,0.30284274519020854,0.3621502016852709
Poisson,negative binomial,uncalibrated,10,0,4,Pear.p.val,1000,496,0.496,0.01581088232832058,0.46456196801385335,0.5274616436614888
Poisson,negative binomial,uncalibrated,10,0,4,Ref.p.val,1000,500,0.5,0.015811388300841896,0.46854917297179194,0.5314508270282081
Poisson,negative binomial,uncalibrated,10,0,5,DHA.p.val,995,454,0.4562814070351759,0.015790356596238026,0.42499898431666855,0.48782322575543713
Poisson,negative binomial,uncalibrated,10,0,5,Pear.p.val,1000,595,0.595,0.015523369479594306,0.5638317636619659,0.6256072456340387
Poisson,negative binomial,uncalibrated,10,0,5,Ref.p.val,1000,585,0.585,0.015581238718407468,0.5537481738680577,0.6157499260746571
Poisson,negative binomial,uncalibrated,10,1.5,1,DHA.p.val,1000,61,0.061,0.0075682891065286355,0.046977875541080204,0.07767077404912359
Poisson,negative binomial,uncalibrated,10,1.5,1,Pear.p.val,1000,36,0.036,0.005891010100144117,0.025338914929837746,0.0494929117180124
Poisson,negative binomial,uncalibrated,10,1.5,1,Ref.p.val,1000,48,0.048,0.006759881655768835,0.035600265342883276,0.06314011540150921
Poisson,negative binomial,uncalibrated,10,1.5,1.1,DHA.p.val,1000,60,0.06,0.007509993342207435,0.04609503542248433,0.07656049040393476
Poisson,negative binomial,uncalibrated,10,1.5,1.1,Pear.p.val,1000,44,0.044,0.006485676526007136,0.03214949701087143,0.058620419206330876
Poisson,negative binomial,uncalibrated,10,1.5,1.1,Ref.p.val,1000,52,0.052,0.007021111023192838,0.0390765349439805,0.06763501405050731
Poisson,negative binomial,uncalibrated,10,1.5,1.2,DHA.p.val,1000,53,0.053,0.00708456067798138,0.03994925236001938,0.06875518328996322
Poisson,negative binomial,uncalibrated,10,1.5,1.2,Pear.p.val,1000,77,0.077,0.00843036179532053,0.061242027783549015,0.09529938097825963
Poisson,negative binomial,uncalibrated,10,1.5,1.2,Ref.p.val,1000,82,0.082,0.008676174272108648,0.06574586027183191,0.10076286741531137
Poisson,negative binomial,uncalibrated,10,1.5,1.35,DHA.p.val,1000,66,0.066,0.007851369307324678,0.05140856601891849,0.08320605046140273
Poisson,negative binomial,uncalibrated,10,1.5,1.35,Pear.p.val,1000,107,0.107,0.009775019181566858,0.08852043664251635,0.12782864411706796
Poisson,negative binomial,uncalibrated,10,1.5,1.35,Ref.p.val,1000,120,0.12,0.010276186062932104,0.10050092374816785,0.14176686379282544
Poisson,negative binomial,uncalibrated,10,1.5,1.5,DHA.p.val,1000,94,0.094,0.009228434320078352,0.07662899292737785,0.11380243871897455
Poisson,negative binomial,uncalibrated,10,1.5,1.5,Pear.p.val,1000,151,0.151,0.01132249972400088,0.12936136200265355,0.174715466038191
Poisson,negative binomial,uncalibrated,10,1.5,1.5,Ref.p.val,1000,162,0.162,0.011651437679531225,0.13968511158457791,0.1863246549247689
Poisson,negative binomial,uncalibrated,10,1.5,1.75,DHA.p.val,1000,129,0.129,0.010599952830083727,0.10884057120623476,0.15137141531495624
Poisson,negative binomial,uncalibrated,10,1.5,1.75,Pear.p.val,1000,253,0.253,0.013747399754135324,0.22631524866453995,0.2811472625832938
Poisson,negative binomial,uncalibrated,10,1.5,1.75,Ref.p.val,1000,246,0.246,0.013619251080731275,0.21958662206679858,0.27391766918158833
Poisson,negative binomial,uncalibrated,10,1.5,2,DHA.p.val,1000,206,0.206,0.0127892142057282,0.18132871891030236,0.2324151440514931
Poisson,negative binomial,uncalibrated,10,1.5,2,Pear.p.val,1000,351,0.351,0.015093011627902497,0.32139379311897687,0.3814866010926249
Poisson,negative binomial,uncalibrated,10,1.5,2,Ref.p.val,1000,352,0.352,0.015102847413650183,0.3223716043545396,0.3825028689345302
Poisson,negative binomial,uncalibrated,10,1.5,2.5,DHA.p.val,1000,288,0.288,0.014319776534569246,0.2600922071007793,0.3171618867161927
Poisson,negative binomial,uncalibrated,10,1.5,2.5,Pear.p.val,1000,454,0.454,0.015744332313566048,0.422816049720399,0.4854555081333789
Poisson,negative binomial,uncalibrated,10,1.5,2.5,Ref.p.val,1000,463,0.463,0.015768037290671277,0.43174313655264623,0.49447528364059623
Poisson,negative binomial,uncalibrated,10,1.5,3,DHA.p.val,1000,419,0.419,0.015602531845825536,0.38819662922677933,0.45028163840026003
Poisson,negative binomial,uncalibrated,10,1.5,3,Pear.p.val,1000,582,0.582,0.015597307459943206,0.5507256214269395,0.6127902030318293
Poisson,negative binomial,uncalibrated,10,1.5,3,Ref.p.val,1000,583,0.583,0.015592017188292218,0.551733009993698,0.6137769064231509
Poisson,negative binomial,uncalibrated,10,1.5,4,DHA.p.val,1000,568,0.568,0.01566448211719749,0.5366356431977659,0.5989628812297354
Poisson,negative binomial,uncalibrated,10,1.5,4,Pear.p.val,1000,728,0.728,0.014071815803228808,0.6992752220636205,0.755375498730961
Poisson,negative binomial,uncalibrated,10,1.5,4,Ref.p.val,1000,732,0.732,0.014006284303840188,0.703391407966259,0.7592354937182122
Poisson,negative binomial,uncalibrated,10,1.5,5,DHA.p.val,1000,677,0.677,0.014787528529135624,0.6470276352361596,0.70592606325204
Poisson,negative binomial,uncalibrated,10,1.5,5,Pear.p.val,1000,801,0.801,0.012625331678811452,0.7748840900369928,0.8253299436678188
Poisson,negative binomial,uncalibrated,10,1.5,5,Ref.p.val,1000,804,0.804,0.01255324659201754,0.7780159357151282,0.8281800339664227
Poisson,negative binomial,uncalibrated,10,3,1,DHA.p.val,1000,66,0.066,0.007851369307324678,0.05140856601891849,0.08320605046140273
Poisson,negative binomial,uncalibrated,10,3,1,Pear.p.val,1000,41,0.041,0.006270486424512854,0.02958016853403611,0.05521245931529928
Poisson,negative binomial,uncalibrated,10,3,1,Ref.p.val,1000,48,0.048,0.006759881655768835,0.035600265342883276,0.06314011540150921
Poisson,negative binomial,uncalibrated,10,3,1.1,DHA.p.val,1000,58,0.058,0.007391616873188166,0.044332860252820704,0.07433649538235165
Poisson,negative binomial,uncalibrated,10,3,1.1,Pear.p.val,1000,53,0.053,0.00708456067798138,0.03994925236001938,0.06875518328996322
Poisson,negative binomial,uncalibrated,10,3,1.1,Ref.p.val,1000,61,0.061,0.0075682891065286355,0.046977875541080204,0.07767077404912359
Poisson,negative binomial,uncalibrated,10,3,1.2,DHA.p.val,1000,58,0.058,0.007391616873188166,0.044332860252820704,0.07433649538235165
Poisson,negative binomial,uncalibrated,10,3,1.2,Pear.p.val,1000,76,0.076,0.008379976133617566,0.06034366117990184,0.09420432364490217
Poisson,negative binomial,uncalibrated,10,3,1.2,Ref.p.val,1000,87,0.087,0.00891240708226459,0.07026848607137859,0.10620785795702126
Poisson,negative binomial,uncalibrated,10,3,1.35,DHA.p.val,1000,95,0.095,0.00927227048785787,0.07754020708165503,0.11488484440445201
Poisson,negative binomial,uncalibrated,10,3,1.35,Pear.p.val,1000,142,0.142,0.011037934589405754,0.12094489570974319,0.16518703835359716
Poisson,negative binomial,uncalibrated,10,3,1.35,Ref.p.val,1000,154,0.154,0.011414201680362931,0.13217302837265327,0.17788548052787567
Poisson,negative binomial,uncalibrated,10,3,1.5,DHA.p.val,1000,112,0.112,0.00997276290703835,0.09311853992161026,0.13319916556924016
Poisson,negative binomial,uncalibrated,10,3,1.5,Pear.p.val,1000,173,0.173,0.011961229033840962,0.1500463682386288,0.1978966080927047
Poisson,negative binomial,uncalibrated,10,3,1.5,Ref.p.val,1000,176,0.176,0.012042591083317577,0.15287828961643138,0.20104651271780782
Poisson,negative binomial,uncalibrated,10,3,1.75,DHA.p.val,1000,135,0.135,0.010806248192596726,0.11441905042651311,0.15775591555121937
Poisson,negative binomial,uncalibrated,10,3,1.75,Pear.p.val,1000,231,0.231,0.013328128150644412,0.20520047479036327,0.25839347688825776
Poisson,negative binomial,uncalibrated,10,3,1.75,Ref.p.val,1000,236,0.236,0.013427732496590778,0.20999083876861574,0.26357320486642377
Poisson,negative binomial,uncalibrated,10,3,2,DHA.p.val,1000,233,0.233,0.013368283360252356,0.20711600666527016,0.26046597912452674
Poisson,negative binomial,uncalibrated,10,3,2,Pear.p.val,1000,376,0.376,0.015317441039547044,0.3458810703459141,0.4068513760241379
Poisson,negative binomial,uncalibrated,10,3,2,Ref.p.val,1000,390,0.39,0.01542400726140908,0.3596313399726173,0.4210183157288174
Poisson,negative binomial,uncalibrated,10,3,2.5,DHA.p.val,1000,353,0.353,0.015112610628213776,0.32334955757958167,0.3835189950574548
Poisson,negative binomial,uncalibrated,10,3,2.5,Pear.p.val,1000,510,0.51,0.0158082257068907,0.47852584132188763,0.5414151292858822
Poisson,negative binomial,uncalibrated,10,3,2.5,Ref.p.val,1000,521,0.521,0.015797436500901024,0.48951446776882196,0.5523615687672607
Poisson,negative binomial,uncalibrated,10,3,3,DHA.p.val,1000,471,0.471,0.01578477114183161,0.4396868061736436,0.5024843842922233
Poisson,negative binomial,uncalibrated,10,3,3,Pear.p.val,1000,621,0.621,0.015341414537127925,0.5901106284630275,0.6511746693049583
Poisson,negative binomial,uncalibrated,10,3,3,Ref.p.val,1000,625,0.625,0.015309310892394862,0.594161560618944,0.6551000778787017
Poisson,negative binomial,uncalibrated,10,3,4,DHA.p.val,1000,650,0.65,0.015083103128998356,0.6195298087440243,0.6795838758486343
Poisson,negative binomial,uncalibrated,10,3,4,Pear.p.val,1000,804,0.804,0.01255324659201754,0.7780159357151282,0.8281800339664227
Poisson,negative binomial,uncalibrated,10,3,4,Ref.p.val,1000,809,0.809,0.012430567163247216,0.7832406199865389,0.8329252149458908
Poisson,negative binomial,uncalibrated,10,3,5,DHA.p.val,1000,770,0.77,0.013307892395116514,0.74264308249677,0.7957569815143822
Poisson,negative binomial,uncalibrated,10,3,5,Pear.p.val,1000,889,0.889,0.00993373041711924,0.8678739382413079,0.9078020927958089
Poisson,negative binomial,uncalibrated,10,3,5,Ref.p.val,1000,888,0.888,0.00997276290703835,0.8668008344307598,0.9068814600783898
Poisson,negative binomial,uncalibrated,50,-1.5,1,DHA.p.val,1000,6,0.006,0.002442130217658346,0.00220498248515138,0.013013423270974545
Poisson,negative binomial,uncalibrated,50,-1.5,1,Pear.p.val,1000,58,0.058,0.007391616873188166,0.044332860252820704,0.07433649538235165
Poisson,negative binomial,uncalibrated,50,-1.5,1,Ref.p.val,1000,28,0.028,0.005216895628628198,0.018684686195537564,0.04021488737384327
Poisson,negative binomial,uncalibrated,50,-1.5,1.1,DHA.p.val,1000,17,0.017,0.004087909000944126,0.009933512592716536,0.027079496864851338
Poisson,negative binomial,uncalibrated,50,-1.5,1.1,Pear.p.val,1000,92,0.092,0.00913980306133562,0.07480844517785548,0.11163577251831969
Poisson,negative binomial,uncalibrated,50,-1.5,1.1,Ref.p.val,1000,70,0.07,0.008068457101577725,0.05497152491916995,0.0876162334892846
Poisson,negative binomial,uncalibrated,50,-1.5,1.2,DHA.p.val,1000,45,0.045,0.0065555320150236475,0.03300962543114875,0.05975283269340781
Poisson,negative binomial,uncalibrated,50,-1.5,1.2,Pear.p.val,1000,178,0.178,0.012096115078817662,0.15476764229594311,0.20314505318223774
Poisson,negative binomial,uncalibrated,50,-1.5,1.2,Ref.p.val,1000,147,0.147,0.011197812286335219,0.12561721113351154,0.1704840798790891
Poisson,negative binomial,uncalibrated,50,-1.5,1.35,DHA.p.val,1000,120,0.12,0.010276186062932104,0.10050092374816785,0.14176686379282544
Poisson,negative binomial,uncalibrated,50,-1.5,1.35,Pear.p.val,1000,276,0.276,0.014135911714495106,0.2484873062148415,0.304838163350736
Poisson,negative binomial,uncalibrated,50,-1.5,1.35,Ref.p.val,1000,236,0.236,0.013427732496590778,0.20999083876861574,0.26357320486642377
Poisson,negative binomial,uncalibrated,50,-1.5,1.5,DHA.p.val,999,164,0.16416416416416416,0.011719711729025462,0.14170979012993726,0.1886171672937531
Poisson,negative binomial,uncalibrated,50,-1.5,1.5,Pear.p.val,1000,354,0.354,0.015122301412152848,0.32432765251839796,0.3845349797344155
Poisson,negative binomial,uncalibrated,50,-1.5,1.5,Ref.p.val,1000,311,0.311,0.014638271755914358,0.28240130538824093,0.3407161813762112
Poisson,negative binomial,uncalibrated,50,-1.5,1.75,DHA.p.val,1000,275,0.275,0.014120021246442939,0.24752134365550055,0.3038100774529292
Poisson,negative binomial,uncalibrated,50,-1.5,1.75,Pear.p.val,1000,476,0.476,0.01579316307773715,0.44465564092897464,0.5074860323897052
Poisson,negative binomial,uncalibrated,50,-1.5,1.75,Ref.p.val,1000,410,0.41,0.01555313473226539,0.3793197894284486,0.44121165417475017
Poisson,negative binomial,uncalibrated,50,-1.5,2,DHA.p.val,1000,389,0.389,0.015416841440450765,0.3586483052717864,0.42000726280308964
Poisson,negative binomial,uncalibrated,50,-1.5,2,Pear.p.val,1000,579,0.579,0.015612783224012303,0.5477042276526581,0.6098293201725631
Poisson,negative binomial,uncalibrated,50,-1.5,2,Ref.p.val,1000,500,0.5,0.015811388300841896,0.46854917297179194,0.5314508270282081
Poisson,negative binomial,uncalibrated,50,-1.5,2.5,DHA.p.val,999,539,0.5395395395395396,0.015769759355269957,0.5080527941285649,0.5707926356220613
Poisson,negative binomial,uncalibrated,50,-1.5,2.5,Pear.p.val,1000,709,0.709,0.014363808687113596,0.6797609561045029,0.7370027823142384
Poisson,negative binomial,uncalibrated,50,-1.5,2.5,Ref.p.val,1000,653,0.653,0.01505293991218991,0.6225798930217138,0.6825160263170542
Poisson,negative binomial,uncalibrated,50,-1.5,3,DHA.p.val,999,610,0.6106106106106106,0.015427355447919917,0.5795831315834438,0.6409841639327205
Poisson,negative binomial,uncalibrated,50,-1.5,3,Pear.p.val,1000,747,0.747,0.013747399754135324,0.7188527374167062,0.7736847513354601
Poisson,negative binomial,uncalibrated,50,-1.5,3,Ref.p.val,1000,698,0.698,0.01451881537867329,0.6684906224585542,0.7263384640540056
Poisson,negative binomial,uncalibrated,50,-1.5,4,DHA.p.val,998,674,0.6753507014028056,0.014821994283720304,0.6453138276227706,0.7043489563326949
Poisson,negative binomial,uncalibrated,50,-1.5,4,Pear.p.val,1000,801,0.801,0.012625331678811452,0.7748840900369928,0.8253299436678188
Poisson,negative binomial,uncalibrated,50,-1.5,4,Ref.p.val,1000,734,0.734,0.013972973913952606,0.705450563319661,0.7611644251366967
Poisson,negative binomial,uncalibrated,50,-1.5,5,DHA.p.val,998,735,0.7364729458917836,0.013945231616252326,0.7079679674708631,0.763575345264888
Poisson,negative binomial,uncalibrated,50,-1.5,5,Pear.p.val,1000,841,0.841,0.011563693181678596,0.8168376651825233,0.8631343076614678
Poisson,negative binomial,uncalibrated,50,-1.5,5,Ref.p.val,1000,793,0.793,0.012812142677944232,0.7665430496307405,0.8177190971426536
Poisson,negative binomial,uncalibrated,50,0,1,DHA.p.val,1000,22,0.022,0.0046385342512479085,0.01383741417207386,0.03311966451498782
Poisson,negative binomial,uncalibrated,50,0,1,Pear.p.val,1000,43,0.043,0.006414904519944158,0.0312911704560926,0.057486257961972376
Poisson,negative binomial,uncalibrated,50,0,1,Ref.p.val,1000,52,0.052,0.007021111023192838,0.0390765349439805,0.06763501405050731
Poisson,negative binomial,uncalibrated,50,0,1.1,DHA.p.val,1000,43,0.043,0.006414904519944158,0.0312911704560926,0.057486257961972376
Poisson,negative binomial,uncalibrated,50,0,1.1,Pear.p.val,1000,85,0.085,0.008819013550278738,0.06845727877099016,0.10403198577837725
Poisson,negative binomial,uncalibrated,50,0,1.1,Ref.p.val,1000,99,0.099,0.009444522221901964,0.08119112894696873,0.11920848268620654
Poisson,negative binomial,uncalibrated,50,0,1.2,DHA.p.val,1000,98,0.098,0.009401914698613257,0.08027750545100507,0.1181284544312361
Poisson,negative binomial,uncalibrated,50,0,1.2,Pear.p.val,1000,168,0.168,0.011822690049223147,0.1453322492747272,0.19264105541450527
Poisson,negative binomial,uncalibrated,50,0,1.2,Ref.p.val,1000,171,0.171,0.011906258858264422,0.1481598481831981,0.19579525359759042
Poisson,negative binomial,uncalibrated,50,0,1.35,DHA.p.val,1000,179,0.179,0.01212266472356635,0.15571273455792303,0.20419391015831234
Poisson,negative binomial,uncalibrated,50,0,1.35,Pear.p.val,1000,302,0.302,0.014518815378673288,0.27366153594599446,0.3315093775414458
Poisson,negative binomial,uncalibrated,50,0,1.35,Ref.p.val,1000,297,0.297,0.014449602070645405,0.26881168337948175,0.32638892683218723
Poisson,negative binomial,uncalibrated,50,0,1.5,DHA.p.val,1000,318,0.318,0.014726710426975875,0.2892076550639287,0.3478683003282046
Poisson,negative binomial,uncalibrated,50,0,1.5,Pear.p.val,1000,460,0.46,0.015760710643876435,0.4287663165026693,0.491469815697787
Poisson,negative binomial,uncalibrated,50,0,1.5,Ref.p.val,1000,463,0.463,0.015768037290671277,0.43174313655264623,0.49447528364059623
Poisson,negative binomial,uncalibrated,50,0,1.75,DHA.p.val,1000,548,0.548,0.015738360778683402,0.5165502619409909,0.5791663711234443
Poisson,negative binomial,uncalibrated,50,0,1.75,Pear.p.val,1000,704,0.704,0.014435511767859151,0.674635646595066,0.7321578024801109
Poisson,negative binomial,uncalibrated,50,0,1.75,Ref.p.val,1000,703,0.703,0.014449602070645405,0.6736110731678128,0.7311883166205182
Poisson,negative binomial,uncalibrated,50,0,2,DHA.p.val,1000,679,0.679,0.0147634345597493,0.6490688056336192,0.707873032404677
Poisson,negative binomial,uncalibrated,50,0,2,Pear.p.val,1000,810,0.81,0.012405643876881197,0.7842863111483663,0.8338734924612126
Poisson,negative binomial,uncalibrated,50,0,2,Ref.p.val,1000,813,0.813,0.012330085157856779,0.7874249204685702,0.8367167800753991
Poisson,negative binomial,uncalibrated,50,0,2.5,DHA.p.val,1000,864,0.864,0.010839926199010766,0.8411813690859783,0.8846498223761183
Poisson,negative binomial,uncalibrated,50,0,2.5,Pear.p.val,1000,932,0.932,0.00796090447122687,0.914586949808569,0.946811900239598
Poisson,negative binomial,uncalibrated,50,0,2.5,Ref.p.val,1000,931,0.931,0.008014923580421711,0.9134848906542884,0.9459206642067437
Poisson,negative binomial,uncalibrated,50,0,3,DHA.p.val,1000,936,0.936,0.007739767438366605,0.919004925632949,0.9503669107081509
Poisson,negative binomial,uncalibrated,50,0,3,Pear.p.val,1000,965,0.965,0.005811626278418119,0.9516576183857783,0.9755024721052413
Poisson,negative binomial,uncalibrated,50,0,3,Ref.p.val,1000,963,0.963,0.005969170796685251,0.9493588769400751,0.9738172911562627
Poisson,negative binomial,uncalibrated,50,0,4,DHA.p.val,1000,976,0.976,0.004839834707921338,0.9644993614686408,0.9845636167664915
Poisson,negative binomial,uncalibrated,50,0,4,Pear.p.val,1000,988,0.988,0.003443254274665176,0.9791323204089636,0.9937844744404047
Poisson,negative binomial,uncalibrated,50,0,4,Ref.p.val,1000,985,0.985,0.0038438262187565153,0.9753802999029588,0.9915809502499656
Poisson,negative binomial,uncalibrated,50,0,5,DHA.p.val,1000,986,0.986,0.0037153734670958734,0.9766218439896855,0.9923254984349792
Poisson,negative binomial,uncalibrated,50,0,5,Pear.p.val,1000,995,0.995,0.002230470802319547,0.9883705294401879,0.9983745804824372
Poisson,negative binomial,uncalibrated,50,0,5,Ref.p.val,1000,993,0.993,0.002636474919281427,0.9856308050210814,0.9971811412403795
Poisson,negative binomial,uncalibrated,50,1.5,1,DHA.p.val,1000,38,0.038,0.006046155803483731,0.027028815982983928,0.05178710362196415
Poisson,negative binomial,uncalibrated,50,1.5,1,Pear.p.val,1000,38,0.038,0.006046155803483731,0.027028815982983928,0.05178710362196415
Poisson,negative binomial,uncalibrated,50,1.5,1,Ref.p.val,1000,36,0.036,0.005891010100144117,0.025338914929837746,0.0494929117180124
Poisson,negative binomial,uncalibrated,50,1.5,1.1,DHA.p.val,1000,52,0.052,0.007021111023192838,0.0390765349439805,0.06763501405050731
Poisson,negative binomial,uncalibrated,50,1.5,1.1,Pear.p.val,1000,74,0.074,0.00827792244467173,0.05854944426065262,0.09201173601424906
Poisson,negative binomial,uncalibrated,50,1.5,1.1,Ref.p.val,1000,78,0.078,0.008480330182251162,0.06214121313271406,0.096393633402583
Poisson,negative binomial,uncalibrated,50,1.5,1.2,DHA.p.val,1000,112,0.112,0.00997276290703835,0.09311853992161026,0.13319916556924016
Poisson,negative binomial,uncalibrated,50,1.5,1.2,Pear.p.val,1000,166,0.166,0.011766222843376714,0.1434486615841372,0.19053678854188016
Poisson,negative binomial,uncalibrated,50,1.5,1.2,Ref.p.val,1000,158,0.158,0.011534123287012324,0.1359265161849648,0.1821076024878585
Poisson,negative binomial,uncalibrated,50,1.5,1.35,DHA.p.val,1000,220,0.22,0.013099618315050252,0.19468003933887507,0.24697979236956047
Poisson,negative binomial,uncalibrated,50,1.5,1.35,Pear.p.val,1000,346,0.346,0.015042739112276061,0.316506876628,0.3764031263493396
Poisson,negative binomial,uncalibrated,50,1.5,1.35,Ref.p.val,1000,334,0.334,0.014914556647785411,0.3047930074309735,0.36418808656391655
Poisson,negative binomial,uncalibrated,50,1.5,1.5,DHA.p.val,1000,351,0.351,0.015093011627902497,0.32139379311897687,0.3814866010926249
Poisson,negative binomial,uncalibrated,50,1.5,1.5,Pear.p.val,1000,514,0.514,0.015805189021330938,0.482519972167083,0.5453973863574204
Poisson,negative binomial,uncalibrated,50,1.5,1.5,Ref.p.val,1000,503,0.503,0.01581110369329099,0.47154087501966585,0.534441416228923
Poisson,negative binomial,uncalibrated,50,1.5,1.75,DHA.p.val,1000,628,0.628,0.015284501954594399,0.597201187979319,0.6580427038308247
Poisson,negative binomial,uncalibrated,50,1.5,1.75,Pear.p.val,1000,768,0.768,0.013348258313353095,0.7405701695463301,0.7938418621713377
Poisson,negative binomial,uncalibrated,50,1.5,1.75,Ref.p.val,1000,764,0.764,0.013427732496590778,0.7364267951335762,0.7900091612313842
Poisson,negative binomial,uncalibrated,50,1.5,2,DHA.p.val,1000,794,0.794,0.0127892142057282,0.7675848559485069,0.8186712810896977
Poisson,negative binomial,uncalibrated,50,1.5,2,Pear.p.val,1000,911,0.911,0.009004387819280108,0.8916189999399975,0.92791753546024
Poisson,negative binomial,uncalibrated,50,1.5,2,Ref.p.val,1000,907,0.907,0.009184280047995052,0.887280582298844,0.9242815973931352
Poisson,negative binomial,uncalibrated,50,1.5,2.5,DHA.p.val,1000,952,0.952,0.006759881655768837,0.9368598845984908,0.9643997346571167
Poisson,negative binomial,uncalibrated,50,1.5,2.5,Pear.p.val,1000,980,0.98,0.0044271887242357325,0.9692799673173909,0.9877417320275936
Poisson,negative binomial,uncalibrated,50,1.5,2.5,Ref.p.val,1000,980,0.98,0.0044271887242357325,0.9692799673173909,0.9877417320275936
Poisson,negative binomial,uncalibrated,50,1.5,3,DHA.p.val,1000,987,0.987,0.0035820385257559714,0.9778721963632215,0.9930603824971486
Poisson,negative binomial,uncalibrated,50,1.5,3,Pear.p.val,1000,1000,1,0,0.9963179161031344,1
Poisson,negative binomial,uncalibrated,50,1.5,3,Ref.p.val,1000,1000,1,0,0.9963179161031344,1
Poisson,negative binomial,uncalibrated,50,1.5,4,DHA.p.val,1000,997,0.997,0.0017294507798720387,0.9912579767615217,0.9993809000683505
Poisson,negative binomial,uncalibrated,50,1.5,4,Pear.p.val,1000,1000,1,0,0.9963179161031344,1
Poisson,negative binomial,uncalibrated,50,1.5,4,Ref.p.val,1000,1000,1,0,0.9963179161031344,1
Poisson,negative binomial,uncalibrated,50,1.5,5,DHA.p.val,1000,1000,1,0,0.9963179161031344,1
Poisson,negative binomial,uncalibrated,50,1.5,5,Pear.p.val,1000,1000,1,0,0.9963179161031344,1
Poisson,negative binomial,uncalibrated,50,1.5,5,Ref.p.val,1000,1000,1,0,0.9963179161031344,1
Poisson,negative binomial,uncalibrated,50,3,1,DHA.p.val,1000,54,0.054,0.007147307185227175,0.04082335112563071,0.06987400557706736
Poisson,negative binomial,uncalibrated,50,3,1,Pear.p.val,1000,51,0.051,0.00695693898205238,0.038205236774686166,0.06651346159493476
Poisson,negative binomial,uncalibrated,50,3,1,Ref.p.val,1000,47,0.047,0.006692607862410586,0.03473506226679596,0.062012630693305204
Poisson,negative binomial,uncalibrated,50,3,1.1,DHA.p.val,1000,69,0.069,0.008014923580421713,0.05407933579325629,0.0865151093457116
Poisson,negative binomial,uncalibrated,50,3,1.1,Pear.p.val,1000,86,0.086,0.008865889690267977,0.06936253057241368,0.10512026843432665
Poisson,negative binomial,uncalibrated,50,3,1.1,Ref.p.val,1000,92,0.092,0.00913980306133562,0.07480844517785548,0.11163577251831969
Poisson,negative binomial,uncalibrated,50,3,1.2,DHA.p.val,1000,118,0.118,0.01020176455325254,0.09865251639489678,0.13962772053444028
Poisson,negative binomial,uncalibrated,50,3,1.2,Pear.p.val,1000,163,0.163,0.011680368144883106,0.14062554035964028,0.18737814378448903
Poisson,negative binomial,uncalibrated,50,3,1.2,Ref.p.val,1000,172,0.172,0.011933817494833746,0.1491029641479786,0.19684607394473908
Poisson,negative binomial,uncalibrated,50,3,1.35,DHA.p.val,1000,247,0.247,0.013637851736985557,0.22054727947894107,0.2749510409370083
Poisson,negative binomial,uncalibrated,50,3,1.35,Pear.p.val,1000,352,0.352,0.015102847413650183,0.3223716043545396,0.3825028689345302
Poisson,negative binomial,uncalibrated,50,3,1.35,Ref.p.val,1000,361,0.361,0.01518812035770062,0.33117826248758137,0.39164293435298314
Poisson,negative binomial,uncalibrated,50,3,1.5,DHA.p.val,1000,416,0.416,0.01558666096378567,0.385236519184679,0.4472594725698955
Poisson,negative binomial,uncalibrated,50,3,1.5,Pear.p.val,1000,552,0.552,0.015725647840391186,0.5205633067622516,0.5831297072680905
Poisson,negative binomial,uncalibrated,50,3,1.5,Ref.p.val,1000,567,0.567,0.015668790636165896,0.5356301730589229,0.597974257676586
Poisson,negative binomial,uncalibrated,50,3,1.75,DHA.p.val,1000,648,0.648,0.015102847413650183,0.6174971310654698,0.6776283956454604
Poisson,negative binomial,uncalibrated,50,3,1.75,Pear.p.val,1000,789,0.789,0.012902674141432851,0.7623781277644036,0.8139080459892263
Poisson,negative binomial,uncalibrated,50,3,1.75,Ref.p.val,1000,785,0.785,0.012991343271578961,0.7582168340894827,0.8100933481890851
Poisson,negative binomial,uncalibrated,50,3,2,DHA.p.val,1000,848,0.848,0.011353237423748348,0.8242275312668873,0.869701749675018
Poisson,negative binomial,uncalibrated,50,3,2,Pear.p.val,1000,932,0.932,0.00796090447122687,0.914586949808569,0.946811900239598
Poisson,negative binomial,uncalibrated,50,3,2,Ref.p.val,1000,934,0.934,0.007851369307324675,0.9167939495385973,0.9485914339810815
Poisson,negative binomial,uncalibrated,50,3,2.5,DHA.p.val,1000,969,0.969,0.005480784615363026,0.9562849149937611,0.9788418280297914
Poisson,negative binomial,uncalibrated,50,3,2.5,Pear.p.val,1000,989,0.989,0.0032983329122452166,0.9804033717779835,0.9944964058076864
Poisson,negative binomial,uncalibrated,50,3,2.5,Ref.p.val,1000,991,0.991,0.0029864694875387575,0.9829842169301054,0.9958766043396575
Poisson,negative binomial,uncalibrated,50,3,3,DHA.p.val,1000,995,0.995,0.002230470802319547,0.9883705294401879,0.9983745804824372
Poisson,negative binomial,uncalibrated,50,3,3,Pear.p.val,1000,996,0.996,0.0019959959919799443,0.9897903353160701,0.9989090920122741
Poisson,negative binomial,uncalibrated,50,3,3,Ref.p.val,1000,997,0.997,0.0017294507798720387,0.9912579767615217,0.9993809000683505
Poisson,negative binomial,uncalibrated,50,3,4,DHA.p.val,1000,1000,1,0,0.9963179161031344,1
Poisson,negative binomial,uncalibrated,50,3,4,Pear.p.val,1000,1000,1,0,0.9963179161031344,1
Poisson,negative binomial,uncalibrated,50,3,4,Ref.p.val,1000,1000,1,0,0.9963179161031344,1
Poisson,negative binomial,uncalibrated,50,3,5,DHA.p.val,1000,1000,1,0,0.9963179161031344,1
Poisson,negative binomial,uncalibrated,50,3,5,Pear.p.val,1000,1000,1,0,0.9963179161031344,1
Poisson,negative binomial,uncalibrated,50,3,5,Ref.p.val,1000,1000,1,0,0.9963179161031344,1
Poisson,negative binomial,uncalibrated,100,-1.5,1,DHA.p.val,1000,8,0.008,0.0028170906978654416,0.003459976165329311,0.01570204917607465
Poisson,negative binomial,uncalibrated,100,-1.5,1,Pear.p.val,1000,53,0.053,0.00708456067798138,0.03994925236001938,0.06875518328996322
Poisson,negative binomial,uncalibrated,100,-1.5,1,Ref.p.val,1000,44,0.044,0.006485676526007136,0.03214949701087143,0.058620419206330876
Poisson,negative binomial,uncalibrated,100,-1.5,1.1,DHA.p.val,1000,39,0.039,0.006122009474020765,0.02787714879533642,0.052930935785445055
Poisson,negative binomial,uncalibrated,100,-1.5,1.1,Pear.p.val,1000,121,0.121,0.010313049985334114,0.10142580723074802,0.14283576268156783
Poisson,negative binomial,uncalibrated,100,-1.5,1.1,Ref.p.val,1000,107,0.107,0.009775019181566858,0.08852043664251635,0.12782864411706796
Poisson,negative binomial,uncalibrated,100,-1.5,1.2,DHA.p.val,1000,100,0.1,0.009486832980505138,0.08210533435558,0.12028793651869263
Poisson,negative binomial,uncalibrated,100,-1.5,1.2,Pear.p.val,1000,277,0.277,0.014151713677148785,0.24945344200701017,0.30586607658417697
Poisson,negative binomial,uncalibrated,100,-1.5,1.2,Ref.p.val,1000,236,0.236,0.013427732496590778,0.20999083876861574,0.26357320486642377
Poisson,negative binomial,uncalibrated,100,-1.5,1.35,DHA.p.val,1000,228,0.228,0.013267102170406317,0.20232872987103115,0.2552831775215668
Poisson,negative binomial,uncalibrated,100,-1.5,1.35,Pear.p.val,1000,419,0.419,0.015602531845825536,0.38819662922677933,0.45028163840026003
Poisson,negative binomial,uncalibrated,100,-1.5,1.35,Ref.p.val,1000,360,0.36,0.015178932768808221,0.33019918304421886,0.3906279323794034
Poisson,negative binomial,uncalibrated,100,-1.5,1.5,DHA.p.val,1000,376,0.376,0.015317441039547044,0.3458810703459141,0.4068513760241379
Poisson,negative binomial,uncalibrated,100,-1.5,1.5,Pear.p.val,1000,608,0.608,0.015438134602341048,0.5769599775296484,0.6384021909745194
Poisson,negative binomial,uncalibrated,100,-1.5,1.5,Ref.p.val,1000,542,0.542,0.015755506973753653,0.5105344535729365,0.5732176059285063
Poisson,negative binomial,uncalibrated,100,-1.5,1.75,DHA.p.val,1000,593,0.593,0.015535475531827148,0.5618140058593496,0.6236368227183564
Poisson,negative binomial,uncalibrated,100,-1.5,1.75,Pear.p.val,1000,758,0.758,0.013543854695026818,0.7302177554526308,0.7842540621318352
Poisson,negative binomial,uncalibrated,100,-1.5,1.75,Ref.p.val,1000,693,0.693,0.01458598642533305,0.663374157538728,0.7214846146935102
Poisson,negative binomial,uncalibrated,100,-1.5,2,DHA.p.val,1000,737,0.737,0.013922320208930694,0.708540638560736,0.7640564753197067
Poisson,negative binomial,uncalibrated,100,-1.5,2,Pear.p.val,1000,865,0.865,0.010806248192596726,0.8422440844487806,0.8855809495734869
Poisson,negative binomial,uncalibrated,100,-1.5,2,Ref.p.val,1000,812,0.812,0.01235540367612487,0.786378459836871,0.8357692765986813
Poisson,negative binomial,uncalibrated,100,-1.5,2.5,DHA.p.val,1000,825,0.825,0.012015614840697917,0.800003174430663,0.8480659670904693
Poisson,negative binomial,uncalibrated,100,-1.5,2.5,Pear.p.val,1000,913,0.913,0.008912407082264588,0.8937921420429787,0.9297315139286214
Poisson,negative binomial,uncalibrated,100,-1.5,2.5,Ref.p.val,1000,865,0.865,0.010806248192596726,0.8422440844487806,0.8855809495734869
Poisson,negative binomial,uncalibrated,100,-1.5,3,DHA.p.val,1000,904,0.904,0.009315793041926167,0.8840333566371232,0.9215479637525775
Poisson,negative binomial,uncalibrated,100,-1.5,3,Pear.p.val,1000,959,0.959,0.006270486424512857,0.9447875406847007,0.9704198314659639
Poisson,negative binomial,uncalibrated,100,-1.5,3,Ref.p.val,1000,911,0.911,0.009004387819280108,0.8916189999399975,0.92791753546024
Poisson,negative binomial,uncalibrated,100,-1.5,4,DHA.p.val,1000,920,0.92,0.008579044235810886,0.9014202209520978,0.9360580171533267
Poisson,negative binomial,uncalibrated,100,-1.5,4,Pear.p.val,1000,959,0.959,0.006270486424512857,0.9447875406847007,0.9704198314659639
Poisson,negative binomial,uncalibrated,100,-1.5,4,Ref.p.val,1000,909,0.909,0.009094998625618366,0.8894485058981307,0.9261008700575203
Poisson,negative binomial,uncalibrated,100,-1.5,5,DHA.p.val,1000,939,0.939,0.007568289106528638,0.9223292259508764,0.9530221244589198
Poisson,negative binomial,uncalibrated,100,-1.5,5,Pear.p.val,1000,961,0.961,0.006122009474020767,0.947069064214555,0.9721228512046636
Poisson,negative binomial,uncalibrated,100,-1.5,5,Ref.p.val,1000,924,0.924,0.008379976133617564,0.9057956763550978,0.9396563388200981
Poisson,negative binomial,uncalibrated,100,0,1,DHA.p.val,1000,35,0.035,0.005811626278418116,0.02449752789475872,0.04834238161422166
Poisson,negative binomial,uncalibrated,100,0,1,Pear.p.val,1000,47,0.047,0.006692607862410586,0.03473506226679596,0.062012630693305204
Poisson,negative binomial,uncalibrated,100,0,1,Ref.p.val,1000,56,0.056,0.007270763371201128,0.04257554968661718,0.07210774628325278
Poisson,negative binomial,uncalibrated,100,0,1.1,DHA.p.val,1000,71,0.071,0.008121514637061242,0.05586464824989751,0.08871644088678732
Poisson,negative binomial,uncalibrated,100,0,1.1,Pear.p.val,1000,115,0.115,0.010088359628799918,0.09588337997326378,0.13641556786283282
Poisson,negative binomial,uncalibrated,100,0,1.1,Ref.p.val,1000,120,0.12,0.010276186062932104,0.10050092374816785,0.14176686379282544
Poisson,negative binomial,uncalibrated,100,0,1.2,DHA.p.val,1000,177,0.177,0.012069424178476784,0.15382282670139608,0.2020959213077811
Poisson,negative binomial,uncalibrated,100,0,1.2,Pear.p.val,1000,283,0.283,0.014244683218660919,0.2552538625382425,0.3120299618316186
Poisson,negative binomial,uncalibrated,100,0,1.2,Ref.p.val,1000,295,0.295,0.01442133835675455,0.2668728743119346,0.324339617792601
Poisson,negative binomial,uncalibrated,100,0,1.35,DHA.p.val,1000,393,0.393,0.015445096309184997,0.362581243010654,0.42405067664891793
Poisson,negative binomial,uncalibrated,100,0,1.35,Pear.p.val,1000,528,0.528,0.015786576576319513,0.49651503774473793,0.5593196752980172
Poisson,negative binomial,uncalibrated,100,0,1.35,Ref.p.val,1000,531,0.531,0.01578096955196353,0.4995171444366948,0.5622998579509862
Poisson,negative binomial,uncalibrated,100,0,1.5,DHA.p.val,1000,575,0.575,0.015632498200863484,0.5436774991081754,0.6058796781660468
Poisson,negative binomial,uncalibrated,100,0,1.5,Pear.p.val,1000,745,0.745,0.013783141876945184,0.7167888393029331,0.771760579998092
Poisson,negative binomial,uncalibrated,100,0,1.5,Ref.p.val,1000,757,0.757,0.013562853682024296,0.7291836070488286,0.7832941845200095
Poisson,negative binomial,uncalibrated,100,0,1.75,DHA.p.val,1000,846,0.846,0.011414201680362933,0.8221145194721243,0.8678269716273468
Poisson,negative binomial,uncalibrated,100,0,1.75,Pear.p.val,1000,915,0.915,0.008819013550278736,0.8959680142216228,0.9315427212290098
Poisson,negative binomial,uncalibrated,100,0,1.75,Ref.p.val,1000,918,0.918,0.008676174272108645,0.8992371325846886,0.9342541397281681
Poisson,negative binomial,uncalibrated,100,0,2,DHA.p.val,1000,940,0.94,0.007509993342207438,0.9234395095960652,0.9539049645775157
Poisson,negative binomial,uncalibrated,100,0,2,Pear.p.val,1000,973,0.973,0.005125524363418832,0.9609582531940298,0.9821330940747504
Poisson,negative binomial,uncalibrated,100,0,2,Ref.p.val,1000,972,0.972,0.005216895628628201,0.9597851126261567,0.9813153138044625
Poisson,negative binomial,uncalibrated,100,0,2.5,DHA.p.val,1000,988,0.988,0.003443254274665176,0.9791323204089636,0.9937844744404047
Poisson,negative binomial,uncalibrated,100,0,2.5,Pear.p.val,1000,998,0.998,0.0014127986409959495,0.9927941610885425,0.9997576988831227
Poisson,negative binomial,uncalibrated,100,0,2.5,Ref.p.val,1000,997,0.997,0.0017294507798720387,0.9912579767615217,0.9993809000683505
Poisson,negative binomial,uncalibrated,100,0,3,DHA.p.val,1000,996,0.996,0.0019959959919799443,0.9897903353160701,0.9989090920122741
Poisson,negative binomial,uncalibrated,100,0,3,Pear.p.val,1000,999,0.999,9.994998749374613e-4,0.9944410757201734,0.9999746825125088
Poisson,negative binomial,uncalibrated,100,0,3,Ref.p.val,1000,999,0.999,9.994998749374613e-4,0.9944410757201734,0.9999746825125088
Poisson,negative binomial,uncalibrated,100,0,4,DHA.p.val,1000,999,0.999,9.994998749374613e-4,0.9944410757201734,0.9999746825125088
Poisson,negative binomial,uncalibrated,100,0,4,Pear.p.val,1000,1000,1,0,0.9963179161031344,1
Poisson,negative binomial,uncalibrated,100,0,4,Ref.p.val,1000,1000,1,0,0.9963179161031344,1
Poisson,negative binomial,uncalibrated,100,0,5,DHA.p.val,1000,1000,1,0,0.9963179161031344,1
Poisson,negative binomial,uncalibrated,100,0,5,Pear.p.val,1000,1000,1,0,0.9963179161031344,1
Poisson,negative binomial,uncalibrated,100,0,5,Ref.p.val,1000,1000,1,0,0.9963179161031344,1
Poisson,negative binomial,uncalibrated,100,1.5,1,DHA.p.val,1000,48,0.048,0.006759881655768835,0.035600265342883276,0.06314011540150921
Poisson,negative binomial,uncalibrated,100,1.5,1,Pear.p.val,1000,61,0.061,0.0075682891065286355,0.046977875541080204,0.07767077404912359
Poisson,negative binomial,uncalibrated,100,1.5,1,Ref.p.val,1000,63,0.063,0.007683163410991596,0.04874692755658056,0.07988804187335452
Poisson,negative binomial,uncalibrated,100,1.5,1.1,DHA.p.val,1000,89,0.089,0.00900438781928011,0.07208246453975992,0.10838100006000251
Poisson,negative binomial,uncalibrated,100,1.5,1.1,Pear.p.val,1000,118,0.118,0.01020176455325254,0.09865251639489678,0.13962772053444028
Poisson,negative binomial,uncalibrated,100,1.5,1.1,Ref.p.val,1000,119,0.119,0.010239091756596383,0.09957649182504012,0.1406975180226584
Poisson,negative binomial,uncalibrated,100,1.5,1.2,DHA.p.val,1000,201,0.201,0.012672766075328622,0.1765713352288398,0.227202595101185
Poisson,negative binomial,uncalibrated,100,1.5,1.2,Pear.p.val,1000,268,0.268,0.014006284303840188,0.24076450628178775,0.296608592033741
Poisson,negative binomial,uncalibrated,100,1.5,1.2,Ref.p.val,1000,277,0.277,0.014151713677148785,0.24945344200701017,0.30586607658417697
Poisson,negative binomial,uncalibrated,100,1.5,1.35,DHA.p.val,1000,453,0.453,0.015741378592740853,0.4218247766291605,0.4844526857305389
Poisson,negative binomial,uncalibrated,100,1.5,1.35,Pear.p.val,1000,588,0.588,0.01556457516284977,0.5567718885375105,0.6187084856913778
Poisson,negative binomial,uncalibrated,100,1.5,1.35,Ref.p.val,1000,598,0.598,0.015504708962118573,0.5668593800648497,0.628561899167521
Poisson,negative binomial,uncalibrated,100,1.5,1.5,DHA.p.val,1000,707,0.707,0.014392741226048637,0.6777103418972616,0.7350652822207449
Poisson,negative binomial,uncalibrated,100,1.5,1.5,Pear.p.val,1000,810,0.81,0.012405643876881197,0.7842863111483663,0.8338734924612126
Poisson,negative binomial,uncalibrated,100,1.5,1.5,Ref.p.val,1000,817,0.817,0.012227469075814505,0.7916133754558675,0.8405041656691044
Poisson,negative binomial,uncalibrated,100,1.5,1.75,DHA.p.val,1000,916,0.916,0.008771772910877251,0.897057001008265,0.9324472580294167
Poisson,negative binomial,uncalibrated,100,1.5,1.75,Pear.p.val,1000,968,0.968,0.005565608681896351,0.9551240971649907,0.9780111503943576
Poisson,negative binomial,uncalibrated,100,1.5,1.75,Ref.p.val,1000,975,0.975,0.004937104414532877,0.963315176948077,0.9837574643031177
Poisson,negative binomial,uncalibrated,100,1.5,2,DHA.p.val,1000,976,0.976,0.004839834707921338,0.9644993614686408,0.9845636167664915
Poisson,negative binomial,uncalibrated,100,1.5,2,Pear.p.val,1000,990,0.99,0.003146426544510456,0.9816867569448876,0.9951944893089507
Poisson,negative binomial,uncalibrated,100,1.5,2,Ref.p.val,1000,990,0.99,0.003146426544510456,0.9816867569448876,0.9951944893089507
Poisson,negative binomial,uncalibrated,100,1.5,2.5,DHA.p.val,1000,1000,1,0,0.9963179161031344,1
Poisson,negative binomial,uncalibrated,100,1.5,2.5,Pear.p.val,1000,1000,1,0,0.9963179161031344,1
Poisson,negative binomial,uncalibrated,100,1.5,2.5,Ref.p.val,1000,1000,1,0,0.9963179161031344,1
Poisson,negative binomial,uncalibrated,100,1.5,3,DHA.p.val,1000,1000,1,0,0.9963179161031344,1
Poisson,negative binomial,uncalibrated,100,1.5,3,Pear.p.val,1000,1000,1,0,0.9963179161031344,1
Poisson,negative binomial,uncalibrated,100,1.5,3,Ref.p.val,1000,1000,1,0,0.9963179161031344,1
Poisson,negative binomial,uncalibrated,100,1.5,4,DHA.p.val,1000,1000,1,0,0.9963179161031344,1
Poisson,negative binomial,uncalibrated,100,1.5,4,Pear.p.val,1000,1000,1,0,0.9963179161031344,1
Poisson,negative binomial,uncalibrated,100,1.5,4,Ref.p.val,1000,1000,1,0,0.9963179161031344,1
Poisson,negative binomial,uncalibrated,100,1.5,5,DHA.p.val,1000,1000,1,0,0.9963179161031344,1
Poisson,negative binomial,uncalibrated,100,1.5,5,Pear.p.val,1000,1000,1,0,0.9963179161031344,1
Poisson,negative binomial,uncalibrated,100,1.5,5,Ref.p.val,1000,1000,1,0,0.9963179161031344,1
Poisson,negative binomial,uncalibrated,100,3,1,DHA.p.val,1000,52,0.052,0.007021111023192838,0.0390765349439805,0.06763501405050731
Poisson,negative binomial,uncalibrated,100,3,1,Pear.p.val,1000,44,0.044,0.006485676526007136,0.03214949701087143,0.058620419206330876
Poisson,negative binomial,uncalibrated,100,3,1,Ref.p.val,1000,48,0.048,0.006759881655768835,0.035600265342883276,0.06314011540150921
Poisson,negative binomial,uncalibrated,100,3,1.1,DHA.p.val,1000,82,0.082,0.008676174272108648,0.06574586027183191,0.10076286741531137
Poisson,negative binomial,uncalibrated,100,3,1.1,Pear.p.val,1000,107,0.107,0.009775019181566858,0.08852043664251635,0.12782864411706796
Poisson,negative binomial,uncalibrated,100,3,1.1,Ref.p.val,1000,115,0.115,0.010088359628799918,0.09588337997326378,0.13641556786283282
Poisson,negative binomial,uncalibrated,100,3,1.2,DHA.p.val,1000,201,0.201,0.012672766075328622,0.1765713352288398,0.227202595101185
Poisson,negative binomial,uncalibrated,100,3,1.2,Pear.p.val,1000,268,0.268,0.014006284303840188,0.24076450628178775,0.296608592033741
Poisson,negative binomial,uncalibrated,100,3,1.2,Ref.p.val,1000,273,0.273,0.014087973594523805,0.24558994058716585,0.3017533853353499
Poisson,negative binomial,uncalibrated,100,3,1.35,DHA.p.val,1000,427,0.427,0.015641962792437524,0.3960959112874336,0.45833509741389966
Poisson,negative binomial,uncalibrated,100,3,1.35,Pear.p.val,1000,558,0.558,0.01570464899321217,0.5265866448912516,0.5890709382229895
Poisson,negative binomial,uncalibrated,100,3,1.35,Ref.p.val,1000,551,0.551,0.015728922404284407,0.5195598572878697,0.5821390616137204
Poisson,negative binomial,uncalibrated,100,3,1.5,DHA.p.val,1000,662,0.662,0.014958475858188226,0.6317379065986055,0.6913047013179057
Poisson,negative binomial,uncalibrated,100,3,1.5,Pear.p.val,1000,793,0.793,0.012812142677944232,0.7665430496307405,0.8177190971426536
Poisson,negative binomial,uncalibrated,100,3,1.5,Ref.p.val,1000,797,0.797,0.012719709116170855,0.7707116767418589,0.8215264236759839
Poisson,negative binomial,uncalibrated,100,3,1.75,DHA.p.val,1000,917,0.917,0.008724161850859943,0.8981467032446243,0.9333510681911211
Poisson,negative binomial,uncalibrated,100,3,1.75,Pear.p.val,1000,973,0.973,0.005125524363418832,0.9609582531940298,0.9821330940747504
Poisson,negative binomial,uncalibrated,100,3,1.75,Ref.p.val,1000,974,0.974,0.005032295698784007,0.9621348775210785,0.9829472136543705
Poisson,negative binomial,uncalibrated,100,3,2,DHA.p.val,1000,987,0.987,0.0035820385257559714,0.9778721963632215,0.9930603824971486
Poisson,negative binomial,uncalibrated,100,3,2,Pear.p.val,1000,1000,1,0,0.9963179161031344,1
Poisson,negative binomial,uncalibrated,100,3,2,Ref.p.val,1000,999,0.999,9.994998749374613e-4,0.9944410757201734,0.9999746825125088
Poisson,negative binomial,uncalibrated,100,3,2.5,DHA.p.val,1000,999,0.999,9.994998749374613e-4,0.9944410757201734,0.9999746825125088
Poisson,negative binomial,uncalibrated,100,3,2.5,Pear.p.val,1000,1000,1,0,0.9963179161031344,1
Poisson,negative binomial,uncalibrated,100,3,2.5,Ref.p.val,1000,1000,1,0,0.9963179161031344,1
Poisson,negative binomial,uncalibrated,100,3,3,DHA.p.val,1000,1000,1,0,0.9963179161031344,1
Poisson,negative binomial,uncalibrated,100,3,3,Pear.p.val,1000,1000,1,0,0.9963179161031344,1
Poisson,negative binomial,uncalibrated,100,3,3,Ref.p.val,1000,1000,1,0,0.9963179161031344,1
Poisson,negative binomial,uncalibrated,100,3,4,DHA.p.val,1000,1000,1,0,0.9963179161031344,1
Poisson,negative binomial,uncalibrated,100,3,4,Pear.p.val,1000,1000,1,0,0.9963179161031344,1
Poisson,negative binomial,uncalibrated,100,3,4,Ref.p.val,1000,1000,1,0,0.9963179161031344,1
Poisson,negative binomial,uncalibrated,100,3,5,DHA.p.val,1000,1000,1,0,0.9963179161031344,1
Poisson,negative binomial,uncalibrated,100,3,5,Pear.p.val,1000,1000,1,0,0.9963179161031344,1
Poisson,negative binomial,uncalibrated,100,3,5,Ref.p.val,1000,1000,1,0,0.9963179161031344,1
Poisson,negative binomial,uncalibrated,200,-1.5,1,DHA.p.val,1000,5,0.005,0.0022304708023195463,0.0016254195175627606,0.011629470559812116
Poisson,negative binomial,uncalibrated,200,-1.5,1,Pear.p.val,1000,40,0.04,0.0061967733539318665,0.028727625285890793,0.05407269681936844
Poisson,negative binomial,uncalibrated,200,-1.5,1,Ref.p.val,1000,60,0.06,0.007509993342207435,0.04609503542248433,0.07656049040393476
Poisson,negative binomial,uncalibrated,200,-1.5,1.1,DHA.p.val,1000,45,0.045,0.0065555320150236475,0.03300962543114875,0.05975283269340781
Poisson,negative binomial,uncalibrated,200,-1.5,1.1,Pear.p.val,1000,183,0.183,0.012227469075814503,0.1594958343308956,0.20838662454413248
Poisson,negative binomial,uncalibrated,200,-1.5,1.1,Ref.p.val,1000,143,0.143,0.011070275515993266,0.12187864287589155,0.16624715659672173
Poisson,negative binomial,uncalibrated,200,-1.5,1.2,DHA.p.val,1000,134,0.134,0.010772372069326236,0.11348831145425936,0.15669281546729963
Poisson,negative binomial,uncalibrated,200,-1.5,1.2,Pear.p.val,1000,376,0.376,0.015317441039547044,0.3458810703459141,0.4068513760241379
Poisson,negative binomial,uncalibrated,200,-1.5,1.2,Ref.p.val,1000,328,0.328,0.014846413708367418,0.2989440008425646,0.3580726557706352
Poisson,negative binomial,uncalibrated,200,-1.5,1.35,DHA.p.val,1000,381,0.381,0.015357050498061143,0.35078884853297654,0.41191402530041954
Poisson,negative binomial,uncalibrated,200,-1.5,1.35,Pear.p.val,1000,677,0.677,0.014787528529135624,0.6470276352361596,0.70592606325204
Poisson,negative binomial,uncalibrated,200,-1.5,1.35,Ref.p.val,1000,608,0.608,0.015438134602341048,0.5769599775296484,0.6384021909745194
Poisson,negative binomial,uncalibrated,200,-1.5,1.5,DHA.p.val,1000,626,0.626,0.015301111070768685,0.5951746333550649,0.6560810897967033
Poisson,negative binomial,uncalibrated,200,-1.5,1.5,Pear.p.val,1000,838,0.838,0.011651437679531227,0.8136753450752311,0.8603148884154221
Poisson,negative binomial,uncalibrated,200,-1.5,1.5,Ref.p.val,1000,808,0.808,0.01245536029185828,0.7821951822437158,0.8319766825284644
Poisson,negative binomial,uncalibrated,200,-1.5,1.75,DHA.p.val,1000,849,0.849,0.01132249972400088,0.825284533961809,0.8706386379973464
Poisson,negative binomial,uncalibrated,200,-1.5,1.75,Pear.p.val,1000,946,0.946,0.0071473071852271785,0.9301259944229326,0.9591766488743693
Poisson,negative binomial,uncalibrated,200,-1.5,1.75,Ref.p.val,1000,926,0.926,0.008277922444671728,0.9079882639857509,0.9414505557393473
Poisson,negative binomial,uncalibrated,200,-1.5,2,DHA.p.val,1000,921,0.921,0.008529888627643386,0.9025129050930988,0.9369587971905401
Poisson,negative binomial,uncalibrated,200,-1.5,2,Pear.p.val,1000,977,0.977,0.004740358636221528,0.9656876623871457,0.9853654176748232
Poisson,negative binomial,uncalibrated,200,-1.5,2,Ref.p.val,1000,951,0.951,0.006826346021115546,0.9357339468598304,0.9635329408279522
Poisson,negative binomial,uncalibrated,200,-1.5,2.5,DHA.p.val,1000,980,0.98,0.0044271887242357325,0.9692799673173909,0.9877417320275936
Poisson,negative binomial,uncalibrated,200,-1.5,2.5,Pear.p.val,1000,994,0.994,0.002442130217658347,0.9869865767290255,0.9977950175148487
Poisson,negative binomial,uncalibrated,200,-1.5,2.5,Ref.p.val,1000,981,0.981,0.004317290817167639,0.9704875983749022,0.988522963006899
Poisson,negative binomial,uncalibrated,200,-1.5,3,DHA.p.val,1000,992,0.992,0.0028170906978654425,0.9842979508239253,0.9965400238346707
Poisson,negative binomial,uncalibrated,200,-1.5,3,Pear.p.val,1000,997,0.997,0.0017294507798720387,0.9912579767615217,0.9993809000683505
Poisson,negative binomial,uncalibrated,200,-1.5,3,Ref.p.val,1000,992,0.992,0.0028170906978654425,0.9842979508239253,0.9965400238346707
Poisson,negative binomial,uncalibrated,200,-1.5,4,DHA.p.val,1000,998,0.998,0.0014127986409959495,0.9927941610885425,0.9997576988831227
Poisson,negative binomial,uncalibrated,200,-1.5,4,Pear.p.val,1000,999,0.999,9.994998749374613e-4,0.9944410757201734,0.9999746825125088
Poisson,negative binomial,uncalibrated,200,-1.5,4,Ref.p.val,1000,990,0.99,0.003146426544510456,0.9816867569448876,0.9951944893089507
Poisson,negative binomial,uncalibrated,200,-1.5,5,DHA.p.val,1000,997,0.997,0.0017294507798720387,0.9912579767615217,0.9993809000683505
Poisson,negative binomial,uncalibrated,200,-1.5,5,Pear.p.val,1000,999,0.999,9.994998749374613e-4,0.9944410757201734,0.9999746825125088
Poisson,negative binomial,uncalibrated,200,-1.5,5,Ref.p.val,1000,994,0.994,0.002442130217658347,0.9869865767290255,0.9977950175148487
Poisson,negative binomial,uncalibrated,200,0,1,DHA.p.val,1000,31,0.031,0.0054807846153630225,0.021158171970208632,0.043715085006238885
Poisson,negative binomial,uncalibrated,200,0,1,Pear.p.val,1000,51,0.051,0.00695693898205238,0.038205236774686166,0.06651346159493476
Poisson,negative binomial,uncalibrated,200,0,1,Ref.p.val,1000,53,0.053,0.00708456067798138,0.03994925236001938,0.06875518328996322
Poisson,negative binomial,uncalibrated,200,0,1.1,DHA.p.val,1000,98,0.098,0.009401914698613257,0.08027750545100507,0.1181284544312361
Poisson,negative binomial,uncalibrated,200,0,1.1,Pear.p.val,1000,160,0.16,0.01159310139695155,0.13780518522188337,0.1842167527585027
Poisson,negative binomial,uncalibrated,200,0,1.1,Ref.p.val,1000,167,0.167,0.01179453263168999,0.14439030619474666,0.19158907017630922
Poisson,negative binomial,uncalibrated,200,0,1.2,DHA.p.val,1000,290,0.29,0.01434921600645833,0.2620287150449473,0.31921349011847433
Poisson,negative binomial,uncalibrated,200,0,1.2,Pear.p.val,1000,450,0.45,0.015732132722552274,0.4188517096799507,0.48144346662340654
Poisson,negative binomial,uncalibrated,200,0,1.2,Ref.p.val,1000,463,0.463,0.015768037290671277,0.43174313655264623,0.49447528364059623
Poisson,negative binomial,uncalibrated,200,0,1.35,DHA.p.val,1000,632,0.632,0.015250442616527561,0.6012559400774757,0.6619642863850408
Poisson,negative binomial,uncalibrated,200,0,1.35,Pear.p.val,1000,806,0.806,0.012504559168559281,0.7801050610268592,0.8300788590524634
Poisson,negative binomial,uncalibrated,200,0,1.35,Ref.p.val,1000,805,0.805,0.012528966437819202,0.7790603746073284,0.8291295709770186
Poisson,negative binomial,uncalibrated,200,0,1.5,DHA.p.val,1000,863,0.863,0.010873407929439602,0.8401190348945826,0.8837183105663188
Poisson,negative binomial,uncalibrated,200,0,1.5,Pear.p.val,1000,946,0.946,0.0071473071852271785,0.9301259944229326,0.9591766488743693
Poisson,negative binomial,uncalibrated,200,0,1.5,Ref.p.val,1000,945,0.945,0.007209368904418752,0.9290084844579425,0.958301204920464
Poisson,negative binomial,uncalibrated,200,0,1.75,DHA.p.val,1000,984,0.984,0.00396787096564392,0.9741467509186266,0.9908276807307779
Poisson,negative binomial,uncalibrated,200,0,1.75,Pear.p.val,1000,999,0.999,9.994998749374613e-4,0.9944410757201734,0.9999746825125088
Poisson,negative binomial,uncalibrated,200,0,1.75,Ref.p.val,1000,999,0.999,9.994998749374613e-4,0.9944410757201734,0.9999746825125088
Poisson,negative binomial,uncalibrated,200,0,2,DHA.p.val,1000,1000,1,0,0.9963179161031344,1
Poisson,negative binomial,uncalibrated,200,0,2,Pear.p.val,1000,999,0.999,9.994998749374613e-4,0.9944410757201734,0.9999746825125088
Poisson,negative binomial,uncalibrated,200,0,2,Ref.p.val,1000,1000,1,0,0.9963179161031344,1
Poisson,negative binomial,uncalibrated,200,0,2.5,DHA.p.val,1000,1000,1,0,0.9963179161031344,1
Poisson,negative binomial,uncalibrated,200,0,2.5,Pear.p.val,1000,1000,1,0,0.9963179161031344,1
Poisson,negative binomial,uncalibrated,200,0,2.5,Ref.p.val,1000,1000,1,0,0.9963179161031344,1
Poisson,negative binomial,uncalibrated,200,0,3,DHA.p.val,1000,1000,1,0,0.9963179161031344,1
Poisson,negative binomial,uncalibrated,200,0,3,Pear.p.val,1000,1000,1,0,0.9963179161031344,1
Poisson,negative binomial,uncalibrated,200,0,3,Ref.p.val,1000,1000,1,0,0.9963179161031344,1
Poisson,negative binomial,uncalibrated,200,0,4,DHA.p.val,1000,1000,1,0,0.9963179161031344,1
Poisson,negative binomial,uncalibrated,200,0,4,Pear.p.val,1000,1000,1,0,0.9963179161031344,1
Poisson,negative binomial,uncalibrated,200,0,4,Ref.p.val,1000,1000,1,0,0.9963179161031344,1
Poisson,negative binomial,uncalibrated,200,0,5,DHA.p.val,1000,1000,1,0,0.9963179161031344,1
Poisson,negative binomial,uncalibrated,200,0,5,Pear.p.val,1000,1000,1,0,0.9963179161031344,1
Poisson,negative binomial,uncalibrated,200,0,5,Ref.p.val,1000,1000,1,0,0.9963179161031344,1
Poisson,negative binomial,uncalibrated,200,1.5,1,DHA.p.val,1000,41,0.041,0.006270486424512854,0.02958016853403611,0.05521245931529928
Poisson,negative binomial,uncalibrated,200,1.5,1,Pear.p.val,1000,60,0.06,0.007509993342207435,0.04609503542248433,0.07656049040393476
Poisson,negative binomial,uncalibrated,200,1.5,1,Ref.p.val,1000,63,0.063,0.007683163410991596,0.04874692755658056,0.07988804187335452
Poisson,negative binomial,uncalibrated,200,1.5,1.1,DHA.p.val,1000,128,0.128,0.010564847372300274,0.10791224133119763,0.1503059285748708
Poisson,negative binomial,uncalibrated,200,1.5,1.1,Pear.p.val,1000,168,0.168,0.011822690049223147,0.1453322492747272,0.19264105541450527
Poisson,negative binomial,uncalibrated,200,1.5,1.1,Ref.p.val,1000,182,0.182,0.012201475320632338,0.158549653311438,0.20733884949016523
Poisson,negative binomial,uncalibrated,200,1.5,1.2,DHA.p.val,1000,363,0.363,0.015206281596761254,0.3331368399380181,0.3936725204750732
Poisson,negative binomial,uncalibrated,200,1.5,1.2,Pear.p.val,1000,463,0.463,0.015768037290671277,0.43174313655264623,0.49447528364059623
Poisson,negative binomial,uncalibrated,200,1.5,1.2,Ref.p.val,1000,465,0.465,0.01577260282895629,0.43372830683697783,0.4964783056269997
Poisson,negative binomial,uncalibrated,200,1.5,1.35,DHA.p.val,1000,727,0.727,0.014087973594523805,0.6982466146646501,0.7544100594128341
Poisson,negative binomial,uncalibrated,200,1.5,1.35,Pear.p.val,1000,849,0.849,0.01132249972400088,0.825284533961809,0.8706386379973464
Poisson,negative binomial,uncalibrated,200,1.5,1.35,Ref.p.val,1000,854,0.854,0.011166198995181844,0.830574624546146,0.8753179617106233
Poisson,negative binomial,uncalibrated,200,1.5,1.5,DHA.p.val,1000,901,0.901,0.009444522221901962,0.8807915173137935,0.9188088710530313
Poisson,negative binomial,uncalibrated,200,1.5,1.5,Pear.p.val,1000,960,0.96,0.00619677335393187,0.9459273031806316,0.9712723747141092
Poisson,negative binomial,uncalibrated,200,1.5,1.5,Ref.p.val,1000,964,0.964,0.005891010100144119,0.9505070882819876,0.9746610850701622
Poisson,negative binomial,uncalibrated,200,1.5,1.75,DHA.p.val,1000,997,0.997,0.0017294507798720387,0.9912579767615217,0.9993809000683505
Poisson,negative binomial,uncalibrated,200,1.5,1.75,Pear.p.val,1000,1000,1,0,0.9963179161031344,1
Poisson,negative binomial,uncalibrated,200,1.5,1.75,Ref.p.val,1000,1000,1,0,0.9963179161031344,1
Poisson,negative binomial,uncalibrated,200,1.5,2,DHA.p.val,1000,999,0.999,9.994998749374613e-4,0.9944410757201734,0.9999746825125088
Poisson,negative binomial,uncalibrated,200,1.5,2,Pear.p.val,1000,1000,1,0,0.9963179161031344,1
Poisson,negative binomial,uncalibrated,200,1.5,2,Ref.p.val,1000,1000,1,0,0.9963179161031344,1
Poisson,negative binomial,uncalibrated,200,1.5,2.5,DHA.p.val,1000,1000,1,0,0.9963179161031344,1
Poisson,negative binomial,uncalibrated,200,1.5,2.5,Pear.p.val,1000,1000,1,0,0.9963179161031344,1
Poisson,negative binomial,uncalibrated,200,1.5,2.5,Ref.p.val,1000,1000,1,0,0.9963179161031344,1
Poisson,negative binomial,uncalibrated,200,1.5,3,DHA.p.val,1000,1000,1,0,0.9963179161031344,1
Poisson,negative binomial,uncalibrated,200,1.5,3,Pear.p.val,1000,1000,1,0,0.9963179161031344,1
Poisson,negative binomial,uncalibrated,200,1.5,3,Ref.p.val,1000,1000,1,0,0.9963179161031344,1
Poisson,negative binomial,uncalibrated,200,1.5,4,DHA.p.val,1000,1000,1,0,0.9963179161031344,1
Poisson,negative binomial,uncalibrated,200,1.5,4,Pear.p.val,1000,1000,1,0,0.9963179161031344,1
Poisson,negative binomial,uncalibrated,200,1.5,4,Ref.p.val,1000,1000,1,0,0.9963179161031344,1
Poisson,negative binomial,uncalibrated,200,1.5,5,DHA.p.val,1000,1000,1,0,0.9963179161031344,1
Poisson,negative binomial,uncalibrated,200,1.5,5,Pear.p.val,1000,1000,1,0,0.9963179161031344,1
Poisson,negative binomial,uncalibrated,200,1.5,5,Ref.p.val,1000,1000,1,0,0.9963179161031344,1
Poisson,negative binomial,uncalibrated,200,3,1,DHA.p.val,1000,52,0.052,0.007021111023192838,0.0390765349439805,0.06763501405050731
Poisson,negative binomial,uncalibrated,200,3,1,Pear.p.val,1000,45,0.045,0.0065555320150236475,0.03300962543114875,0.05975283269340781
Poisson,negative binomial,uncalibrated,200,3,1,Ref.p.val,1000,52,0.052,0.007021111023192838,0.0390765349439805,0.06763501405050731
Poisson,negative binomial,uncalibrated,200,3,1.1,DHA.p.val,1000,140,0.14,0.010972693379476163,0.1190784973813558,0.1630657152009547
Poisson,negative binomial,uncalibrated,200,3,1.1,Pear.p.val,1000,170,0.17,0.011878552100319299,0.14721702235246859,0.19474414507120374
Poisson,negative binomial,uncalibrated,200,3,1.1,Ref.p.val,1000,184,0.184,0.012253326079069307,0.16044228318478804,0.20943413341452866
Poisson,negative binomial,uncalibrated,200,3,1.2,DHA.p.val,1000,380,0.38,0.015349267083479915,0.3498070219932072,0.4109017659382993
Poisson,negative binomial,uncalibrated,200,3,1.2,Pear.p.val,1000,454,0.454,0.015744332313566048,0.422816049720399,0.4854555081333789
Poisson,negative binomial,uncalibrated,200,3,1.2,Ref.p.val,1000,488,0.488,0.01580683396509244,0.4565934946491749,0.5194773407496998
Poisson,negative binomial,uncalibrated,200,3,1.35,DHA.p.val,1000,755,0.755,0.013600551459407815,0.7271158955377267,0.7813738416061394
Poisson,negative binomial,uncalibrated,200,3,1.35,Pear.p.val,1000,857,0.857,0.011070275515993268,0.8337528434032783,0.8781213571241084
Poisson,negative binomial,uncalibrated,200,3,1.35,Ref.p.val,1000,864,0.864,0.010839926199010766,0.8411813690859783,0.8846498223761183
Poisson,negative binomial,uncalibrated,200,3,1.5,DHA.p.val,1000,939,0.939,0.007568289106528638,0.9223292259508764,0.9530221244589198
Poisson,negative binomial,uncalibrated,200,3,1.5,Pear.p.val,1000,980,0.98,0.0044271887242357325,0.9692799673173909,0.9877417320275936
Poisson,negative binomial,uncalibrated,200,3,1.5,Ref.p.val,1000,979,0.979,0.00453420334788814,0.9680776648195845,0.9869548077096123
Poisson,negative binomial,uncalibrated,200,3,1.75,DHA.p.val,1000,997,0.997,0.0017294507798720387,0.9912579767615217,0.9993809000683505
Poisson,negative binomial,uncalibrated,200,3,1.75,Pear.p.val,1000,1000,1,0,0.9963179161031344,1
Poisson,negative binomial,uncalibrated,200,3,1.75,Ref.p.val,1000,1000,1,0,0.9963179161031344,1
Poisson,negative binomial,uncalibrated,200,3,2,DHA.p.val,1000,1000,1,0,0.9963179161031344,1
Poisson,negative binomial,uncalibrated,200,3,2,Pear.p.val,1000,1000,1,0,0.9963179161031344,1
Poisson,negative binomial,uncalibrated,200,3,2,Ref.p.val,1000,1000,1,0,0.9963179161031344,1
Poisson,negative binomial,uncalibrated,200,3,2.5,DHA.p.val,1000,1000,1,0,0.9963179161031344,1
Poisson,negative binomial,uncalibrated,200,3,2.5,Pear.p.val,1000,1000,1,0,0.9963179161031344,1
Poisson,negative binomial,uncalibrated,200,3,2.5,Ref.p.val,1000,1000,1,0,0.9963179161031344,1
Poisson,negative binomial,uncalibrated,200,3,3,DHA.p.val,1000,1000,1,0,0.9963179161031344,1
Poisson,negative binomial,uncalibrated,200,3,3,Pear.p.val,1000,1000,1,0,0.9963179161031344,1
Poisson,negative binomial,uncalibrated,200,3,3,Ref.p.val,1000,1000,1,0,0.9963179161031344,1
Poisson,negative binomial,uncalibrated,200,3,4,DHA.p.val,1000,1000,1,0,0.9963179161031344,1
Poisson,negative binomial,uncalibrated,200,3,4,Pear.p.val,1000,1000,1,0,0.9963179161031344,1
Poisson,negative binomial,uncalibrated,200,3,4,Ref.p.val,1000,1000,1,0,0.9963179161031344,1
Poisson,negative binomial,uncalibrated,200,3,5,DHA.p.val,1000,1000,1,0,0.9963179161031344,1
Poisson,negative binomial,uncalibrated,200,3,5,Pear.p.val,1000,1000,1,0,0.9963179161031344,1
Poisson,negative binomial,uncalibrated,200,3,5,Ref.p.val,1000,1000,1,0,0.9963179161031344,1
Poisson,negative binomial,uncalibrated,500,-1.5,1,DHA.p.val,1000,9,0.009,0.002986469487538756,0.004123395660342473,0.017015783069894597
Poisson,negative binomial,uncalibrated,500,-1.5,1,Pear.p.val,1000,51,0.051,0.00695693898205238,0.038205236774686166,0.06651346159493476
Poisson,negative binomial,uncalibrated,500,-1.5,1,Ref.p.val,1000,62,0.062,0.007626008130076967,0.04786184811336121,0.07877994966103252
Poisson,negative binomial,uncalibrated,500,-1.5,1.1,DHA.p.val,1000,126,0.126,0.010493998284733994,0.10605683226247975,0.14817371647102673
Poisson,negative binomial,uncalibrated,500,-1.5,1.1,Pear.p.val,1000,349,0.349,0.01507312177354114,0.3194385977329679,0.37945363914605235
Poisson,negative binomial,uncalibrated,500,-1.5,1.1,Ref.p.val,1000,296,0.296,0.01443551176785915,0.26784219751988914,0.32536435340493397
Poisson,negative binomial,uncalibrated,500,-1.5,1.2,DHA.p.val,1000,401,0.401,0.015498354751392161,0.3704534785094145,0.4321311525913314
Poisson,negative binomial,uncalibrated,500,-1.5,1.2,Pear.p.val,1000,702,0.702,0.01446360950800318,0.6725866614539603,0.7302186685854952
Poisson,negative binomial,uncalibrated,500,-1.5,1.2,Ref.p.val,1000,632,0.632,0.015250442616527561,0.6012559400774757,0.6619642863850408
Poisson,negative binomial,uncalibrated,500,-1.5,1.35,DHA.p.val,1000,797,0.797,0.012719709116170855,0.7707116767418589,0.8215264236759839
Poisson,negative binomial,uncalibrated,500,-1.5,1.35,Pear.p.val,1000,945,0.945,0.007209368904418752,0.9290084844579425,0.958301204920464
Poisson,negative binomial,uncalibrated,500,-1.5,1.35,Ref.p.val,1000,921,0.921,0.008529888627643386,0.9025129050930988,0.9369587971905401
Poisson,negative binomial,uncalibrated,500,-1.5,1.5,DHA.p.val,1000,959,0.959,0.006270486424512857,0.9447875406847007,0.9704198314659639
Poisson,negative binomial,uncalibrated,500,-1.5,1.5,Pear.p.val,1000,994,0.994,0.002442130217658347,0.9869865767290255,0.9977950175148487
Poisson,negative binomial,uncalibrated,500,-1.5,1.5,Ref.p.val,1000,993,0.993,0.002636474919281427,0.9856308050210814,0.9971811412403795
Poisson,negative binomial,uncalibrated,500,-1.5,1.75,DHA.p.val,1000,1000,1,0,0.9963179161031344,1
Poisson,negative binomial,uncalibrated,500,-1.5,1.75,Pear.p.val,1000,1000,1,0,0.9963179161031344,1
Poisson,negative binomial,uncalibrated,500,-1.5,1.75,Ref.p.val,1000,1000,1,0,0.9963179161031344,1
Poisson,negative binomial,uncalibrated,500,-1.5,2,DHA.p.val,1000,1000,1,0,0.9963179161031344,1
Poisson,negative binomial,uncalibrated,500,-1.5,2,Pear.p.val,1000,1000,1,0,0.9963179161031344,1
Poisson,negative binomial,uncalibrated,500,-1.5,2,Ref.p.val,1000,1000,1,0,0.9963179161031344,1
Poisson,negative binomial,uncalibrated,500,-1.5,2.5,DHA.p.val,1000,1000,1,0,0.9963179161031344,1
Poisson,negative binomial,uncalibrated,500,-1.5,2.5,Pear.p.val,1000,1000,1,0,0.9963179161031344,1
Poisson,negative binomial,uncalibrated,500,-1.5,2.5,Ref.p.val,1000,1000,1,0,0.9963179161031344,1
Poisson,negative binomial,uncalibrated,500,-1.5,3,DHA.p.val,1000,1000,1,0,0.9963179161031344,1
Poisson,negative binomial,uncalibrated,500,-1.5,3,Pear.p.val,1000,1000,1,0,0.9963179161031344,1
Poisson,negative binomial,uncalibrated,500,-1.5,3,Ref.p.val,1000,1000,1,0,0.9963179161031344,1
Poisson,negative binomial,uncalibrated,500,-1.5,4,DHA.p.val,1000,1000,1,0,0.9963179161031344,1
Poisson,negative binomial,uncalibrated,500,-1.5,4,Pear.p.val,1000,1000,1,0,0.9963179161031344,1
Poisson,negative binomial,uncalibrated,500,-1.5,4,Ref.p.val,1000,1000,1,0,0.9963179161031344,1
Poisson,negative binomial,uncalibrated,500,-1.5,5,DHA.p.val,1000,1000,1,0,0.9963179161031344,1
Poisson,negative binomial,uncalibrated,500,-1.5,5,Pear.p.val,1000,1000,1,0,0.9963179161031344,1
Poisson,negative binomial,uncalibrated,500,-1.5,5,Ref.p.val,1000,1000,1,0,0.9963179161031344,1
Poisson,negative binomial,uncalibrated,500,0,1,DHA.p.val,1000,39,0.039,0.006122009474020765,0.02787714879533642,0.052930935785445055
Poisson,negative binomial,uncalibrated,500,0,1,Pear.p.val,1000,62,0.062,0.007626008130076967,0.04786184811336121,0.07877994966103252
Poisson,negative binomial,uncalibrated,500,0,1,Ref.p.val,1000,65,0.065,0.007795832219846705,0.05052030968961793,0.082101069921371
Poisson,negative binomial,uncalibrated,500,0,1.1,DHA.p.val,1000,210,0.21,0.01288021738946979,0.18513884636850597,0.2365809848578132
Poisson,negative binomial,uncalibrated,500,0,1.1,Pear.p.val,1000,330,0.33,0.014869431730903503,0.30089307541900645,0.36011172565397365
Poisson,negative binomial,uncalibrated,500,0,1.1,Ref.p.val,1000,317,0.317,0.014714312760030624,0.2882348567258518,0.3468470305589002
Poisson,negative binomial,uncalibrated,500,0,1.2,DHA.p.val,1000,616,0.616,0.015379986996093333,0.5850500048195575,0.6462648624488312
Poisson,negative binomial,uncalibrated,500,0,1.2,Pear.p.val,1000,781,0.781,0.013078187947877183,0.7540590951943787,0.8062750780167759
Poisson,negative binomial,uncalibrated,500,0,1.2,Ref.p.val,1000,758,0.758,0.013543854695026818,0.7302177554526308,0.7842540621318352
Poisson,negative binomial,uncalibrated,500,0,1.35,DHA.p.val,1000,964,0.964,0.005891010100144119,0.9505070882819876,0.9746610850701622
Poisson,negative binomial,uncalibrated,500,0,1.35,Pear.p.val,1000,993,0.993,0.002636474919281427,0.9856308050210814,0.9971811412403795
Poisson,negative binomial,uncalibrated,500,0,1.35,Ref.p.val,1000,992,0.992,0.0028170906978654425,0.9842979508239253,0.9965400238346707
Poisson,negative binomial,uncalibrated,500,0,1.5,DHA.p.val,1000,1000,1,0,0.9963179161031344,1
Poisson,negative binomial,uncalibrated,500,0,1.5,Pear.p.val,1000,1000,1,0,0.9963179161031344,1
Poisson,negative binomial,uncalibrated,500,0,1.5,Ref.p.val,1000,1000,1,0,0.9963179161031344,1
Poisson,negative binomial,uncalibrated,500,0,1.75,DHA.p.val,1000,1000,1,0,0.9963179161031344,1
Poisson,negative binomial,uncalibrated,500,0,1.75,Pear.p.val,1000,1000,1,0,0.9963179161031344,1
Poisson,negative binomial,uncalibrated,500,0,1.75,Ref.p.val,1000,1000,1,0,0.9963179161031344,1
Poisson,negative binomial,uncalibrated,500,0,2,DHA.p.val,1000,1000,1,0,0.9963179161031344,1
Poisson,negative binomial,uncalibrated,500,0,2,Pear.p.val,1000,1000,1,0,0.9963179161031344,1
Poisson,negative binomial,uncalibrated,500,0,2,Ref.p.val,1000,1000,1,0,0.9963179161031344,1
Poisson,negative binomial,uncalibrated,500,0,2.5,DHA.p.val,1000,1000,1,0,0.9963179161031344,1
Poisson,negative binomial,uncalibrated,500,0,2.5,Pear.p.val,1000,1000,1,0,0.9963179161031344,1
Poisson,negative binomial,uncalibrated,500,0,2.5,Ref.p.val,1000,1000,1,0,0.9963179161031344,1
Poisson,negative binomial,uncalibrated,500,0,3,DHA.p.val,1000,1000,1,0,0.9963179161031344,1
Poisson,negative binomial,uncalibrated,500,0,3,Pear.p.val,1000,1000,1,0,0.9963179161031344,1
Poisson,negative binomial,uncalibrated,500,0,3,Ref.p.val,1000,1000,1,0,0.9963179161031344,1
Poisson,negative binomial,uncalibrated,500,0,4,DHA.p.val,1000,1000,1,0,0.9963179161031344,1
Poisson,negative binomial,uncalibrated,500,0,4,Pear.p.val,1000,1000,1,0,0.9963179161031344,1
Poisson,negative binomial,uncalibrated,500,0,4,Ref.p.val,1000,1000,1,0,0.9963179161031344,1
Poisson,negative binomial,uncalibrated,500,0,5,DHA.p.val,1000,1000,1,0,0.9963179161031344,1
Poisson,negative binomial,uncalibrated,500,0,5,Pear.p.val,1000,1000,1,0,0.9963179161031344,1
Poisson,negative binomial,uncalibrated,500,0,5,Ref.p.val,1000,1000,1,0,0.9963179161031344,1
Poisson,negative binomial,uncalibrated,500,1.5,1,DHA.p.val,1000,55,0.055,0.00720936890441875,0.04169879507953599,0.07099151554205752
Poisson,negative binomial,uncalibrated,500,1.5,1,Pear.p.val,1000,46,0.046,0.006624499981130651,0.033871498547677924,0.060883552713742684
Poisson,negative binomial,uncalibrated,500,1.5,1,Ref.p.val,1000,53,0.053,0.00708456067798138,0.03994925236001938,0.06875518328996322
Poisson,negative binomial,uncalibrated,500,1.5,1.1,DHA.p.val,1000,280,0.28,0.014198591479439079,0.2523528830034036,0.30894878601906306
Poisson,negative binomial,uncalibrated,500,1.5,1.1,Pear.p.val,1000,366,0.366,0.01523299051401267,0.3360757487848026,0.39671585879636684
Poisson,negative binomial,uncalibrated,500,1.5,1.1,Ref.p.val,1000,408,0.408,0.015541428505771277,0.377348584444601,0.4391946775594001
Poisson,negative binomial,uncalibrated,500,1.5,1.2,DHA.p.val,1000,717,0.717,0.014244683218660919,0.6879700381683814,0.7447461374617574
Poisson,negative binomial,uncalibrated,500,1.5,1.2,Pear.p.val,1000,811,0.811,0.012380589646701,0.7853322572510838,0.8348215135328766
Poisson,negative binomial,uncalibrated,500,1.5,1.2,Ref.p.val,1000,843,0.843,0.01150439046625244,0.8189474466392858,0.8650123407930691
Poisson,negative binomial,uncalibrated,500,1.5,1.35,DHA.p.val,1000,990,0.99,0.003146426544510456,0.9816867569448876,0.9951944893089507
Poisson,negative binomial,uncalibrated,500,1.5,1.35,Pear.p.val,1000,994,0.994,0.002442130217658347,0.9869865767290255,0.9977950175148487
Poisson,negative binomial,uncalibrated,500,1.5,1.35,Ref.p.val,1000,996,0.996,0.0019959959919799443,0.9897903353160701,0.9989090920122741
Poisson,negative binomial,uncalibrated,500,1.5,1.5,DHA.p.val,1000,1000,1,0,0.9963179161031344,1
Poisson,negative binomial,uncalibrated,500,1.5,1.5,Pear.p.val,1000,1000,1,0,0.9963179161031344,1
Poisson,negative binomial,uncalibrated,500,1.5,1.5,Ref.p.val,1000,1000,1,0,0.9963179161031344,1
Poisson,negative binomial,uncalibrated,500,1.5,1.75,DHA.p.val,1000,1000,1,0,0.9963179161031344,1
Poisson,negative binomial,uncalibrated,500,1.5,1.75,Pear.p.val,1000,1000,1,0,0.9963179161031344,1
Poisson,negative binomial,uncalibrated,500,1.5,1.75,Ref.p.val,1000,1000,1,0,0.9963179161031344,1
Poisson,negative binomial,uncalibrated,500,1.5,2,DHA.p.val,1000,1000,1,0,0.9963179161031344,1
Poisson,negative binomial,uncalibrated,500,1.5,2,Pear.p.val,1000,1000,1,0,0.9963179161031344,1
Poisson,negative binomial,uncalibrated,500,1.5,2,Ref.p.val,1000,1000,1,0,0.9963179161031344,1
Poisson,negative binomial,uncalibrated,500,1.5,2.5,DHA.p.val,1000,1000,1,0,0.9963179161031344,1
Poisson,negative binomial,uncalibrated,500,1.5,2.5,Pear.p.val,1000,1000,1,0,0.9963179161031344,1
Poisson,negative binomial,uncalibrated,500,1.5,2.5,Ref.p.val,1000,1000,1,0,0.9963179161031344,1
Poisson,negative binomial,uncalibrated,500,1.5,3,DHA.p.val,1000,1000,1,0,0.9963179161031344,1
Poisson,negative binomial,uncalibrated,500,1.5,3,Pear.p.val,1000,1000,1,0,0.9963179161031344,1
Poisson,negative binomial,uncalibrated,500,1.5,3,Ref.p.val,1000,1000,1,0,0.9963179161031344,1
Poisson,negative binomial,uncalibrated,500,1.5,4,DHA.p.val,1000,1000,1,0,0.9963179161031344,1
Poisson,negative binomial,uncalibrated,500,1.5,4,Pear.p.val,1000,1000,1,0,0.9963179161031344,1
Poisson,negative binomial,uncalibrated,500,1.5,4,Ref.p.val,1000,1000,1,0,0.9963179161031344,1
Poisson,negative binomial,uncalibrated,500,1.5,5,DHA.p.val,1000,1000,1,0,0.9963179161031344,1
Poisson,negative binomial,uncalibrated,500,1.5,5,Pear.p.val,1000,1000,1,0,0.9963179161031344,1
Poisson,negative binomial,uncalibrated,500,1.5,5,Ref.p.val,1000,1000,1,0,0.9963179161031344,1
Poisson,negative binomial,uncalibrated,500,3,1,DHA.p.val,1000,49,0.049,0.006826346021115542,0.03646705917204781,0.06426605314016964
Poisson,negative binomial,uncalibrated,500,3,1,Pear.p.val,1000,38,0.038,0.006046155803483731,0.027028815982983928,0.05178710362196415
Poisson,negative binomial,uncalibrated,500,3,1,Ref.p.val,1000,45,0.045,0.0065555320150236475,0.03300962543114875,0.05975283269340781
Poisson,negative binomial,uncalibrated,500,3,1.1,DHA.p.val,1000,287,0.287,0.01430492922037715,0.25912420282271126,0.3161358360754747
Poisson,negative binomial,uncalibrated,500,3,1.1,Pear.p.val,1000,344,0.344,0.015022117027902558,0.3145531139215216,0.3743687345521477
Poisson,negative binomial,uncalibrated,500,3,1.1,Ref.p.val,1000,363,0.363,0.015206281596761254,0.3331368399380181,0.3936725204750732
Poisson,negative binomial,uncalibrated,500,3,1.2,DHA.p.val,1000,704,0.704,0.014435511767859151,0.674635646595066,0.7321578024801109
Poisson,negative binomial,uncalibrated,500,3,1.2,Pear.p.val,1000,826,0.826,0.011988494484296184,0.8010531420069635,0.8490099415239745
Poisson,negative binomial,uncalibrated,500,3,1.2,Ref.p.val,1000,826,0.826,0.011988494484296184,0.8010531420069635,0.8490099415239745
Poisson,negative binomial,uncalibrated,500,3,1.35,DHA.p.val,1000,984,0.984,0.00396787096564392,0.9741467509186266,0.9908276807307779
Poisson,negative binomial,uncalibrated,500,3,1.35,Pear.p.val,1000,992,0.992,0.0028170906978654425,0.9842979508239253,0.9965400238346707
Poisson,negative binomial,uncalibrated,500,3,1.35,Ref.p.val,1000,992,0.992,0.0028170906978654425,0.9842979508239253,0.9965400238346707
Poisson,negative binomial,uncalibrated,500,3,1.5,DHA.p.val,1000,998,0.998,0.0014127986409959495,0.9927941610885425,0.9997576988831227
Poisson,negative binomial,uncalibrated,500,3,1.5,Pear.p.val,1000,1000,1,0,0.9963179161031344,1
Poisson,negative binomial,uncalibrated,500,3,1.5,Ref.p.val,1000,1000,1,0,0.9963179161031344,1
Poisson,negative binomial,uncalibrated,500,3,1.75,DHA.p.val,1000,1000,1,0,0.9963179161031344,1
Poisson,negative binomial,uncalibrated,500,3,1.75,Pear.p.val,1000,1000,1,0,0.9963179161031344,1
Poisson,negative binomial,uncalibrated,500,3,1.75,Ref.p.val,1000,1000,1,0,0.9963179161031344,1
Poisson,negative binomial,uncalibrated,500,3,2,DHA.p.val,1000,1000,1,0,0.9963179161031344,1
Poisson,negative binomial,uncalibrated,500,3,2,Pear.p.val,1000,1000,1,0,0.9963179161031344,1
Poisson,negative binomial,uncalibrated,500,3,2,Ref.p.val,1000,1000,1,0,0.9963179161031344,1
Poisson,negative binomial,uncalibrated,500,3,2.5,DHA.p.val,1000,1000,1,0,0.9963179161031344,1
Poisson,negative binomial,uncalibrated,500,3,2.5,Pear.p.val,1000,1000,1,0,0.9963179161031344,1
Poisson,negative binomial,uncalibrated,500,3,2.5,Ref.p.val,1000,1000,1,0,0.9963179161031344,1
Poisson,negative binomial,uncalibrated,500,3,3,DHA.p.val,1000,1000,1,0,0.9963179161031344,1
Poisson,negative binomial,uncalibrated,500,3,3,Pear.p.val,1000,1000,1,0,0.9963179161031344,1
Poisson,negative binomial,uncalibrated,500,3,3,Ref.p.val,1000,1000,1,0,0.9963179161031344,1
Poisson,negative binomial,uncalibrated,500,3,4,DHA.p.val,1000,1000,1,0,0.9963179161031344,1
Poisson,negative binomial,uncalibrated,500,3,4,Pear.p.val,1000,1000,1,0,0.9963179161031344,1
Poisson,negative binomial,uncalibrated,500,3,4,Ref.p.val,1000,1000,1,0,0.9963179161031344,1
Poisson,negative binomial,uncalibrated,500,3,5,DHA.p.val,1000,1000,1,0,0.9963179161031344,1
Poisson,negative binomial,uncalibrated,500,3,5,Pear.p.val,1000,1000,1,0,0.9963179161031344,1
Poisson,negative binomial,uncalibrated,500,3,5,Ref.p.val,1000,1000,1,0,0.9963179161031344,1
Poisson,negative binomial,uncalibrated,1000,-1.5,1,DHA.p.val,1000,2,0.002,0.0014127986409959489,2.4230111687723182e-4,0.0072058389114575405
Poisson,negative binomial,uncalibrated,1000,-1.5,1,Pear.p.val,1000,57,0.057,0.007331507348424334,0.0434535819369586,0.07322272946066222
Poisson,negative binomial,uncalibrated,1000,-1.5,1,Ref.p.val,1000,48,0.048,0.006759881655768835,0.035600265342883276,0.06314011540150921
Poisson,negative binomial,uncalibrated,1000,-1.5,1.1,DHA.p.val,1000,177,0.177,0.012069424178476784,0.15382282670139608,0.2020959213077811
Poisson,negative binomial,uncalibrated,1000,-1.5,1.1,Pear.p.val,1000,530,0.53,0.015782902141241326,0.4985163179239787,0.5613065880589609
Poisson,negative binomial,uncalibrated,1000,-1.5,1.1,Ref.p.val,1000,488,0.488,0.01580683396509244,0.4565934946491749,0.5194773407496998
Poisson,negative binomial,uncalibrated,1000,-1.5,1.2,DHA.p.val,1000,658,0.658,0.01500119995200384,0.6276662332634243,0.6874000715953352
Poisson,negative binomial,uncalibrated,1000,-1.5,1.2,Pear.p.val,1000,917,0.917,0.008724161850859943,0.8981467032446243,0.9333510681911211
Poisson,negative binomial,uncalibrated,1000,-1.5,1.2,Ref.p.val,1000,902,0.902,0.009401914698613255,0.8818715455687639,0.9197224945489949
Poisson,negative binomial,uncalibrated,1000,-1.5,1.35,DHA.p.val,1000,977,0.977,0.004740358636221528,0.9656876623871457,0.9853654176748232
Poisson,negative binomial,uncalibrated,1000,-1.5,1.35,Pear.p.val,1000,1000,1,0,0.9963179161031344,1
Poisson,negative binomial,uncalibrated,1000,-1.5,1.35,Ref.p.val,1000,999,0.999,9.994998749374613e-4,0.9944410757201734,0.9999746825125088
Poisson,negative binomial,uncalibrated,1000,-1.5,1.5,DHA.p.val,1000,1000,1,0,0.9963179161031344,1
Poisson,negative binomial,uncalibrated,1000,-1.5,1.5,Pear.p.val,1000,1000,1,0,0.9963179161031344,1
Poisson,negative binomial,uncalibrated,1000,-1.5,1.5,Ref.p.val,1000,1000,1,0,0.9963179161031344,1
Poisson,negative binomial,uncalibrated,1000,-1.5,1.75,DHA.p.val,1000,1000,1,0,0.9963179161031344,1
Poisson,negative binomial,uncalibrated,1000,-1.5,1.75,Pear.p.val,1000,1000,1,0,0.9963179161031344,1
Poisson,negative binomial,uncalibrated,1000,-1.5,1.75,Ref.p.val,1000,1000,1,0,0.9963179161031344,1
Poisson,negative binomial,uncalibrated,1000,-1.5,2,DHA.p.val,1000,1000,1,0,0.9963179161031344,1
Poisson,negative binomial,uncalibrated,1000,-1.5,2,Pear.p.val,1000,1000,1,0,0.9963179161031344,1
Poisson,negative binomial,uncalibrated,1000,-1.5,2,Ref.p.val,1000,1000,1,0,0.9963179161031344,1
Poisson,negative binomial,uncalibrated,1000,-1.5,2.5,DHA.p.val,1000,1000,1,0,0.9963179161031344,1
Poisson,negative binomial,uncalibrated,1000,-1.5,2.5,Pear.p.val,1000,1000,1,0,0.9963179161031344,1
Poisson,negative binomial,uncalibrated,1000,-1.5,2.5,Ref.p.val,1000,1000,1,0,0.9963179161031344,1
Poisson,negative binomial,uncalibrated,1000,-1.5,3,DHA.p.val,1000,1000,1,0,0.9963179161031344,1
Poisson,negative binomial,uncalibrated,1000,-1.5,3,Pear.p.val,1000,1000,1,0,0.9963179161031344,1
Poisson,negative binomial,uncalibrated,1000,-1.5,3,Ref.p.val,1000,1000,1,0,0.9963179161031344,1
Poisson,negative binomial,uncalibrated,1000,-1.5,4,DHA.p.val,1000,1000,1,0,0.9963179161031344,1
Poisson,negative binomial,uncalibrated,1000,-1.5,4,Pear.p.val,1000,1000,1,0,0.9963179161031344,1
Poisson,negative binomial,uncalibrated,1000,-1.5,4,Ref.p.val,1000,1000,1,0,0.9963179161031344,1
Poisson,negative binomial,uncalibrated,1000,-1.5,5,DHA.p.val,1000,1000,1,0,0.9963179161031344,1
Poisson,negative binomial,uncalibrated,1000,-1.5,5,Pear.p.val,1000,1000,1,0,0.9963179161031344,1
Poisson,negative binomial,uncalibrated,1000,-1.5,5,Ref.p.val,1000,1000,1,0,0.9963179161031344,1
Poisson,negative binomial,uncalibrated,1000,0,1,DHA.p.val,1000,24,0.024,0.004839834707921336,0.015436383233508485,0.03550063853135921
Poisson,negative binomial,uncalibrated,1000,0,1,Pear.p.val,1000,52,0.052,0.007021111023192838,0.0390765349439805,0.06763501405050731
Poisson,negative binomial,uncalibrated,1000,0,1,Ref.p.val,1000,53,0.053,0.00708456067798138,0.03994925236001938,0.06875518328996322
Poisson,negative binomial,uncalibrated,1000,0,1.1,DHA.p.val,1000,358,0.358,0.01516034300403523,0.32824144399292404,0.3885975093480847
Poisson,negative binomial,uncalibrated,1000,0,1.1,Pear.p.val,1000,574,0.574,0.015637263187655313,0.5426711369656402,0.6048919473777105
Poisson,negative binomial,uncalibrated,1000,0,1.1,Ref.p.val,1000,570,0.57,0.015655669899432602,0.5386469648923902,0.6009397466063688
Poisson,negative binomial,uncalibrated,1000,0,1.2,DHA.p.val,1000,886,0.886,0.010050074626588601,0.8646560869283921,0.9050387180267164
Poisson,negative binomial,uncalibrated,1000,0,1.2,Pear.p.val,1000,971,0.971,0.005306505441436956,0.958615280883598,0.9804940626756153
Poisson,negative binomial,uncalibrated,1000,0,1.2,Ref.p.val,1000,971,0.971,0.005306505441436956,0.958615280883598,0.9804940626756153
Poisson,negative binomial,uncalibrated,1000,0,1.35,DHA.p.val,1000,998,0.998,0.0014127986409959495,0.9927941610885425,0.9997576988831227
Poisson,negative binomial,uncalibrated,1000,0,1.35,Pear.p.val,1000,1000,1,0,0.9963179161031344,1
Poisson,negative binomial,uncalibrated,1000,0,1.35,Ref.p.val,1000,1000,1,0,0.9963179161031344,1
Poisson,negative binomial,uncalibrated,1000,0,1.5,DHA.p.val,1000,1000,1,0,0.9963179161031344,1
Poisson,negative binomial,uncalibrated,1000,0,1.5,Pear.p.val,1000,1000,1,0,0.9963179161031344,1
Poisson,negative binomial,uncalibrated,1000,0,1.5,Ref.p.val,1000,1000,1,0,0.9963179161031344,1
Poisson,negative binomial,uncalibrated,1000,0,1.75,DHA.p.val,1000,1000,1,0,0.9963179161031344,1
Poisson,negative binomial,uncalibrated,1000,0,1.75,Pear.p.val,1000,1000,1,0,0.9963179161031344,1
Poisson,negative binomial,uncalibrated,1000,0,1.75,Ref.p.val,1000,1000,1,0,0.9963179161031344,1
Poisson,negative binomial,uncalibrated,1000,0,2,DHA.p.val,1000,1000,1,0,0.9963179161031344,1
Poisson,negative binomial,uncalibrated,1000,0,2,Pear.p.val,1000,1000,1,0,0.9963179161031344,1
Poisson,negative binomial,uncalibrated,1000,0,2,Ref.p.val,1000,1000,1,0,0.9963179161031344,1
Poisson,negative binomial,uncalibrated,1000,0,2.5,DHA.p.val,1000,1000,1,0,0.9963179161031344,1
Poisson,negative binomial,uncalibrated,1000,0,2.5,Pear.p.val,1000,1000,1,0,0.9963179161031344,1
Poisson,negative binomial,uncalibrated,1000,0,2.5,Ref.p.val,1000,1000,1,0,0.9963179161031344,1
Poisson,negative binomial,uncalibrated,1000,0,3,DHA.p.val,1000,1000,1,0,0.9963179161031344,1
Poisson,negative binomial,uncalibrated,1000,0,3,Pear.p.val,1000,1000,1,0,0.9963179161031344,1
Poisson,negative binomial,uncalibrated,1000,0,3,Ref.p.val,1000,1000,1,0,0.9963179161031344,1
Poisson,negative binomial,uncalibrated,1000,0,4,DHA.p.val,1000,1000,1,0,0.9963179161031344,1
Poisson,negative binomial,uncalibrated,1000,0,4,Pear.p.val,1000,1000,1,0,0.9963179161031344,1
Poisson,negative binomial,uncalibrated,1000,0,4,Ref.p.val,1000,1000,1,0,0.9963179161031344,1
Poisson,negative binomial,uncalibrated,1000,0,5,DHA.p.val,1000,1000,1,0,0.9963179161031344,1
Poisson,negative binomial,uncalibrated,1000,0,5,Pear.p.val,1000,1000,1,0,0.9963179161031344,1
Poisson,negative binomial,uncalibrated,1000,0,5,Ref.p.val,1000,1000,1,0,0.9963179161031344,1
Poisson,negative binomial,uncalibrated,1000,1.5,1,DHA.p.val,1000,38,0.038,0.006046155803483731,0.027028815982983928,0.05178710362196415
Poisson,negative binomial,uncalibrated,1000,1.5,1,Pear.p.val,1000,50,0.05,0.006892024376045111,0.03733539760466177,0.06539048791549362
Poisson,negative binomial,uncalibrated,1000,1.5,1,Ref.p.val,1000,47,0.047,0.006692607862410586,0.03473506226679596,0.062012630693305204
Poisson,negative binomial,uncalibrated,1000,1.5,1.1,DHA.p.val,1000,432,0.432,0.01566448211719749,0.40103711877026466,0.4633643568022341
Poisson,negative binomial,uncalibrated,1000,1.5,1.1,Pear.p.val,1000,588,0.588,0.01556457516284977,0.5567718885375105,0.6187084856913778
Poisson,negative binomial,uncalibrated,1000,1.5,1.1,Ref.p.val,1000,558,0.558,0.01570464899321217,0.5265866448912516,0.5890709382229895
Poisson,negative binomial,uncalibrated,1000,1.5,1.2,DHA.p.val,1000,919,0.919,0.008627803892068941,0.9003283010315127,0.935156460291505
Poisson,negative binomial,uncalibrated,1000,1.5,1.2,Pear.p.val,1000,979,0.979,0.00453420334788814,0.9680776648195845,0.9869548077096123
Poisson,negative binomial,uncalibrated,1000,1.5,1.2,Ref.p.val,1000,970,0.97,0.0053944415837044735,0.9574485975299709,0.9796695143168904
Poisson,negative binomial,uncalibrated,1000,1.5,1.35,DHA.p.val,1000,1000,1,0,0.9963179161031344,1
Poisson,negative binomial,uncalibrated,1000,1.5,1.35,Pear.p.val,1000,1000,1,0,0.9963179161031344,1
Poisson,negative binomial,uncalibrated,1000,1.5,1.35,Ref.p.val,1000,1000,1,0,0.9963179161031344,1
Poisson,negative binomial,uncalibrated,1000,1.5,1.5,DHA.p.val,1000,1000,1,0,0.9963179161031344,1
Poisson,negative binomial,uncalibrated,1000,1.5,1.5,Pear.p.val,1000,1000,1,0,0.9963179161031344,1
Poisson,negative binomial,uncalibrated,1000,1.5,1.5,Ref.p.val,1000,1000,1,0,0.9963179161031344,1
Poisson,negative binomial,uncalibrated,1000,1.5,1.75,DHA.p.val,1000,1000,1,0,0.9963179161031344,1
Poisson,negative binomial,uncalibrated,1000,1.5,1.75,Pear.p.val,1000,1000,1,0,0.9963179161031344,1
Poisson,negative binomial,uncalibrated,1000,1.5,1.75,Ref.p.val,1000,1000,1,0,0.9963179161031344,1
Poisson,negative binomial,uncalibrated,1000,1.5,2,DHA.p.val,1000,1000,1,0,0.9963179161031344,1
Poisson,negative binomial,uncalibrated,1000,1.5,2,Pear.p.val,1000,1000,1,0,0.9963179161031344,1
Poisson,negative binomial,uncalibrated,1000,1.5,2,Ref.p.val,1000,1000,1,0,0.9963179161031344,1
Poisson,negative binomial,uncalibrated,1000,1.5,2.5,DHA.p.val,1000,1000,1,0,0.9963179161031344,1
Poisson,negative binomial,uncalibrated,1000,1.5,2.5,Pear.p.val,1000,1000,1,0,0.9963179161031344,1
Poisson,negative binomial,uncalibrated,1000,1.5,2.5,Ref.p.val,1000,1000,1,0,0.9963179161031344,1
Poisson,negative binomial,uncalibrated,1000,1.5,3,DHA.p.val,1000,1000,1,0,0.9963179161031344,1
Poisson,negative binomial,uncalibrated,1000,1.5,3,Pear.p.val,1000,1000,1,0,0.9963179161031344,1
Poisson,negative binomial,uncalibrated,1000,1.5,3,Ref.p.val,1000,1000,1,0,0.9963179161031344,1
Poisson,negative binomial,uncalibrated,1000,1.5,4,DHA.p.val,1000,1000,1,0,0.9963179161031344,1
Poisson,negative binomial,uncalibrated,1000,1.5,4,Pear.p.val,1000,1000,1,0,0.9963179161031344,1
Poisson,negative binomial,uncalibrated,1000,1.5,4,Ref.p.val,1000,1000,1,0,0.9963179161031344,1
Poisson,negative binomial,uncalibrated,1000,1.5,5,DHA.p.val,1000,1000,1,0,0.9963179161031344,1
Poisson,negative binomial,uncalibrated,1000,1.5,5,Pear.p.val,1000,1000,1,0,0.9963179161031344,1
Poisson,negative binomial,uncalibrated,1000,1.5,5,Ref.p.val,1000,1000,1,0,0.9963179161031344,1
Poisson,negative binomial,uncalibrated,1000,3,1,DHA.p.val,1000,59,0.059,0.007451107300260815,0.0452133544027966,0.07544907308424076
Poisson,negative binomial,uncalibrated,1000,3,1,Pear.p.val,1000,53,0.053,0.00708456067798138,0.03994925236001938,0.06875518328996322
Poisson,negative binomial,uncalibrated,1000,3,1,Ref.p.val,1000,55,0.055,0.00720936890441875,0.04169879507953599,0.07099151554205752
Poisson,negative binomial,uncalibrated,1000,3,1.1,DHA.p.val,1000,471,0.471,0.01578477114183161,0.4396868061736436,0.5024843842922233
Poisson,negative binomial,uncalibrated,1000,3,1.1,Pear.p.val,1000,614,0.614,0.015394934231752989,0.5830266964145336,0.6442999972828456
Poisson,negative binomial,uncalibrated,1000,3,1.1,Ref.p.val,1000,608,0.608,0.015438134602341048,0.5769599775296484,0.6384021909745194
Poisson,negative binomial,uncalibrated,1000,3,1.2,DHA.p.val,1000,937,0.937,0.007683163410991592,0.9201119581266455,0.9512530724434194
Poisson,negative binomial,uncalibrated,1000,3,1.2,Pear.p.val,1000,976,0.976,0.004839834707921338,0.9644993614686408,0.9845636167664915
Poisson,negative binomial,uncalibrated,1000,3,1.2,Ref.p.val,1000,976,0.976,0.004839834707921338,0.9644993614686408,0.9845636167664915
Poisson,negative binomial,uncalibrated,1000,3,1.35,DHA.p.val,1000,1000,1,0,0.9963179161031344,1
Poisson,negative binomial,uncalibrated,1000,3,1.35,Pear.p.val,1000,1000,1,0,0.9963179161031344,1
Poisson,negative binomial,uncalibrated,1000,3,1.35,Ref.p.val,1000,1000,1,0,0.9963179161031344,1
Poisson,negative binomial,uncalibrated,1000,3,1.5,DHA.p.val,1000,1000,1,0,0.9963179161031344,1
Poisson,negative binomial,uncalibrated,1000,3,1.5,Pear.p.val,1000,1000,1,0,0.9963179161031344,1
Poisson,negative binomial,uncalibrated,1000,3,1.5,Ref.p.val,1000,1000,1,0,0.9963179161031344,1
Poisson,negative binomial,uncalibrated,1000,3,1.75,DHA.p.val,1000,1000,1,0,0.9963179161031344,1
Poisson,negative binomial,uncalibrated,1000,3,1.75,Pear.p.val,1000,1000,1,0,0.9963179161031344,1
Poisson,negative binomial,uncalibrated,1000,3,1.75,Ref.p.val,1000,1000,1,0,0.9963179161031344,1
Poisson,negative binomial,uncalibrated,1000,3,2,DHA.p.val,1000,1000,1,0,0.9963179161031344,1
Poisson,negative binomial,uncalibrated,1000,3,2,Pear.p.val,1000,1000,1,0,0.9963179161031344,1
Poisson,negative binomial,uncalibrated,1000,3,2,Ref.p.val,1000,1000,1,0,0.9963179161031344,1
Poisson,negative binomial,uncalibrated,1000,3,2.5,DHA.p.val,1000,1000,1,0,0.9963179161031344,1
Poisson,negative binomial,uncalibrated,1000,3,2.5,Pear.p.val,1000,1000,1,0,0.9963179161031344,1
Poisson,negative binomial,uncalibrated,1000,3,2.5,Ref.p.val,1000,1000,1,0,0.9963179161031344,1
Poisson,negative binomial,uncalibrated,1000,3,3,DHA.p.val,1000,1000,1,0,0.9963179161031344,1
Poisson,negative binomial,uncalibrated,1000,3,3,Pear.p.val,1000,1000,1,0,0.9963179161031344,1
Poisson,negative binomial,uncalibrated,1000,3,3,Ref.p.val,1000,1000,1,0,0.9963179161031344,1
Poisson,negative binomial,uncalibrated,1000,3,4,DHA.p.val,1000,1000,1,0,0.9963179161031344,1
Poisson,negative binomial,uncalibrated,1000,3,4,Pear.p.val,1000,1000,1,0,0.9963179161031344,1
Poisson,negative binomial,uncalibrated,1000,3,4,Ref.p.val,1000,1000,1,0,0.9963179161031344,1
Poisson,negative binomial,uncalibrated,1000,3,5,DHA.p.val,1000,1000,1,0,0.9963179161031344,1
Poisson,negative binomial,uncalibrated,1000,3,5,Pear.p.val,1000,1000,1,0,0.9963179161031344,1
Poisson,negative binomial,uncalibrated,1000,3,5,Ref.p.val,1000,1000,1,0,0.9963179161031344,1
Binomial,beta-binomial,uncalibrated,10,-1.5,1,DHA.p.val,1000,13,0.013,0.003582038525755969,0.006939617502851476,0.022127803636778465
Binomial,beta-binomial,uncalibrated,10,-1.5,1,Pear.p.val,1000,36,0.036,0.005891010100144117,0.025338914929837746,0.0494929117180124
Binomial,beta-binomial,uncalibrated,10,-1.5,1,Ref.p.val,1000,54,0.054,0.007147307185227175,0.04082335112563071,0.06987400557706736
Binomial,beta-binomial,uncalibrated,10,-1.5,1.1,DHA.p.val,1000,11,0.011,0.003298332912245215,0.0055035941923135875,0.019596628222016466
Binomial,beta-binomial,uncalibrated,10,-1.5,1.1,Pear.p.val,1000,44,0.044,0.006485676526007136,0.03214949701087143,0.058620419206330876
Binomial,beta-binomial,uncalibrated,10,-1.5,1.1,Ref.p.val,1000,54,0.054,0.007147307185227175,0.04082335112563071,0.06987400557706736
Binomial,beta-binomial,uncalibrated,10,-1.5,1.2,DHA.p.val,1000,22,0.022,0.0046385342512479085,0.01383741417207386,0.03311966451498782
Binomial,beta-binomial,uncalibrated,10,-1.5,1.2,Pear.p.val,1000,69,0.069,0.008014923580421713,0.05407933579325629,0.0865151093457116
Binomial,beta-binomial,uncalibrated,10,-1.5,1.2,Ref.p.val,1000,80,0.08,0.008579044235810887,0.06394198284667334,0.09857977904790216
Binomial,beta-binomial,uncalibrated,10,-1.5,1.35,DHA.p.val,1000,29,0.029,0.005306505441436953,0.019505937324384628,0.04138471911640196
Binomial,beta-binomial,uncalibrated,10,-1.5,1.35,Pear.p.val,1000,100,0.1,0.009486832980505138,0.08210533435558,0.12028793651869263
Binomial,beta-binomial,uncalibrated,10,-1.5,1.35,Ref.p.val,1000,127,0.127,0.010529529904036551,0.1069843269494534,0.1492400303348581
Binomial,beta-binomial,uncalibrated,10,-1.5,1.5,DHA.p.val,1000,47,0.047,0.006692607862410586,0.03473506226679596,0.062012630693305204
Binomial,beta-binomial,uncalibrated,10,-1.5,1.5,Pear.p.val,1000,149,0.149,0.01126050620531777,0.12748860044831303,0.17260045358082532
Binomial,beta-binomial,uncalibrated,10,-1.5,1.5,Ref.p.val,1000,166,0.166,0.011766222843376714,0.1434486615841372,0.19053678854188016
Binomial,beta-binomial,uncalibrated,10,-1.5,1.75,DHA.p.val,1000,97,0.097,0.00935900635751467,0.07936447182936389,0.11704784398028711
Binomial,beta-binomial,uncalibrated,10,-1.5,1.75,Pear.p.val,1000,237,0.237,0.013447341744746431,0.2109495216531266,0.26460854300542413
Binomial,beta-binomial,uncalibrated,10,-1.5,1.75,Ref.p.val,1000,260,0.26,0.013870832707519763,0.23305310661725104,0.2883676599163464
Binomial,beta-binomial,uncalibrated,10,-1.5,2,DHA.p.val,1000,165,0.165,0.011737759581794134,0.14250731760552257,0.18948420837970903
Binomial,beta-binomial,uncalibrated,10,-1.5,2,Pear.p.val,1000,342,0.342,0.01500119995200384,0.31259992840466483,0.3723337667365757
Binomial,beta-binomial,uncalibrated,10,-1.5,2,Ref.p.val,1000,354,0.354,0.015122301412152848,0.32432765251839796,0.3845349797344155
Binomial,beta-binomial,uncalibrated,10,-1.5,2.5,DHA.p.val,1000,297,0.297,0.014449602070645405,0.26881168337948175,0.32638892683218723
Binomial,beta-binomial,uncalibrated,10,-1.5,2.5,Pear.p.val,1000,522,0.522,0.015796075461962062,0.4905141770463021,0.5533559562375333
Binomial,beta-binomial,uncalibrated,10,-1.5,2.5,Ref.p.val,1000,525,0.525,0.015791611697353755,0.4935140489638566,0.5563383743642378
Binomial,beta-binomial,uncalibrated,10,-1.5,3,DHA.p.val,1000,456,0.456,0.015750047618975634,0.4247989716355826,0.4874607774099813
Binomial,beta-binomial,uncalibrated,10,-1.5,3,Pear.p.val,1000,657,0.657,0.015011695440555674,0.6266486772044311,0.6864235511359629
Binomial,beta-binomial,uncalibrated,10,-1.5,3,Ref.p.val,1000,664,0.664,0.014936666294725875,0.6337746170627675,0.6932561405313709
Binomial,beta-binomial,uncalibrated,10,-1.5,4,DHA.p.val,1000,611,0.611,0.015416841440450765,0.5799927371969104,0.6413516947282136
Binomial,beta-binomial,uncalibrated,10,-1.5,4,Pear.p.val,1000,794,0.794,0.0127892142057282,0.7675848559485069,0.8186712810896977
Binomial,beta-binomial,uncalibrated,10,-1.5,4,Ref.p.val,1000,798,0.798,0.01269629867323544,0.7717544218601166,0.8224776638277916
Binomial,beta-binomial,uncalibrated,10,-1.5,5,DHA.p.val,999,734,0.7347347347347347,0.01396763040060918,0.7061923597737597,0.7618863161069166
Binomial,beta-binomial,uncalibrated,10,-1.5,5,Pear.p.val,1000,873,0.873,0.010529529904036551,0.8507599696651419,0.8930156730505466
Binomial,beta-binomial,uncalibrated,10,-1.5,5,Ref.p.val,1000,875,0.875,0.010458250331675944,0.8528930172212289,0.8948702384454075
Binomial,beta-binomial,uncalibrated,10,0,1,DHA.p.val,1000,14,0.014,0.003715373467095872,0.00767450156502078,0.023378156010314455
Binomial,beta-binomial,uncalibrated,10,0,1,Pear.p.val,1000,45,0.045,0.0065555320150236475,0.03300962543114875,0.05975283269340781
Binomial,beta-binomial,uncalibrated,10,0,1,Ref.p.val,1000,61,0.061,0.0075682891065286355,0.046977875541080204,0.07767077404912359
Binomial,beta-binomial,uncalibrated,10,0,1.1,DHA.p.val,1000,13,0.013,0.003582038525755969,0.006939617502851476,0.022127803636778465
Binomial,beta-binomial,uncalibrated,10,0,1.1,Pear.p.val,1000,41,0.041,0.006270486424512854,0.02958016853403611,0.05521245931529928
Binomial,beta-binomial,uncalibrated,10,0,1.1,Ref.p.val,1000,59,0.059,0.007451107300260815,0.0452133544027966,0.07544907308424076
Binomial,beta-binomial,uncalibrated,10,0,1.2,DHA.p.val,1000,22,0.022,0.0046385342512479085,0.01383741417207386,0.03311966451498782
Binomial,beta-binomial,uncalibrated,10,0,1.2,Pear.p.val,1000,75,0.075,0.008329165624478841,0.05944612821126317,0.09310844696149911
Binomial,beta-binomial,uncalibrated,10,0,1.2,Ref.p.val,1000,90,0.09,0.009049861877399014,0.07299046645662287,0.10946657313833918
Binomial,beta-binomial,uncalibrated,10,0,1.35,DHA.p.val,1000,46,0.046,0.006624499981130651,0.033871498547677924,0.060883552713742684
Binomial,beta-binomial,uncalibrated,10,0,1.35,Pear.p.val,1000,127,0.127,0.010529529904036551,0.1069843269494534,0.1492400303348581
Binomial,beta-binomial,uncalibrated,10,0,1.35,Ref.p.val,1000,129,0.129,0.010599952830083727,0.10884057120623476,0.15137141531495624
Binomial,beta-binomial,uncalibrated,10,0,1.5,DHA.p.val,1000,77,0.077,0.00843036179532053,0.061242027783549015,0.09529938097825963
Binomial,beta-binomial,uncalibrated,10,0,1.5,Pear.p.val,1000,170,0.17,0.011878552100319299,0.14721702235246859,0.19474414507120374
Binomial,beta-binomial,uncalibrated,10,0,1.5,Ref.p.val,1000,177,0.177,0.012069424178476784,0.15382282670139608,0.2020959213077811
Binomial,beta-binomial,uncalibrated,10,0,1.75,DHA.p.val,1000,141,0.141,0.011005407761641547,0.12001151279686956,0.16412655895160866
Binomial,beta-binomial,uncalibrated,10,0,1.75,Pear.p.val,1000,279,0.279,0.014183053267896867,0.2513862309732198,0.3079213873519786
Binomial,beta-binomial,uncalibrated,10,0,1.75,Ref.p.val,1000,285,0.285,0.014274978108564651,0.25718869625611684,0.3140832343383536
Binomial,beta-binomial,uncalibrated,10,0,2,DHA.p.val,1000,263,0.263,0.013922320208930694,0.23594352468029337,0.291459361439264
Binomial,beta-binomial,uncalibrated,10,0,2,Pear.p.val,1000,426,0.426,0.015637263187655313,0.39510805262228954,0.4573288630343598
Binomial,beta-binomial,uncalibrated,10,0,2,Ref.p.val,1000,432,0.432,0.01566448211719749,0.40103711877026466,0.4633643568022341
Binomial,beta-binomial,uncalibrated,10,0,2.5,DHA.p.val,1000,440,0.44,0.015697133496278867,0.40894966035038377,0.47140456752225623
Binomial,beta-binomial,uncalibrated,10,0,2.5,Pear.p.val,1000,624,0.624,0.015317441039547044,0.5931486239758621,0.6541189296540859
Binomial,beta-binomial,uncalibrated,10,0,2.5,Ref.p.val,1000,629,0.629,0.015276092432294327,0.5982146703097383,0.6590233055000474
Binomial,beta-binomial,uncalibrated,10,0,3,DHA.p.val,1000,579,0.579,0.015612783224012303,0.5477042276526581,0.6098293201725631
Binomial,beta-binomial,uncalibrated,10,0,3,Pear.p.val,1000,766,0.766,0.013388203763014663,0.7384980761844333,0.7919259196245902
Binomial,beta-binomial,uncalibrated,10,0,3,Ref.p.val,1000,769,0.769,0.01332812815064441,0.7416065231117422,0.7947995252096367
Binomial,beta-binomial,uncalibrated,10,0,4,DHA.p.val,1000,825,0.825,0.012015614840697917,0.800003174430663,0.8480659670904693
Binomial,beta-binomial,uncalibrated,10,0,4,Pear.p.val,1000,930,0.93,0.008068457101577721,0.9123837665107154,0.9450284750808301
Binomial,beta-binomial,uncalibrated,10,0,4,Ref.p.val,1000,932,0.932,0.00796090447122687,0.914586949808569,0.946811900239598
Binomial,beta-binomial,uncalibrated,10,0,5,DHA.p.val,1000,911,0.911,0.009004387819280108,0.8916189999399975,0.92791753546024
Binomial,beta-binomial,uncalibrated,10,0,5,Pear.p.val,1000,969,0.969,0.005480784615363026,0.9562849149937611,0.9788418280297914
Binomial,beta-binomial,uncalibrated,10,0,5,Ref.p.val,1000,975,0.975,0.004937104414532877,0.963315176948077,0.9837574643031177
Binomial,beta-binomial,uncalibrated,10,1.5,1,DHA.p.val,1000,11,0.011,0.003298332912245215,0.0055035941923135875,0.019596628222016466
Binomial,beta-binomial,uncalibrated,10,1.5,1,Pear.p.val,1000,35,0.035,0.005811626278418116,0.02449752789475872,0.04834238161422166
Binomial,beta-binomial,uncalibrated,10,1.5,1,Ref.p.val,1000,52,0.052,0.007021111023192838,0.0390765349439805,0.06763501405050731
Binomial,beta-binomial,uncalibrated,10,1.5,1.1,DHA.p.val,1000,10,0.01,0.003146426544510455,0.004805510691049308,0.018313243055112394
Binomial,beta-binomial,uncalibrated,10,1.5,1.1,Pear.p.val,1000,35,0.035,0.005811626278418116,0.02449752789475872,0.04834238161422166
Binomial,beta-binomial,uncalibrated,10,1.5,1.1,Ref.p.val,1000,55,0.055,0.00720936890441875,0.04169879507953599,0.07099151554205752
Binomial,beta-binomial,uncalibrated,10,1.5,1.2,DHA.p.val,1000,20,0.02,0.004427188724235731,0.012258267972406325,0.030720032682609144
Binomial,beta-binomial,uncalibrated,10,1.5,1.2,Pear.p.val,1000,60,0.06,0.007509993342207435,0.04609503542248433,0.07656049040393476
Binomial,beta-binomial,uncalibrated,10,1.5,1.2,Ref.p.val,1000,79,0.079,0.008529888627643388,0.06304120280945995,0.09748709490690122
Binomial,beta-binomial,uncalibrated,10,1.5,1.35,DHA.p.val,1000,35,0.035,0.005811626278418116,0.02449752789475872,0.04834238161422166
Binomial,beta-binomial,uncalibrated,10,1.5,1.35,Pear.p.val,1000,110,0.11,0.009894442884771228,0.09127777445946614,0.13105246363748768
Binomial,beta-binomial,uncalibrated,10,1.5,1.35,Ref.p.val,1000,120,0.12,0.010276186062932104,0.10050092374816785,0.14176686379282544
Binomial,beta-binomial,uncalibrated,10,1.5,1.5,DHA.p.val,1000,59,0.059,0.007451107300260815,0.0452133544027966,0.07544907308424076
Binomial,beta-binomial,uncalibrated,10,1.5,1.5,Pear.p.val,1000,140,0.14,0.010972693379476163,0.1190784973813558,0.1630657152009547
Binomial,beta-binomial,uncalibrated,10,1.5,1.5,Ref.p.val,1000,160,0.16,0.01159310139695155,0.13780518522188337,0.1842167527585027
Binomial,beta-binomial,uncalibrated,10,1.5,1.75,DHA.p.val,1000,111,0.111,0.00993373041711924,0.09219790720419103,0.13212606175869213
Binomial,beta-binomial,uncalibrated,10,1.5,1.75,Pear.p.val,1000,260,0.26,0.013870832707519763,0.23305310661725104,0.2883676599163464
Binomial,beta-binomial,uncalibrated,10,1.5,1.75,Ref.p.val,1000,267,0.267,0.013989674763910703,0.2397999512068854,0.2955791034114016
Binomial,beta-binomial,uncalibrated,10,1.5,2,DHA.p.val,1000,171,0.171,0.011906258858264422,0.1481598481831981,0.19579525359759042
Binomial,beta-binomial,uncalibrated,10,1.5,2,Pear.p.val,1000,345,0.345,0.015032464867745409,0.31552992327567253,0.3753860023048645
Binomial,beta-binomial,uncalibrated,10,1.5,2,Ref.p.val,1000,364,0.364,0.015215255502291114,0.3341163374441288,0.39468710511955285
Binomial,beta-binomial,uncalibrated,10,1.5,2.5,DHA.p.val,1000,327,0.327,0.014834790190629594,0.29796968761860143,0.35705289727642153
Binomial,beta-binomial,uncalibrated,10,1.5,2.5,Pear.p.val,1000,538,0.538,0.015765658882520576,0.5065264142896461,0.5692492615713334
Binomial,beta-binomial,uncalibrated,10,1.5,2.5,Ref.p.val,1000,549,0.549,0.01573527883451704,0.5175533349524326,0.5801573934646367
Binomial,beta-binomial,uncalibrated,10,1.5,3,DHA.p.val,1000,424,0.424,0.01562766777225572,0.39313271904004543,0.45531601087038576
Binomial,beta-binomial,uncalibrated,10,1.5,3,Pear.p.val,1000,667,0.667,0.01490338887635963,0.6368307821479918,0.6961821975798423
Binomial,beta-binomial,uncalibrated,10,1.5,3,Ref.p.val,1000,669,0.669,0.014880826589944525,0.6388689622688157,0.6981321639231706
Binomial,beta-binomial,uncalibrated,10,1.5,4,DHA.p.val,1000,620,0.62,0.015349267083479915,0.5890982340617007,0.6501929780067928
Binomial,beta-binomial,uncalibrated,10,1.5,4,Pear.p.val,1000,799,0.799,0.01267276607532862,0.772797404898815,0.8234286647711602
Binomial,beta-binomial,uncalibrated,10,1.5,4,Ref.p.val,1000,803,0.803,0.012577400367325513,0.7769717429246102,0.8272302494643351
Binomial,beta-binomial,uncalibrated,10,1.5,5,DHA.p.val,1000,745,0.745,0.013783141876945184,0.7167888393029331,0.771760579998092
Binomial,beta-binomial,uncalibrated,10,1.5,5,Pear.p.val,1000,882,0.882,0.01020176455325254,0.8603722794655597,0.9013474836051032
Binomial,beta-binomial,uncalibrated,10,1.5,5,Ref.p.val,1000,882,0.882,0.01020176455325254,0.8603722794655597,0.9013474836051032
Binomial,beta-binomial,uncalibrated,50,-1.5,1,DHA.p.val,1000,9,0.009,0.002986469487538756,0.004123395660342473,0.017015783069894597
Binomial,beta-binomial,uncalibrated,50,-1.5,1,Pear.p.val,1000,44,0.044,0.006485676526007136,0.03214949701087143,0.058620419206330876
Binomial,beta-binomial,uncalibrated,50,-1.5,1,Ref.p.val,1000,50,0.05,0.006892024376045111,0.03733539760466177,0.06539048791549362
Binomial,beta-binomial,uncalibrated,50,-1.5,1.1,DHA.p.val,1000,24,0.024,0.004839834707921336,0.015436383233508485,0.03550063853135921
Binomial,beta-binomial,uncalibrated,50,-1.5,1.1,Pear.p.val,1000,73,0.073,0.008226238508577295,0.05765362522793264,0.0909141753945012
Binomial,beta-binomial,uncalibrated,50,-1.5,1.1,Ref.p.val,1000,93,0.093,0.009184280047995052,0.07571840260686478,0.11271941770115601
Binomial,beta-binomial,uncalibrated,50,-1.5,1.2,DHA.p.val,1000,60,0.06,0.007509993342207435,0.04609503542248433,0.07656049040393476
Binomial,beta-binomial,uncalibrated,50,-1.5,1.2,Pear.p.val,1000,151,0.151,0.01132249972400088,0.12936136200265355,0.174715466038191
Binomial,beta-binomial,uncalibrated,50,-1.5,1.2,Ref.p.val,1000,174,0.174,0.011988494484296182,0.1509900584760256,0.19894685799303646
Binomial,beta-binomial,uncalibrated,50,-1.5,1.35,DHA.p.val,1000,165,0.165,0.011737759581794134,0.14250731760552257,0.18948420837970903
Binomial,beta-binomial,uncalibrated,50,-1.5,1.35,Pear.p.val,1000,355,0.355,0.015131919904625453,0.32530588889802853,0.385550823235706
Binomial,beta-binomial,uncalibrated,50,-1.5,1.35,Ref.p.val,1000,390,0.39,0.01542400726140908,0.3596313399726173,0.4210183157288174
Binomial,beta-binomial,uncalibrated,50,-1.5,1.5,DHA.p.val,1000,328,0.328,0.014846413708367418,0.2989440008425646,0.3580726557706352
Binomial,beta-binomial,uncalibrated,50,-1.5,1.5,Pear.p.val,1000,561,0.561,0.015693278816104682,0.5296000157050412,0.5920398507938665
Binomial,beta-binomial,uncalibrated,50,-1.5,1.5,Ref.p.val,1000,595,0.595,0.015523369479594306,0.5638317636619659,0.6256072456340387
Binomial,beta-binomial,uncalibrated,50,-1.5,1.75,DHA.p.val,1000,610,0.61,0.01542400726140908,0.5789816842711826,0.6403686600273827
Binomial,beta-binomial,uncalibrated,50,-1.5,1.75,Pear.p.val,1000,801,0.801,0.012625331678811452,0.7748840900369928,0.8253299436678188
Binomial,beta-binomial,uncalibrated,50,-1.5,1.75,Ref.p.val,1000,827,0.827,0.011961229033840963,0.8021033919072953,0.8499536317613712
Binomial,beta-binomial,uncalibrated,50,-1.5,2,DHA.p.val,1000,810,0.81,0.012405643876881197,0.7842863111483663,0.8338734924612126
Binomial,beta-binomial,uncalibrated,50,-1.5,2,Pear.p.val,1000,924,0.924,0.008379976133617564,0.9057956763550978,0.9396563388200981
Binomial,beta-binomial,uncalibrated,50,-1.5,2,Ref.p.val,1000,933,0.933,0.007906389820898028,0.9156899628975586,0.9477021635999548
Binomial,beta-binomial,uncalibrated,50,-1.5,2.5,DHA.p.val,1000,963,0.963,0.005969170796685251,0.9493588769400751,0.9738172911562627
Binomial,beta-binomial,uncalibrated,50,-1.5,2.5,Pear.p.val,1000,996,0.996,0.0019959959919799443,0.9897903353160701,0.9989090920122741
Binomial,beta-binomial,uncalibrated,50,-1.5,2.5,Ref.p.val,1000,996,0.996,0.0019959959919799443,0.9897903353160701,0.9989090920122741
Binomial,beta-binomial,uncalibrated,50,-1.5,3,DHA.p.val,1000,993,0.993,0.002636474919281427,0.9856308050210814,0.9971811412403795
Binomial,beta-binomial,uncalibrated,50,-1.5,3,Pear.p.val,1000,998,0.998,0.0014127986409959495,0.9927941610885425,0.9997576988831227
Binomial,beta-binomial,uncalibrated,50,-1.5,3,Ref.p.val,1000,998,0.998,0.0014127986409959495,0.9927941610885425,0.9997576988831227
Binomial,beta-binomial,uncalibrated,50,-1.5,4,DHA.p.val,1000,1000,1,0,0.9963179161031344,1
Binomial,beta-binomial,uncalibrated,50,-1.5,4,Pear.p.val,1000,1000,1,0,0.9963179161031344,1
Binomial,beta-binomial,uncalibrated,50,-1.5,4,Ref.p.val,1000,1000,1,0,0.9963179161031344,1
Binomial,beta-binomial,uncalibrated,50,-1.5,5,DHA.p.val,1000,1000,1,0,0.9963179161031344,1
Binomial,beta-binomial,uncalibrated,50,-1.5,5,Pear.p.val,1000,1000,1,0,0.9963179161031344,1
Binomial,beta-binomial,uncalibrated,50,-1.5,5,Ref.p.val,1000,1000,1,0,0.9963179161031344,1
Binomial,beta-binomial,uncalibrated,50,0,1,DHA.p.val,1000,6,0.006,0.002442130217658346,0.00220498248515138,0.013013423270974545
Binomial,beta-binomial,uncalibrated,50,0,1,Pear.p.val,1000,36,0.036,0.005891010100144117,0.025338914929837746,0.0494929117180124
Binomial,beta-binomial,uncalibrated,50,0,1,Ref.p.val,1000,30,0.03,0.005394441583704471,0.020330485683109627,0.04255140247002909
Binomial,beta-binomial,uncalibrated,50,0,1.1,DHA.p.val,1000,18,0.018,0.004204283529925164,0.010701947929414708,0.028299041249019163
Binomial,beta-binomial,uncalibrated,50,0,1.1,Pear.p.val,1000,68,0.068,0.007960904471226871,0.05318809976040198,0.08541305019143097
Binomial,beta-binomial,uncalibrated,50,0,1.1,Ref.p.val,1000,69,0.069,0.008014923580421713,0.05407933579325629,0.0865151093457116
Binomial,beta-binomial,uncalibrated,50,0,1.2,DHA.p.val,1000,63,0.063,0.007683163410991596,0.04874692755658056,0.07988804187335452
Binomial,beta-binomial,uncalibrated,50,0,1.2,Pear.p.val,1000,163,0.163,0.011680368144883106,0.14062554035964028,0.18737814378448903
Binomial,beta-binomial,uncalibrated,50,0,1.2,Ref.p.val,1000,171,0.171,0.011906258858264422,0.1481598481831981,0.19579525359759042
Binomial,beta-binomial,uncalibrated,50,0,1.35,DHA.p.val,1000,180,0.18,0.012149074038789953,0.156658101671014,0.2052424940277866
Binomial,beta-binomial,uncalibrated,50,0,1.35,Pear.p.val,1000,364,0.364,0.015215255502291114,0.3341163374441288,0.39468710511955285
Binomial,beta-binomial,uncalibrated,50,0,1.35,Ref.p.val,1000,385,0.385,0.015387494922826133,0.35471750301773197,0.4159617164035918
Binomial,beta-binomial,uncalibrated,50,0,1.5,DHA.p.val,1000,388,0.388,0.015409607392792329,0.35766540403610286,0.41899607659539495
Binomial,beta-binomial,uncalibrated,50,0,1.5,Pear.p.val,1000,599,0.599,0.015498354751392161,0.5678688474086686,0.6295465214905855
Binomial,beta-binomial,uncalibrated,50,0,1.5,Ref.p.val,1000,614,0.614,0.015394934231752989,0.5830266964145336,0.6442999972828456
Binomial,beta-binomial,uncalibrated,50,0,1.75,DHA.p.val,1000,683,0.683,0.014714312760030622,0.6531529694410998,0.7117651432741482
Binomial,beta-binomial,uncalibrated,50,0,1.75,Pear.p.val,1000,833,0.833,0.01179453263168999,0.8084109298236908,0.8556096938052533
Binomial,beta-binomial,uncalibrated,50,0,1.75,Ref.p.val,1000,840,0.84,0.011593101396951551,0.8157832472414973,0.8621948147781167
Binomial,beta-binomial,uncalibrated,50,0,2,DHA.p.val,1000,882,0.882,0.01020176455325254,0.8603722794655597,0.9013474836051032
Binomial,beta-binomial,uncalibrated,50,0,2,Pear.p.val,1000,957,0.957,0.006414904519944161,0.9425137420380276,0.9687088295439074
Binomial,beta-binomial,uncalibrated,50,0,2,Ref.p.val,1000,958,0.958,0.006343185319695463,0.9436497084242552,0.96956529373686
Binomial,beta-binomial,uncalibrated,50,0,2.5,DHA.p.val,1000,990,0.99,0.003146426544510456,0.9816867569448876,0.9951944893089507
Binomial,beta-binomial,uncalibrated,50,0,2.5,Pear.p.val,1000,997,0.997,0.0017294507798720387,0.9912579767615217,0.9993809000683505
Binomial,beta-binomial,uncalibrated,50,0,2.5,Ref.p.val,1000,998,0.998,0.0014127986409959495,0.9927941610885425,0.9997576988831227
Binomial,beta-binomial,uncalibrated,50,0,3,DHA.p.val,1000,999,0.999,9.994998749374613e-4,0.9944410757201734,0.9999746825125088
Binomial,beta-binomial,uncalibrated,50,0,3,Pear.p.val,1000,1000,1,0,0.9963179161031344,1
Binomial,beta-binomial,uncalibrated,50,0,3,Ref.p.val,1000,1000,1,0,0.9963179161031344,1
Binomial,beta-binomial,uncalibrated,50,0,4,DHA.p.val,1000,1000,1,0,0.9963179161031344,1
Binomial,beta-binomial,uncalibrated,50,0,4,Pear.p.val,1000,1000,1,0,0.9963179161031344,1
Binomial,beta-binomial,uncalibrated,50,0,4,Ref.p.val,1000,1000,1,0,0.9963179161031344,1
Binomial,beta-binomial,uncalibrated,50,0,5,DHA.p.val,1000,1000,1,0,0.9963179161031344,1
Binomial,beta-binomial,uncalibrated,50,0,5,Pear.p.val,1000,1000,1,0,0.9963179161031344,1
Binomial,beta-binomial,uncalibrated,50,0,5,Ref.p.val,1000,1000,1,0,0.9963179161031344,1
Binomial,beta-binomial,uncalibrated,50,1.5,1,DHA.p.val,1000,6,0.006,0.002442130217658346,0.00220498248515138,0.013013423270974545
Binomial,beta-binomial,uncalibrated,50,1.5,1,Pear.p.val,1000,52,0.052,0.007021111023192838,0.0390765349439805,0.06763501405050731
Binomial,beta-binomial,uncalibrated,50,1.5,1,Ref.p.val,1000,56,0.056,0.007270763371201128,0.04257554968661718,0.07210774628325278
Binomial,beta-binomial,uncalibrated,50,1.5,1.1,DHA.p.val,1000,20,0.02,0.004427188724235731,0.012258267972406325,0.030720032682609144
Binomial,beta-binomial,uncalibrated,50,1.5,1.1,Pear.p.val,1000,74,0.074,0.00827792244467173,0.05854944426065262,0.09201173601424906
Binomial,beta-binomial,uncalibrated,50,1.5,1.1,Ref.p.val,1000,94,0.094,0.009228434320078352,0.07662899292737785,0.11380243871897455
Binomial,beta-binomial,uncalibrated,50,1.5,1.2,DHA.p.val,1000,60,0.06,0.007509993342207435,0.04609503542248433,0.07656049040393476
Binomial,beta-binomial,uncalibrated,50,1.5,1.2,Pear.p.val,1000,150,0.15,0.011291589790636216,0.1284248111161728,0.173658128567036
Binomial,beta-binomial,uncalibrated,50,1.5,1.2,Ref.p.val,1000,173,0.173,0.011961229033840962,0.1500463682386288,0.1978966080927047
Binomial,beta-binomial,uncalibrated,50,1.5,1.35,DHA.p.val,1000,142,0.142,0.011037934589405754,0.12094489570974319,0.16518703835359716
Binomial,beta-binomial,uncalibrated,50,1.5,1.35,Pear.p.val,1000,322,0.322,0.014775520295407536,0.29310037634203523,0.3519518552133707
Binomial,beta-binomial,uncalibrated,50,1.5,1.35,Ref.p.val,1000,355,0.355,0.015131919904625453,0.32530588889802853,0.385550823235706
Binomial,beta-binomial,uncalibrated,50,1.5,1.5,DHA.p.val,1000,355,0.355,0.015131919904625453,0.32530588889802853,0.385550823235706
Binomial,beta-binomial,uncalibrated,50,1.5,1.5,Pear.p.val,1000,569,0.569,0.015660108556456435,0.5376412404403915,0.5999513775754166
Binomial,beta-binomial,uncalibrated,50,1.5,1.5,Ref.p.val,1000,596,0.596,0.015517216245190372,0.5648408383487339,0.6265922610801002
Binomial,beta-binomial,uncalibrated,50,1.5,1.75,DHA.p.val,1000,604,0.604,0.01546557467409472,0.572918155451127,0.6344676593562533
Binomial,beta-binomial,uncalibrated,50,1.5,1.75,Pear.p.val,1000,808,0.808,0.01245536029185828,0.7821951822437158,0.8319766825284644
Binomial,beta-binomial,uncalibrated,50,1.5,1.75,Ref.p.val,1000,818,0.818,0.01220147532063234,0.7926611505098348,0.841450346688562
Binomial,beta-binomial,uncalibrated,50,1.5,2,DHA.p.val,1000,820,0.82,0.012149074038789953,0.7947575059722134,0.843341898328986
Binomial,beta-binomial,uncalibrated,50,1.5,2,Pear.p.val,1000,940,0.94,0.007509993342207438,0.9234395095960652,0.9539049645775157
Binomial,beta-binomial,uncalibrated,50,1.5,2,Ref.p.val,1000,950,0.95,0.006892024376045114,0.9346095120845064,0.9626646023953382
Binomial,beta-binomial,uncalibrated,50,1.5,2.5,DHA.p.val,1000,960,0.96,0.00619677335393187,0.9459273031806316,0.9712723747141092
Binomial,beta-binomial,uncalibrated,50,1.5,2.5,Pear.p.val,1000,988,0.988,0.003443254274665176,0.9791323204089636,0.9937844744404047
Binomial,beta-binomial,uncalibrated,50,1.5,2.5,Ref.p.val,1000,989,0.989,0.0032983329122452166,0.9804033717779835,0.9944964058076864
Binomial,beta-binomial,uncalibrated,50,1.5,3,DHA.p.val,1000,993,0.993,0.002636474919281427,0.9856308050210814,0.9971811412403795
Binomial,beta-binomial,uncalibrated,50,1.5,3,Pear.p.val,1000,1000,1,0,0.9963179161031344,1
Binomial,beta-binomial,uncalibrated,50,1.5,3,Ref.p.val,1000,1000,1,0,0.9963179161031344,1
Binomial,beta-binomial,uncalibrated,50,1.5,4,DHA.p.val,1000,1000,1,0,0.9963179161031344,1
Binomial,beta-binomial,uncalibrated,50,1.5,4,Pear.p.val,1000,1000,1,0,0.9963179161031344,1
Binomial,beta-binomial,uncalibrated,50,1.5,4,Ref.p.val,1000,1000,1,0,0.9963179161031344,1
Binomial,beta-binomial,uncalibrated,50,1.5,5,DHA.p.val,1000,1000,1,0,0.9963179161031344,1
Binomial,beta-binomial,uncalibrated,50,1.5,5,Pear.p.val,1000,1000,1,0,0.9963179161031344,1
Binomial,beta-binomial,uncalibrated,50,1.5,5,Ref.p.val,1000,1000,1,0,0.9963179161031344,1
Binomial,beta-binomial,uncalibrated,100,-1.5,1,DHA.p.val,1000,9,0.009,0.002986469487538756,0.004123395660342473,0.017015783069894597
Binomial,beta-binomial,uncalibrated,100,-1.5,1,Pear.p.val,1000,41,0.041,0.006270486424512854,0.02958016853403611,0.05521245931529928
Binomial,beta-binomial,uncalibrated,100,-1.5,1,Ref.p.val,1000,59,0.059,0.007451107300260815,0.0452133544027966,0.07544907308424076
Binomial,beta-binomial,uncalibrated,100,-1.5,1.1,DHA.p.val,1000,37,0.037,0.005969170796685248,0.026182708843737346,0.05064112305992485
Binomial,beta-binomial,uncalibrated,100,-1.5,1.1,Pear.p.val,1000,99,0.099,0.009444522221901964,0.08119112894696873,0.11920848268620654
Binomial,beta-binomial,uncalibrated,100,-1.5,1.1,Ref.p.val,1000,129,0.129,0.010599952830083727,0.10884057120623476,0.15137141531495624
Binomial,beta-binomial,uncalibrated,100,-1.5,1.2,DHA.p.val,1000,114,0.114,0.010050074626588601,0.09496128197328355,0.13534391307160787
Binomial,beta-binomial,uncalibrated,100,-1.5,1.2,Pear.p.val,1000,253,0.253,0.013747399754135324,0.22631524866453995,0.2811472625832938
Binomial,beta-binomial,uncalibrated,100,-1.5,1.2,Ref.p.val,1000,274,0.274,0.014104041973845655,0.246555554915467,0.30278181831000883
Binomial,beta-binomial,uncalibrated,100,-1.5,1.35,DHA.p.val,1000,382,0.382,0.01536476488593301,0.35177081010815975,0.41292614982733233
Binomial,beta-binomial,uncalibrated,100,-1.5,1.35,Pear.p.val,1000,591,0.591,0.015547314880711718,0.5597967691447996,0.6216658781236122
Binomial,beta-binomial,uncalibrated,100,-1.5,1.35,Ref.p.val,1000,622,0.622,0.015333492752794452,0.5911231581097955,0.6521562251530795
Binomial,beta-binomial,uncalibrated,100,-1.5,1.5,DHA.p.val,1000,630,0.63,0.015267612779999367,0.5992282896178014,0.6600037699688277
Binomial,beta-binomial,uncalibrated,100,-1.5,1.5,Pear.p.val,1000,810,0.81,0.012405643876881197,0.7842863111483663,0.8338734924612126
Binomial,beta-binomial,uncalibrated,100,-1.5,1.5,Ref.p.val,1000,831,0.831,0.011850696182081458,0.8063072536435564,0.8537255113063816
Binomial,beta-binomial,uncalibrated,100,-1.5,1.75,DHA.p.val,1000,906,0.906,0.009228434320078352,0.8861975612810254,0.9233710070726222
Binomial,beta-binomial,uncalibrated,100,-1.5,1.75,Pear.p.val,1000,977,0.977,0.004740358636221528,0.9656876623871457,0.9853654176748232
Binomial,beta-binomial,uncalibrated,100,-1.5,1.75,Ref.p.val,1000,980,0.98,0.0044271887242357325,0.9692799673173909,0.9877417320275936
Binomial,beta-binomial,uncalibrated,100,-1.5,2,DHA.p.val,1000,982,0.982,0.004204283529925166,0.9717009587509808,0.9892980520705853
Binomial,beta-binomial,uncalibrated,100,-1.5,2,Pear.p.val,1000,999,0.999,9.994998749374613e-4,0.9944410757201734,0.9999746825125088
Binomial,beta-binomial,uncalibrated,100,-1.5,2,Ref.p.val,1000,999,0.999,9.994998749374613e-4,0.9944410757201734,0.9999746825125088
Binomial,beta-binomial,uncalibrated,100,-1.5,2.5,DHA.p.val,1000,999,0.999,9.994998749374613e-4,0.9944410757201734,0.9999746825125088
Binomial,beta-binomial,uncalibrated,100,-1.5,2.5,Pear.p.val,1000,1000,1,0,0.9963179161031344,1
Binomial,beta-binomial,uncalibrated,100,-1.5,2.5,Ref.p.val,1000,1000,1,0,0.9963179161031344,1
Binomial,beta-binomial,uncalibrated,100,-1.5,3,DHA.p.val,1000,1000,1,0,0.9963179161031344,1
Binomial,beta-binomial,uncalibrated,100,-1.5,3,Pear.p.val,1000,1000,1,0,0.9963179161031344,1
Binomial,beta-binomial,uncalibrated,100,-1.5,3,Ref.p.val,1000,1000,1,0,0.9963179161031344,1
Binomial,beta-binomial,uncalibrated,100,-1.5,4,DHA.p.val,1000,1000,1,0,0.9963179161031344,1
Binomial,beta-binomial,uncalibrated,100,-1.5,4,Pear.p.val,1000,1000,1,0,0.9963179161031344,1
Binomial,beta-binomial,uncalibrated,100,-1.5,4,Ref.p.val,1000,1000,1,0,0.9963179161031344,1
Binomial,beta-binomial,uncalibrated,100,-1.5,5,DHA.p.val,1000,1000,1,0,0.9963179161031344,1
Binomial,beta-binomial,uncalibrated,100,-1.5,5,Pear.p.val,1000,1000,1,0,0.9963179161031344,1
Binomial,beta-binomial,uncalibrated,100,-1.5,5,Ref.p.val,1000,1000,1,0,0.9963179161031344,1
Binomial,beta-binomial,uncalibrated,100,0,1,DHA.p.val,1000,5,0.005,0.0022304708023195463,0.0016254195175627606,0.011629470559812116
Binomial,beta-binomial,uncalibrated,100,0,1,Pear.p.val,1000,29,0.029,0.005306505441436953,0.019505937324384628,0.04138471911640196
Binomial,beta-binomial,uncalibrated,100,0,1,Ref.p.val,1000,40,0.04,0.0061967733539318665,0.028727625285890793,0.05407269681936844
Binomial,beta-binomial,uncalibrated,100,0,1.1,DHA.p.val,1000,19,0.019,0.004317290817167636,0.011477036993100943,0.02951240162509783
Binomial,beta-binomial,uncalibrated,100,0,1.1,Pear.p.val,1000,97,0.097,0.00935900635751467,0.07936447182936389,0.11704784398028711
Binomial,beta-binomial,uncalibrated,100,0,1.1,Ref.p.val,1000,130,0.13,0.010634848376916336,0.1097693124537045,0.15243649460044018
Binomial,beta-binomial,uncalibrated,100,0,1.2,DHA.p.val,1000,110,0.11,0.009894442884771228,0.09127777445946614,0.13105246363748768
Binomial,beta-binomial,uncalibrated,100,0,1.2,Pear.p.val,1000,259,0.259,0.013853483316480371,0.23208999976457684,0.2873367282359165
Binomial,beta-binomial,uncalibrated,100,0,1.2,Ref.p.val,1000,297,0.297,0.014449602070645405,0.26881168337948175,0.32638892683218723
Binomial,beta-binomial,uncalibrated,100,0,1.35,DHA.p.val,1000,374,0.374,0.015301111070768685,0.3439189102032966,0.40482536664493507
Binomial,beta-binomial,uncalibrated,100,0,1.35,Pear.p.val,1000,602,0.602,0.015478888849009803,0.5708980373110477,0.63249959962615
Binomial,beta-binomial,uncalibrated,100,0,1.35,Ref.p.val,1000,642,0.642,0.01516034300403523,0.6114024906519153,0.671758556007076
Binomial,beta-binomial,uncalibrated,100,0,1.5,DHA.p.val,1000,675,0.675,0.014811313243598623,0.6449870685625703,0.7039784889386835
Binomial,beta-binomial,uncalibrated,100,0,1.5,Pear.p.val,1000,860,0.86,0.010972693379476163,0.8369342847990453,0.8809215026186442
Binomial,beta-binomial,uncalibrated,100,0,1.5,Ref.p.val,1000,887,0.887,0.010011543337567888,0.8657282191964616,0.9059603332456124
Binomial,beta-binomial,uncalibrated,100,0,1.75,DHA.p.val,1000,939,0.939,0.007568289106528638,0.9223292259508764,0.9530221244589198
Binomial,beta-binomial,uncalibrated,100,0,1.75,Pear.p.val,1000,987,0.987,0.0035820385257559714,0.9778721963632215,0.9930603824971486
Binomial,beta-binomial,uncalibrated,100,0,1.75,Ref.p.val,1000,993,0.993,0.002636474919281427,0.9856308050210814,0.9971811412403795
Binomial,beta-binomial,uncalibrated,100,0,2,DHA.p.val,1000,995,0.995,0.002230470802319547,0.9883705294401879,0.9983745804824372
Binomial,beta-binomial,uncalibrated,100,0,2,Pear.p.val,1000,1000,1,0,0.9963179161031344,1
Binomial,beta-binomial,uncalibrated,100,0,2,Ref.p.val,1000,1000,1,0,0.9963179161031344,1
Binomial,beta-binomial,uncalibrated,100,0,2.5,DHA.p.val,1000,1000,1,0,0.9963179161031344,1
Binomial,beta-binomial,uncalibrated,100,0,2.5,Pear.p.val,1000,1000,1,0,0.9963179161031344,1
Binomial,beta-binomial,uncalibrated,100,0,2.5,Ref.p.val,1000,1000,1,0,0.9963179161031344,1
Binomial,beta-binomial,uncalibrated,100,0,3,DHA.p.val,1000,1000,1,0,0.9963179161031344,1
Binomial,beta-binomial,uncalibrated,100,0,3,Pear.p.val,1000,1000,1,0,0.9963179161031344,1
Binomial,beta-binomial,uncalibrated,100,0,3,Ref.p.val,1000,1000,1,0,0.9963179161031344,1
Binomial,beta-binomial,uncalibrated,100,0,4,DHA.p.val,1000,1000,1,0,0.9963179161031344,1
Binomial,beta-binomial,uncalibrated,100,0,4,Pear.p.val,1000,1000,1,0,0.9963179161031344,1
Binomial,beta-binomial,uncalibrated,100,0,4,Ref.p.val,1000,1000,1,0,0.9963179161031344,1
Binomial,beta-binomial,uncalibrated,100,0,5,DHA.p.val,1000,1000,1,0,0.9963179161031344,1
Binomial,beta-binomial,uncalibrated,100,0,5,Pear.p.val,1000,1000,1,0,0.9963179161031344,1
Binomial,beta-binomial,uncalibrated,100,0,5,Ref.p.val,1000,1000,1,0,0.9963179161031344,1
Binomial,beta-binomial,uncalibrated,100,1.5,1,DHA.p.val,1000,12,0.012,0.003443254274665175,0.006215525559595242,0.020867679591036414
Binomial,beta-binomial,uncalibrated,100,1.5,1,Pear.p.val,1000,39,0.039,0.006122009474020765,0.02787714879533642,0.052930935785445055
Binomial,beta-binomial,uncalibrated,100,1.5,1,Ref.p.val,1000,56,0.056,0.007270763371201128,0.04257554968661718,0.07210774628325278
Binomial,beta-binomial,uncalibrated,100,1.5,1.1,DHA.p.val,1000,34,0.034,0.005730968504537431,0.02365864810759674,0.04718943861570746
Binomial,beta-binomial,uncalibrated,100,1.5,1.1,Pear.p.val,1000,100,0.1,0.009486832980505138,0.08210533435558,0.12028793651869263
Binomial,beta-binomial,uncalibrated,100,1.5,1.1,Ref.p.val,1000,113,0.113,0.01001154333756789,0.09403966675438757,0.1342717808035384
Binomial,beta-binomial,uncalibrated,100,1.5,1.2,DHA.p.val,1000,132,0.132,0.010704017937204702,0.11162801297279534,0.15456544660845384
Binomial,beta-binomial,uncalibrated,100,1.5,1.2,Pear.p.val,1000,267,0.267,0.013989674763910703,0.2397999512068854,0.2955791034114016
Binomial,beta-binomial,uncalibrated,100,1.5,1.2,Ref.p.val,1000,303,0.303,0.014532412050310162,0.2746319878756212,0.3325329876045714
Binomial,beta-binomial,uncalibrated,100,1.5,1.35,DHA.p.val,1000,374,0.374,0.015301111070768685,0.3439189102032966,0.40482536664493507
Binomial,beta-binomial,uncalibrated,100,1.5,1.35,Pear.p.val,1000,557,0.557,0.015708309902723462,0.5255824403525774,0.5880810481233184
Binomial,beta-binomial,uncalibrated,100,1.5,1.35,Ref.p.val,1000,591,0.591,0.015547314880711718,0.5597967691447996,0.6216658781236122
Binomial,beta-binomial,uncalibrated,100,1.5,1.5,DHA.p.val,1000,673,0.673,0.014834790190629592,0.6429471027235785,0.7020303123813986
Binomial,beta-binomial,uncalibrated,100,1.5,1.5,Pear.p.val,1000,857,0.857,0.011070275515993268,0.8337528434032783,0.8781213571241084
Binomial,beta-binomial,uncalibrated,100,1.5,1.5,Ref.p.val,1000,874,0.874,0.010493998284733994,0.8518262835289733,0.89394316773752025
Binomial,beta-binomial,uncalibrated,100,1.5,1.75,DHA.p.val,1000,910,0.91,0.009049861877399012,0.8905334268616608,0.9270095335433771
Binomial,beta-binomial,uncalibrated,100,1.5,1.75,Pear.p.val,1000,982,0.982,0.004204283529925166,0.9717009587509808,0.9892980520705853
Binomial,beta-binomial,uncalibrated,100,1.5,1.75,Ref.p.val,1000,983,0.983,0.004087909000944127,0.9729205031351487,0.9900664874072834
Binomial,beta-binomial,uncalibrated,100,1.5,2,DHA.p.val,1000,986,0.986,0.0037153734670958734,0.9766218439896855,0.9923254984349792
Binomial,beta-binomial,uncalibrated,100,1.5,2,Pear.p.val,1000,997,0.997,0.0017294507798720387,0.9912579767615217,0.9993809000683505
Binomial,beta-binomial,uncalibrated,100,1.5,2,Ref.p.val,1000,998,0.998,0.0014127986409959495,0.9927941610885425,0.9997576988831227
Binomial,beta-binomial,uncalibrated,100,1.5,2.5,DHA.p.val,1000,999,0.999,9.994998749374613e-4,0.9944410757201734,0.9999746825125088
Binomial,beta-binomial,uncalibrated,100,1.5,2.5,Pear.p.val,1000,1000,1,0,0.9963179161031344,1
Binomial,beta-binomial,uncalibrated,100,1.5,2.5,Ref.p.val,1000,1000,1,0,0.9963179161031344,1
Binomial,beta-binomial,uncalibrated,100,1.5,3,DHA.p.val,1000,1000,1,0,0.9963179161031344,1
Binomial,beta-binomial,uncalibrated,100,1.5,3,Pear.p.val,1000,1000,1,0,0.9963179161031344,1
Binomial,beta-binomial,uncalibrated,100,1.5,3,Ref.p.val,1000,1000,1,0,0.9963179161031344,1
Binomial,beta-binomial,uncalibrated,100,1.5,4,DHA.p.val,1000,1000,1,0,0.9963179161031344,1
Binomial,beta-binomial,uncalibrated,100,1.5,4,Pear.p.val,1000,1000,1,0,0.9963179161031344,1
Binomial,beta-binomial,uncalibrated,100,1.5,4,Ref.p.val,1000,1000,1,0,0.9963179161031344,1
Binomial,beta-binomial,uncalibrated,100,1.5,5,DHA.p.val,1000,1000,1,0,0.9963179161031344,1
Binomial,beta-binomial,uncalibrated,100,1.5,5,Pear.p.val,1000,1000,1,0,0.9963179161031344,1
Binomial,beta-binomial,uncalibrated,100,1.5,5,Ref.p.val,1000,1000,1,0,0.9963179161031344,1
Binomial,beta-binomial,uncalibrated,200,-1.5,1,DHA.p.val,1000,6,0.006,0.002442130217658346,0.00220498248515138,0.013013423270974545
Binomial,beta-binomial,uncalibrated,200,-1.5,1,Pear.p.val,1000,41,0.041,0.006270486424512854,0.02958016853403611,0.05521245931529928
Binomial,beta-binomial,uncalibrated,200,-1.5,1,Ref.p.val,1000,56,0.056,0.007270763371201128,0.04257554968661718,0.07210774628325278
Binomial,beta-binomial,uncalibrated,200,-1.5,1.1,DHA.p.val,1000,56,0.056,0.007270763371201128,0.04257554968661718,0.07210774628325278
Binomial,beta-binomial,uncalibrated,200,-1.5,1.1,Pear.p.val,1000,167,0.167,0.01179453263168999,0.14439030619474666,0.19158907017630922
Binomial,beta-binomial,uncalibrated,200,-1.5,1.1,Ref.p.val,1000,201,0.201,0.012672766075328622,0.1765713352288398,0.227202595101185
Binomial,beta-binomial,uncalibrated,200,-1.5,1.2,DHA.p.val,1000,257,0.257,0.013818502089589886,0.23016433894637556,0.28527431402292436
Binomial,beta-binomial,uncalibrated,200,-1.5,1.2,Pear.p.val,1000,463,0.463,0.015768037290671277,0.43174313655264623,0.49447528364059623
Binomial,beta-binomial,uncalibrated,200,-1.5,1.2,Ref.p.val,1000,504,0.504,0.01581088232832058,0.47253835633851116,0.5354380319861467
Binomial,beta-binomial,uncalibrated,200,-1.5,1.35,DHA.p.val,1000,653,0.653,0.01505293991218991,0.6225798930217138,0.6825160263170542
Binomial,beta-binomial,uncalibrated,200,-1.5,1.35,Pear.p.val,1000,866,0.866,0.010772372069326236,0.8433071845327004,0.8865116885457407
Binomial,beta-binomial,uncalibrated,200,-1.5,1.35,Ref.p.val,1000,887,0.887,0.010011543337567888,0.8657282191964616,0.9059603332456124
Binomial,beta-binomial,uncalibrated,200,-1.5,1.5,DHA.p.val,1000,923,0.923,0.008430361795320529,0.9047006190217404,0.938757972216451
Binomial,beta-binomial,uncalibrated,200,-1.5,1.5,Pear.p.val,1000,983,0.983,0.004087909000944127,0.9729205031351487,0.9900664874072834
Binomial,beta-binomial,uncalibrated,200,-1.5,1.5,Ref.p.val,1000,987,0.987,0.0035820385257559714,0.9778721963632215,0.9930603824971486
Binomial,beta-binomial,uncalibrated,200,-1.5,1.75,DHA.p.val,1000,995,0.995,0.002230470802319547,0.9883705294401879,0.9983745804824372
Binomial,beta-binomial,uncalibrated,200,-1.5,1.75,Pear.p.val,1000,1000,1,0,0.9963179161031344,1
Binomial,beta-binomial,uncalibrated,200,-1.5,1.75,Ref.p.val,1000,1000,1,0,0.9963179161031344,1
Binomial,beta-binomial,uncalibrated,200,-1.5,2,DHA.p.val,1000,1000,1,0,0.9963179161031344,1
Binomial,beta-binomial,uncalibrated,200,-1.5,2,Pear.p.val,1000,1000,1,0,0.9963179161031344,1
Binomial,beta-binomial,uncalibrated,200,-1.5,2,Ref.p.val,1000,1000,1,0,0.9963179161031344,1
Binomial,beta-binomial,uncalibrated,200,-1.5,2.5,DHA.p.val,1000,1000,1,0,0.9963179161031344,1
Binomial,beta-binomial,uncalibrated,200,-1.5,2.5,Pear.p.val,1000,1000,1,0,0.9963179161031344,1
Binomial,beta-binomial,uncalibrated,200,-1.5,2.5,Ref.p.val,1000,1000,1,0,0.9963179161031344,1
Binomial,beta-binomial,uncalibrated,200,-1.5,3,DHA.p.val,1000,1000,1,0,0.9963179161031344,1
Binomial,beta-binomial,uncalibrated,200,-1.5,3,Pear.p.val,1000,1000,1,0,0.9963179161031344,1
Binomial,beta-binomial,uncalibrated,200,-1.5,3,Ref.p.val,1000,1000,1,0,0.9963179161031344,1
Binomial,beta-binomial,uncalibrated,200,-1.5,4,DHA.p.val,1000,1000,1,0,0.9963179161031344,1
Binomial,beta-binomial,uncalibrated,200,-1.5,4,Pear.p.val,1000,1000,1,0,0.9963179161031344,1
Binomial,beta-binomial,uncalibrated,200,-1.5,4,Ref.p.val,1000,1000,1,0,0.9963179161031344,1
Binomial,beta-binomial,uncalibrated,200,-1.5,5,DHA.p.val,1000,1000,1,0,0.9963179161031344,1
Binomial,beta-binomial,uncalibrated,200,-1.5,5,Pear.p.val,1000,1000,1,0,0.9963179161031344,1
Binomial,beta-binomial,uncalibrated,200,-1.5,5,Ref.p.val,1000,1000,1,0,0.9963179161031344,1
Binomial,beta-binomial,uncalibrated,200,0,1,DHA.p.val,1000,7,0.007,0.0026364749192814255,0.0028188587596205223,0.014369194978918642
Binomial,beta-binomial,uncalibrated,200,0,1,Pear.p.val,1000,36,0.036,0.005891010100144117,0.025338914929837746,0.0494929117180124
Binomial,beta-binomial,uncalibrated,200,0,1,Ref.p.val,1000,51,0.051,0.00695693898205238,0.038205236774686166,0.06651346159493476
Binomial,beta-binomial,uncalibrated,200,0,1.1,DHA.p.val,1000,52,0.052,0.007021111023192838,0.0390765349439805,0.06763501405050731
Binomial,beta-binomial,uncalibrated,200,0,1.1,Pear.p.val,1000,131,0.131,0.010669536072388528,0.11069846103121972,0.15350117040015687
Binomial,beta-binomial,uncalibrated,200,0,1.1,Ref.p.val,1000,173,0.173,0.011961229033840962,0.1500463682386288,0.1978966080927047
Binomial,beta-binomial,uncalibrated,200,0,1.2,DHA.p.val,1000,254,0.254,0.013765318739498916,0.22727724051927115,0.28217930509803135
Binomial,beta-binomial,uncalibrated,200,0,1.2,Pear.p.val,1000,468,0.468,0.015778973350633434,0.43670699654393563,0.4994819047092036
Binomial,beta-binomial,uncalibrated,200,0,1.2,Ref.p.val,1000,541,0.541,0.015758140753274162,0.509532256500376,0.572225707180464
Binomial,beta-binomial,uncalibrated,200,0,1.35,DHA.p.val,1000,721,0.721,0.014183053267896867,0.6920786126480214,0.7486137690267802
Binomial,beta-binomial,uncalibrated,200,0,1.35,Pear.p.val,1000,892,0.892,0.009815090422405694,0.8710962391200021,0.9105609670175998
Binomial,beta-binomial,uncalibrated,200,0,1.35,Ref.p.val,1000,917,0.917,0.008724161850859943,0.8981467032446243,0.9333510681911211
Binomial,beta-binomial,uncalibrated,200,0,1.5,DHA.p.val,1000,949,0.949,0.006956938982052382,0.9334865384050652,0.9617947632253139
Binomial,beta-binomial,uncalibrated,200,0,1.5,Pear.p.val,1000,983,0.983,0.004087909000944127,0.9729205031351487,0.9900664874072834
Binomial,beta-binomial,uncalibrated,200,0,1.5,Ref.p.val,1000,989,0.989,0.0032983329122452166,0.9804033717779835,0.9944964058076864
Binomial,beta-binomial,uncalibrated,200,0,1.75,DHA.p.val,1000,997,0.997,0.0017294507798720387,0.9912579767615217,0.9993809000683505
Binomial,beta-binomial,uncalibrated,200,0,1.75,Pear.p.val,1000,999,0.999,9.994998749374613e-4,0.9944410757201734,0.9999746825125088
Binomial,beta-binomial,uncalibrated,200,0,1.75,Ref.p.val,1000,999,0.999,9.994998749374613e-4,0.9944410757201734,0.9999746825125088
Binomial,beta-binomial,uncalibrated,200,0,2,DHA.p.val,1000,1000,1,0,0.9963179161031344,1
Binomial,beta-binomial,uncalibrated,200,0,2,Pear.p.val,1000,1000,1,0,0.9963179161031344,1
Binomial,beta-binomial,uncalibrated,200,0,2,Ref.p.val,1000,1000,1,0,0.9963179161031344,1
Binomial,beta-binomial,uncalibrated,200,0,2.5,DHA.p.val,1000,1000,1,0,0.9963179161031344,1
Binomial,beta-binomial,uncalibrated,200,0,2.5,Pear.p.val,1000,1000,1,0,0.9963179161031344,1
Binomial,beta-binomial,uncalibrated,200,0,2.5,Ref.p.val,1000,1000,1,0,0.9963179161031344,1
Binomial,beta-binomial,uncalibrated,200,0,3,DHA.p.val,1000,1000,1,0,0.9963179161031344,1
Binomial,beta-binomial,uncalibrated,200,0,3,Pear.p.val,1000,1000,1,0,0.9963179161031344,1
Binomial,beta-binomial,uncalibrated,200,0,3,Ref.p.val,1000,1000,1,0,0.9963179161031344,1
Binomial,beta-binomial,uncalibrated,200,0,4,DHA.p.val,1000,1000,1,0,0.9963179161031344,1
Binomial,beta-binomial,uncalibrated,200,0,4,Pear.p.val,1000,1000,1,0,0.9963179161031344,1
Binomial,beta-binomial,uncalibrated,200,0,4,Ref.p.val,1000,1000,1,0,0.9963179161031344,1
Binomial,beta-binomial,uncalibrated,200,0,5,DHA.p.val,1000,1000,1,0,0.9963179161031344,1
Binomial,beta-binomial,uncalibrated,200,0,5,Pear.p.val,1000,1000,1,0,0.9963179161031344,1
Binomial,beta-binomial,uncalibrated,200,0,5,Ref.p.val,1000,1000,1,0,0.9963179161031344,1
Binomial,beta-binomial,uncalibrated,200,1.5,1,DHA.p.val,1000,10,0.01,0.003146426544510455,0.004805510691049308,0.018313243055112394
Binomial,beta-binomial,uncalibrated,200,1.5,1,Pear.p.val,1000,43,0.043,0.006414904519944158,0.0312911704560926,0.057486257961972376
Binomial,beta-binomial,uncalibrated,200,1.5,1,Ref.p.val,1000,68,0.068,0.007960904471226871,0.05318809976040198,0.08541305019143097
Binomial,beta-binomial,uncalibrated,200,1.5,1.1,DHA.p.val,1000,69,0.069,0.008014923580421713,0.05407933579325629,0.0865151093457116
Binomial,beta-binomial,uncalibrated,200,1.5,1.1,Pear.p.val,1000,175,0.175,0.012015614840697915,0.15193403290953064,0.19999682556933696
Binomial,beta-binomial,uncalibrated,200,1.5,1.1,Ref.p.val,1000,218,0.218,0.0130566458173606,0.1927700234596427,0.24490179945824508
Binomial,beta-binomial,uncalibrated,200,1.5,1.2,DHA.p.val,1000,253,0.253,0.013747399754135324,0.22631524866453995,0.2811472625832938
Binomial,beta-binomial,uncalibrated,200,1.5,1.2,Pear.p.val,1000,498,0.498,0.01581126180922952,0.4665553231858496,0.5294564826459982
Binomial,beta-binomial,uncalibrated,200,1.5,1.2,Ref.p.val,1000,554,0.554,0.01571890581433708,0.5225705827122911,0.585110621340666
Binomial,beta-binomial,uncalibrated,200,1.5,1.35,DHA.p.val,1000,638,0.638,0.015197236590906913,0.6073422030315453,0.6678425184638984
Binomial,beta-binomial,uncalibrated,200,1.5,1.35,Pear.p.val,1000,862,0.862,0.01090669519148674,0.8390570783886684,0.8827864176914192
Binomial,beta-binomial,uncalibrated,200,1.5,1.35,Ref.p.val,1000,891,0.891,0.009854897259738428,0.8700216346570648,0.9096418523230805
Binomial,beta-binomial,uncalibrated,200,1.5,1.5,DHA.p.val,1000,920,0.92,0.008579044235810886,0.9014202209520978,0.9360580171533267
Binomial,beta-binomial,uncalibrated,200,1.5,1.5,Pear.p.val,1000,987,0.987,0.0035820385257559714,0.9778721963632215,0.9930603824971486
Binomial,beta-binomial,uncalibrated,200,1.5,1.5,Ref.p.val,1000,989,0.989,0.0032983329122452166,0.9804033717779835,0.9944964058076864
Binomial,beta-binomial,uncalibrated,200,1.5,1.75,DHA.p.val,1000,998,0.998,0.0014127986409959495,0.9927941610885425,0.9997576988831227
Binomial,beta-binomial,uncalibrated,200,1.5,1.75,Pear.p.val,1000,999,0.999,9.994998749374613e-4,0.9944410757201734,0.9999746825125088
Binomial,beta-binomial,uncalibrated,200,1.5,1.75,Ref.p.val,1000,999,0.999,9.994998749374613e-4,0.9944410757201734,0.9999746825125088
Binomial,beta-binomial,uncalibrated,200,1.5,2,DHA.p.val,1000,1000,1,0,0.9963179161031344,1
Binomial,beta-binomial,uncalibrated,200,1.5,2,Pear.p.val,1000,1000,1,0,0.9963179161031344,1
Binomial,beta-binomial,uncalibrated,200,1.5,2,Ref.p.val,1000,1000,1,0,0.9963179161031344,1
Binomial,beta-binomial,uncalibrated,200,1.5,2.5,DHA.p.val,1000,1000,1,0,0.9963179161031344,1
Binomial,beta-binomial,uncalibrated,200,1.5,2.5,Pear.p.val,1000,1000,1,0,0.9963179161031344,1
Binomial,beta-binomial,uncalibrated,200,1.5,2.5,Ref.p.val,1000,1000,1,0,0.9963179161031344,1
Binomial,beta-binomial,uncalibrated,200,1.5,3,DHA.p.val,1000,1000,1,0,0.9963179161031344,1
Binomial,beta-binomial,uncalibrated,200,1.5,3,Pear.p.val,1000,1000,1,0,0.9963179161031344,1
Binomial,beta-binomial,uncalibrated,200,1.5,3,Ref.p.val,1000,1000,1,0,0.9963179161031344,1
Binomial,beta-binomial,uncalibrated,200,1.5,4,DHA.p.val,1000,1000,1,0,0.9963179161031344,1
Binomial,beta-binomial,uncalibrated,200,1.5,4,Pear.p.val,1000,1000,1,0,0.9963179161031344,1
Binomial,beta-binomial,uncalibrated,200,1.5,4,Ref.p.val,1000,1000,1,0,0.9963179161031344,1
Binomial,beta-binomial,uncalibrated,200,1.5,5,DHA.p.val,1000,1000,1,0,0.9963179161031344,1
Binomial,beta-binomial,uncalibrated,200,1.5,5,Pear.p.val,1000,1000,1,0,0.9963179161031344,1
Binomial,beta-binomial,uncalibrated,200,1.5,5,Ref.p.val,1000,1000,1,0,0.9963179161031344,1
Binomial,beta-binomial,uncalibrated,500,-1.5,1,DHA.p.val,1000,12,0.012,0.003443254274665175,0.006215525559595242,0.020867679591036414
Binomial,beta-binomial,uncalibrated,500,-1.5,1,Pear.p.val,1000,46,0.046,0.006624499981130651,0.033871498547677924,0.060883552713742684
Binomial,beta-binomial,uncalibrated,500,-1.5,1,Ref.p.val,1000,63,0.063,0.007683163410991596,0.04874692755658056,0.07988804187335452
Binomial,beta-binomial,uncalibrated,500,-1.5,1.1,DHA.p.val,1000,141,0.141,0.011005407761641547,0.12001151279686956,0.16412655895160866
Binomial,beta-binomial,uncalibrated,500,-1.5,1.1,Pear.p.val,1000,321,0.321,0.0147634345597493,0.292126967595323,0.35093119436638076
Binomial,beta-binomial,uncalibrated,500,-1.5,1.1,Ref.p.val,1000,336,0.336,0.014936666294725875,0.3067438594686291,0.3662253829372325
Binomial,beta-binomial,uncalibrated,500,-1.5,1.2,DHA.p.val,1000,591,0.591,0.015547314880711718,0.5597967691447996,0.6216658781236122
Binomial,beta-binomial,uncalibrated,500,-1.5,1.2,Pear.p.val,1000,844,0.844,0.011474493452871897,0.8200028150110137,0.8659508761108912
Binomial,beta-binomial,uncalibrated,500,-1.5,1.2,Ref.p.val,1000,844,0.844,0.011474493452871897,0.8200028150110137,0.8659508761108912
Binomial,beta-binomial,uncalibrated,500,-1.5,1.35,DHA.p.val,1000,975,0.975,0.004937104414532877,0.963315176948077,0.9837574643031177
Binomial,beta-binomial,uncalibrated,500,-1.5,1.35,Pear.p.val,1000,997,0.997,0.0017294507798720387,0.9912579767615217,0.9993809000683505
Binomial,beta-binomial,uncalibrated,500,-1.5,1.35,Ref.p.val,1000,997,0.997,0.0017294507798720387,0.9912579767615217,0.9993809000683505
Binomial,beta-binomial,uncalibrated,500,-1.5,1.5,DHA.p.val,1000,1000,1,0,0.9963179161031344,1
Binomial,beta-binomial,uncalibrated,500,-1.5,1.5,Pear.p.val,1000,1000,1,0,0.9963179161031344,1
Binomial,beta-binomial,uncalibrated,500,-1.5,1.5,Ref.p.val,1000,1000,1,0,0.9963179161031344,1
Binomial,beta-binomial,uncalibrated,500,-1.5,1.75,DHA.p.val,1000,1000,1,0,0.9963179161031344,1
Binomial,beta-binomial,uncalibrated,500,-1.5,1.75,Pear.p.val,1000,1000,1,0,0.9963179161031344,1
Binomial,beta-binomial,uncalibrated,500,-1.5,1.75,Ref.p.val,1000,1000,1,0,0.9963179161031344,1
Binomial,beta-binomial,uncalibrated,500,-1.5,2,DHA.p.val,1000,1000,1,0,0.9963179161031344,1
Binomial,beta-binomial,uncalibrated,500,-1.5,2,Pear.p.val,1000,1000,1,0,0.9963179161031344,1
Binomial,beta-binomial,uncalibrated,500,-1.5,2,Ref.p.val,1000,1000,1,0,0.9963179161031344,1
Binomial,beta-binomial,uncalibrated,500,-1.5,2.5,DHA.p.val,1000,1000,1,0,0.9963179161031344,1
Binomial,beta-binomial,uncalibrated,500,-1.5,2.5,Pear.p.val,1000,1000,1,0,0.9963179161031344,1
Binomial,beta-binomial,uncalibrated,500,-1.5,2.5,Ref.p.val,1000,1000,1,0,0.9963179161031344,1
Binomial,beta-binomial,uncalibrated,500,-1.5,3,DHA.p.val,1000,1000,1,0,0.9963179161031344,1
Binomial,beta-binomial,uncalibrated,500,-1.5,3,Pear.p.val,1000,1000,1,0,0.9963179161031344,1
Binomial,beta-binomial,uncalibrated,500,-1.5,3,Ref.p.val,1000,1000,1,0,0.9963179161031344,1
Binomial,beta-binomial,uncalibrated,500,-1.5,4,DHA.p.val,1000,1000,1,0,0.9963179161031344,1
Binomial,beta-binomial,uncalibrated,500,-1.5,4,Pear.p.val,1000,1000,1,0,0.9963179161031344,1
Binomial,beta-binomial,uncalibrated,500,-1.5,4,Ref.p.val,1000,1000,1,0,0.9963179161031344,1
Binomial,beta-binomial,uncalibrated,500,-1.5,5,DHA.p.val,1000,1000,1,0,0.9963179161031344,1
Binomial,beta-binomial,uncalibrated,500,-1.5,5,Pear.p.val,1000,1000,1,0,0.9963179161031344,1
Binomial,beta-binomial,uncalibrated,500,-1.5,5,Ref.p.val,1000,1000,1,0,0.9963179161031344,1
Binomial,beta-binomial,uncalibrated,500,0,1,DHA.p.val,1000,1,0.001,9.994998749374609e-4,2.531748749129407e-5,0.005558924279826627
Binomial,beta-binomial,uncalibrated,500,0,1,Pear.p.val,1000,37,0.037,0.005969170796685248,0.026182708843737346,0.05064112305992485
Binomial,beta-binomial,uncalibrated,500,0,1,Ref.p.val,1000,57,0.057,0.007331507348424334,0.0434535819369586,0.07322272946066222
Binomial,beta-binomial,uncalibrated,500,0,1.1,DHA.p.val,1000,172,0.172,0.011933817494833746,0.1491029641479786,0.19684607394473908
Binomial,beta-binomial,uncalibrated,500,0,1.1,Pear.p.val,1000,348,0.348,0.015063067416698366,0.318461214147858,0.37843694448153375
Binomial,beta-binomial,uncalibrated,500,0,1.1,Ref.p.val,1000,385,0.385,0.015387494922826133,0.35471750301773197,0.4159617164035918
Binomial,beta-binomial,uncalibrated,500,0,1.2,DHA.p.val,1000,671,0.671,0.014857960829131297,0.640907734885419,0.7000815364409622
Binomial,beta-binomial,uncalibrated,500,0,1.2,Pear.p.val,1000,837,0.837,0.011680368144883107,0.812621856215511,0.8593744596403597
Binomial,beta-binomial,uncalibrated,500,0,1.2,Ref.p.val,1000,873,0.873,0.010529529904036551,0.8507599696651419,0.8930156730505466
Binomial,beta-binomial,uncalibrated,500,0,1.35,DHA.p.val,1000,994,0.994,0.002442130217658347,0.9869865767290255,0.9977950175148487
Binomial,beta-binomial,uncalibrated,500,0,1.35,Pear.p.val,1000,1000,1,0,0.9963179161031344,1
Binomial,beta-binomial,uncalibrated,500,0,1.35,Ref.p.val,1000,1000,1,0,0.9963179161031344,1
Binomial,beta-binomial,uncalibrated,500,0,1.5,DHA.p.val,1000,1000,1,0,0.9963179161031344,1
Binomial,beta-binomial,uncalibrated,500,0,1.5,Pear.p.val,1000,1000,1,0,0.9963179161031344,1
Binomial,beta-binomial,uncalibrated,500,0,1.5,Ref.p.val,1000,1000,1,0,0.9963179161031344,1
Binomial,beta-binomial,uncalibrated,500,0,1.75,DHA.p.val,1000,1000,1,0,0.9963179161031344,1
Binomial,beta-binomial,uncalibrated,500,0,1.75,Pear.p.val,1000,1000,1,0,0.9963179161031344,1
Binomial,beta-binomial,uncalibrated,500,0,1.75,Ref.p.val,1000,1000,1,0,0.9963179161031344,1
Binomial,beta-binomial,uncalibrated,500,0,2,DHA.p.val,1000,1000,1,0,0.9963179161031344,1
Binomial,beta-binomial,uncalibrated,500,0,2,Pear.p.val,1000,1000,1,0,0.9963179161031344,1
Binomial,beta-binomial,uncalibrated,500,0,2,Ref.p.val,1000,1000,1,0,0.9963179161031344,1
Binomial,beta-binomial,uncalibrated,500,0,2.5,DHA.p.val,1000,1000,1,0,0.9963179161031344,1
Binomial,beta-binomial,uncalibrated,500,0,2.5,Pear.p.val,1000,1000,1,0,0.9963179161031344,1
Binomial,beta-binomial,uncalibrated,500,0,2.5,Ref.p.val,1000,1000,1,0,0.9963179161031344,1
Binomial,beta-binomial,uncalibrated,500,0,3,DHA.p.val,1000,1000,1,0,0.9963179161031344,1
Binomial,beta-binomial,uncalibrated,500,0,3,Pear.p.val,1000,1000,1,0,0.9963179161031344,1
Binomial,beta-binomial,uncalibrated,500,0,3,Ref.p.val,1000,1000,1,0,0.9963179161031344,1
Binomial,beta-binomial,uncalibrated,500,0,4,DHA.p.val,1000,1000,1,0,0.9963179161031344,1
Binomial,beta-binomial,uncalibrated,500,0,4,Pear.p.val,1000,1000,1,0,0.9963179161031344,1
Binomial,beta-binomial,uncalibrated,500,0,4,Ref.p.val,1000,1000,1,0,0.9963179161031344,1
Binomial,beta-binomial,uncalibrated,500,0,5,DHA.p.val,1000,1000,1,0,0.9963179161031344,1
Binomial,beta-binomial,uncalibrated,500,0,5,Pear.p.val,1000,1000,1,0,0.9963179161031344,1
Binomial,beta-binomial,uncalibrated,500,0,5,Ref.p.val,1000,1000,1,0,0.9963179161031344,1
Binomial,beta-binomial,uncalibrated,500,1.5,1,DHA.p.val,1000,6,0.006,0.002442130217658346,0.00220498248515138,0.013013423270974545
Binomial,beta-binomial,uncalibrated,500,1.5,1,Pear.p.val,1000,37,0.037,0.005969170796685248,0.026182708843737346,0.05064112305992485
Binomial,beta-binomial,uncalibrated,500,1.5,1,Ref.p.val,1000,57,0.057,0.007331507348424334,0.0434535819369586,0.07322272946066222
Binomial,beta-binomial,uncalibrated,500,1.5,1.1,DHA.p.val,1000,138,0.138,0.01090669519148674,0.11721358230858082,0.1609429216113316
Binomial,beta-binomial,uncalibrated,500,1.5,1.1,Pear.p.val,1000,348,0.348,0.015063067416698366,0.318461214147858,0.37843694448153375
Binomial,beta-binomial,uncalibrated,500,1.5,1.1,Ref.p.val,1000,353,0.353,0.015112610628213776,0.32334955757958167,0.3835189950574548
Binomial,beta-binomial,uncalibrated,500,1.5,1.2,DHA.p.val,1000,596,0.596,0.015517216245190372,0.5648408383487339,0.6265922610801002
Binomial,beta-binomial,uncalibrated,500,1.5,1.2,Pear.p.val,1000,835,0.835,0.011737759581794136,0.810515791620291,0.8574926823944774
Binomial,beta-binomial,uncalibrated,500,1.5,1.2,Ref.p.val,1000,844,0.844,0.011474493452871897,0.8200028150110137,0.8659508761108912
Binomial,beta-binomial,uncalibrated,500,1.5,1.35,DHA.p.val,1000,984,0.984,0.00396787096564392,0.9741467509186266,0.9908276807307779
Binomial,beta-binomial,uncalibrated,500,1.5,1.35,Pear.p.val,1000,997,0.997,0.0017294507798720387,0.9912579767615217,0.9993809000683505
Binomial,beta-binomial,uncalibrated,500,1.5,1.35,Ref.p.val,1000,995,0.995,0.002230470802319547,0.9883705294401879,0.9983745804824372
Binomial,beta-binomial,uncalibrated,500,1.5,1.5,DHA.p.val,1000,1000,1,0,0.9963179161031344,1
Binomial,beta-binomial,uncalibrated,500,1.5,1.5,Pear.p.val,1000,1000,1,0,0.9963179161031344,1
Binomial,beta-binomial,uncalibrated,500,1.5,1.5,Ref.p.val,1000,1000,1,0,0.9963179161031344,1
Binomial,beta-binomial,uncalibrated,500,1.5,1.75,DHA.p.val,1000,1000,1,0,0.9963179161031344,1
Binomial,beta-binomial,uncalibrated,500,1.5,1.75,Pear.p.val,1000,1000,1,0,0.9963179161031344,1
Binomial,beta-binomial,uncalibrated,500,1.5,1.75,Ref.p.val,1000,1000,1,0,0.9963179161031344,1
Binomial,beta-binomial,uncalibrated,500,1.5,2,DHA.p.val,1000,1000,1,0,0.9963179161031344,1
Binomial,beta-binomial,uncalibrated,500,1.5,2,Pear.p.val,1000,1000,1,0,0.9963179161031344,1
Binomial,beta-binomial,uncalibrated,500,1.5,2,Ref.p.val,1000,1000,1,0,0.9963179161031344,1
Binomial,beta-binomial,uncalibrated,500,1.5,2.5,DHA.p.val,1000,1000,1,0,0.9963179161031344,1
Binomial,beta-binomial,uncalibrated,500,1.5,2.5,Pear.p.val,1000,1000,1,0,0.9963179161031344,1
Binomial,beta-binomial,uncalibrated,500,1.5,2.5,Ref.p.val,1000,1000,1,0,0.9963179161031344,1
Binomial,beta-binomial,uncalibrated,500,1.5,3,DHA.p.val,1000,1000,1,0,0.9963179161031344,1
Binomial,beta-binomial,uncalibrated,500,1.5,3,Pear.p.val,1000,1000,1,0,0.9963179161031344,1
Binomial,beta-binomial,uncalibrated,500,1.5,3,Ref.p.val,1000,1000,1,0,0.9963179161031344,1
Binomial,beta-binomial,uncalibrated,500,1.5,4,DHA.p.val,1000,1000,1,0,0.9963179161031344,1
Binomial,beta-binomial,uncalibrated,500,1.5,4,Pear.p.val,1000,1000,1,0,0.9963179161031344,1
Binomial,beta-binomial,uncalibrated,500,1.5,4,Ref.p.val,1000,1000,1,0,0.9963179161031344,1
Binomial,beta-binomial,uncalibrated,500,1.5,5,DHA.p.val,1000,1000,1,0,0.9963179161031344,1
Binomial,beta-binomial,uncalibrated,500,1.5,5,Pear.p.val,1000,1000,1,0,0.9963179161031344,1
Binomial,beta-binomial,uncalibrated,500,1.5,5,Ref.p.val,1000,1000,1,0,0.9963179161031344,1
Binomial,beta-binomial,uncalibrated,1000,-1.5,1,DHA.p.val,1000,6,0.006,0.002442130217658346,0.00220498248515138,0.013013423270974545
Binomial,beta-binomial,uncalibrated,1000,-1.5,1,Pear.p.val,1000,35,0.035,0.005811626278418116,0.02449752789475872,0.04834238161422166
Binomial,beta-binomial,uncalibrated,1000,-1.5,1,Ref.p.val,1000,50,0.05,0.006892024376045111,0.03733539760466177,0.06539048791549362
Binomial,beta-binomial,uncalibrated,1000,-1.5,1.1,DHA.p.val,1000,287,0.287,0.01430492922037715,0.25912420282271126,0.3161358360754747
Binomial,beta-binomial,uncalibrated,1000,-1.5,1.1,Pear.p.val,1000,579,0.579,0.015612783224012303,0.5477042276526581,0.6098293201725631
Binomial,beta-binomial,uncalibrated,1000,-1.5,1.1,Ref.p.val,1000,619,0.619,0.015357050498061143,0.5880859746995805,0.6492111514670235
Binomial,beta-binomial,uncalibrated,1000,-1.5,1.2,DHA.p.val,1000,908,0.908,0.009139803061335619,0.8883642274816803,0.9251915548221445
Binomial,beta-binomial,uncalibrated,1000,-1.5,1.2,Pear.p.val,1000,984,0.984,0.00396787096564392,0.9741467509186266,0.9908276807307779
Binomial,beta-binomial,uncalibrated,1000,-1.5,1.2,Ref.p.val,1000,989,0.989,0.0032983329122452166,0.9804033717779835,0.9944964058076864
Binomial,beta-binomial,uncalibrated,1000,-1.5,1.35,DHA.p.val,1000,1000,1,0,0.9963179161031344,1
Binomial,beta-binomial,uncalibrated,1000,-1.5,1.35,Pear.p.val,1000,1000,1,0,0.9963179161031344,1
Binomial,beta-binomial,uncalibrated,1000,-1.5,1.35,Ref.p.val,1000,1000,1,0,0.9963179161031344,1
Binomial,beta-binomial,uncalibrated,1000,-1.5,1.5,DHA.p.val,1000,1000,1,0,0.9963179161031344,1
Binomial,beta-binomial,uncalibrated,1000,-1.5,1.5,Pear.p.val,1000,1000,1,0,0.9963179161031344,1
Binomial,beta-binomial,uncalibrated,1000,-1.5,1.5,Ref.p.val,1000,1000,1,0,0.9963179161031344,1
Binomial,beta-binomial,uncalibrated,1000,-1.5,1.75,DHA.p.val,1000,1000,1,0,0.9963179161031344,1
Binomial,beta-binomial,uncalibrated,1000,-1.5,1.75,Pear.p.val,1000,1000,1,0,0.9963179161031344,1
Binomial,beta-binomial,uncalibrated,1000,-1.5,1.75,Ref.p.val,1000,1000,1,0,0.9963179161031344,1
Binomial,beta-binomial,uncalibrated,1000,-1.5,2,DHA.p.val,1000,1000,1,0,0.9963179161031344,1
Binomial,beta-binomial,uncalibrated,1000,-1.5,2,Pear.p.val,1000,1000,1,0,0.9963179161031344,1
Binomial,beta-binomial,uncalibrated,1000,-1.5,2,Ref.p.val,1000,1000,1,0,0.9963179161031344,1
Binomial,beta-binomial,uncalibrated,1000,-1.5,2.5,DHA.p.val,1000,1000,1,0,0.9963179161031344,1
Binomial,beta-binomial,uncalibrated,1000,-1.5,2.5,Pear.p.val,1000,1000,1,0,0.9963179161031344,1
Binomial,beta-binomial,uncalibrated,1000,-1.5,2.5,Ref.p.val,1000,1000,1,0,0.9963179161031344,1
Binomial,beta-binomial,uncalibrated,1000,-1.5,3,DHA.p.val,1000,1000,1,0,0.9963179161031344,1
Binomial,beta-binomial,uncalibrated,1000,-1.5,3,Pear.p.val,1000,1000,1,0,0.9963179161031344,1
Binomial,beta-binomial,uncalibrated,1000,-1.5,3,Ref.p.val,1000,1000,1,0,0.9963179161031344,1
Binomial,beta-binomial,uncalibrated,1000,-1.5,4,DHA.p.val,1000,1000,1,0,0.9963179161031344,1
Binomial,beta-binomial,uncalibrated,1000,-1.5,4,Pear.p.val,1000,1000,1,0,0.9963179161031344,1
Binomial,beta-binomial,uncalibrated,1000,-1.5,4,Ref.p.val,1000,1000,1,0,0.9963179161031344,1
Binomial,beta-binomial,uncalibrated,1000,-1.5,5,DHA.p.val,1000,1000,1,0,0.9963179161031344,1
Binomial,beta-binomial,uncalibrated,1000,-1.5,5,Pear.p.val,1000,1000,1,0,0.9963179161031344,1
Binomial,beta-binomial,uncalibrated,1000,-1.5,5,Ref.p.val,1000,1000,1,0,0.9963179161031344,1
Binomial,beta-binomial,uncalibrated,1000,0,1,DHA.p.val,1000,7,0.007,0.0026364749192814255,0.0028188587596205223,0.014369194978918642
Binomial,beta-binomial,uncalibrated,1000,0,1,Pear.p.val,1000,30,0.03,0.005394441583704471,0.020330485683109627,0.04255140247002909
Binomial,beta-binomial,uncalibrated,1000,0,1,Ref.p.val,1000,50,0.05,0.006892024376045111,0.03733539760466177,0.06539048791549362
Binomial,beta-binomial,uncalibrated,1000,0,1.1,DHA.p.val,1000,365,0.365,0.015224158433227107,0.33509597380777084,0.3957015511460872
Binomial,beta-binomial,uncalibrated,1000,0,1.1,Pear.p.val,1000,591,0.591,0.015547314880711718,0.5597967691447996,0.6216658781236122
Binomial,beta-binomial,uncalibrated,1000,0,1.1,Ref.p.val,1000,631,0.631,0.015259062880793171,0.6002420461305636,0.6609840970077635
Binomial,beta-binomial,uncalibrated,1000,0,1.2,DHA.p.val,1000,956,0.956,0.006485676526007139,0.9413795807936691,0.9678505029891286
Binomial,beta-binomial,uncalibrated,1000,0,1.2,Pear.p.val,1000,988,0.988,0.003443254274665176,0.9791323204089636,0.9937844744404047
Binomial,beta-binomial,uncalibrated,1000,0,1.2,Ref.p.val,1000,992,0.992,0.0028170906978654425,0.9842979508239253,0.9965400238346707
Binomial,beta-binomial,uncalibrated,1000,0,1.35,DHA.p.val,1000,1000,1,0,0.9963179161031344,1
Binomial,beta-binomial,uncalibrated,1000,0,1.35,Pear.p.val,1000,1000,1,0,0.9963179161031344,1
Binomial,beta-binomial,uncalibrated,1000,0,1.35,Ref.p.val,1000,1000,1,0,0.9963179161031344,1
Binomial,beta-binomial,uncalibrated,1000,0,1.5,DHA.p.val,1000,1000,1,0,0.9963179161031344,1
Binomial,beta-binomial,uncalibrated,1000,0,1.5,Pear.p.val,1000,1000,1,0,0.9963179161031344,1
Binomial,beta-binomial,uncalibrated,1000,0,1.5,Ref.p.val,1000,1000,1,0,0.9963179161031344,1
Binomial,beta-binomial,uncalibrated,1000,0,1.75,DHA.p.val,1000,1000,1,0,0.9963179161031344,1
Binomial,beta-binomial,uncalibrated,1000,0,1.75,Pear.p.val,1000,1000,1,0,0.9963179161031344,1
Binomial,beta-binomial,uncalibrated,1000,0,1.75,Ref.p.val,1000,1000,1,0,0.9963179161031344,1
Binomial,beta-binomial,uncalibrated,1000,0,2,DHA.p.val,1000,1000,1,0,0.9963179161031344,1
Binomial,beta-binomial,uncalibrated,1000,0,2,Pear.p.val,1000,1000,1,0,0.9963179161031344,1
Binomial,beta-binomial,uncalibrated,1000,0,2,Ref.p.val,1000,1000,1,0,0.9963179161031344,1
Binomial,beta-binomial,uncalibrated,1000,0,2.5,DHA.p.val,1000,1000,1,0,0.9963179161031344,1
Binomial,beta-binomial,uncalibrated,1000,0,2.5,Pear.p.val,1000,1000,1,0,0.9963179161031344,1
Binomial,beta-binomial,uncalibrated,1000,0,2.5,Ref.p.val,1000,1000,1,0,0.9963179161031344,1
Binomial,beta-binomial,uncalibrated,1000,0,3,DHA.p.val,1000,1000,1,0,0.9963179161031344,1
Binomial,beta-binomial,uncalibrated,1000,0,3,Pear.p.val,1000,1000,1,0,0.9963179161031344,1
Binomial,beta-binomial,uncalibrated,1000,0,3,Ref.p.val,1000,1000,1,0,0.9963179161031344,1
Binomial,beta-binomial,uncalibrated,1000,0,4,DHA.p.val,1000,1000,1,0,0.9963179161031344,1
Binomial,beta-binomial,uncalibrated,1000,0,4,Pear.p.val,1000,1000,1,0,0.9963179161031344,1
Binomial,beta-binomial,uncalibrated,1000,0,4,Ref.p.val,1000,1000,1,0,0.9963179161031344,1
Binomial,beta-binomial,uncalibrated,1000,0,5,DHA.p.val,1000,1000,1,0,0.9963179161031344,1
Binomial,beta-binomial,uncalibrated,1000,0,5,Pear.p.val,1000,1000,1,0,0.9963179161031344,1
Binomial,beta-binomial,uncalibrated,1000,0,5,Ref.p.val,1000,1000,1,0,0.9963179161031344,1
Binomial,beta-binomial,uncalibrated,1000,1.5,1,DHA.p.val,1000,8,0.008,0.0028170906978654416,0.003459976165329311,0.01570204917607465
Binomial,beta-binomial,uncalibrated,1000,1.5,1,Pear.p.val,1000,37,0.037,0.005969170796685248,0.026182708843737346,0.05064112305992485
Binomial,beta-binomial,uncalibrated,1000,1.5,1,Ref.p.val,1000,49,0.049,0.006826346021115542,0.03646705917204781,0.06426605314016964
Binomial,beta-binomial,uncalibrated,1000,1.5,1.1,DHA.p.val,1000,300,0.3,0.014491376746189439,0.2717211121291444,0.329461678697366
Binomial,beta-binomial,uncalibrated,1000,1.5,1.1,Pear.p.val,1000,564,0.564,0.015681326474504636,0.5326145242345783,0.59500762481945
Binomial,beta-binomial,uncalibrated,1000,1.5,1.1,Ref.p.val,1000,613,0.613,0.015402305022301045,0.5820152430808955,0.6433173635457232
Binomial,beta-binomial,uncalibrated,1000,1.5,1.2,DHA.p.val,1000,904,0.904,0.009315793041926167,0.8840333566371232,0.9215479637525775
Binomial,beta-binomial,uncalibrated,1000,1.5,1.2,Pear.p.val,1000,979,0.979,0.00453420334788814,0.9680776648195845,0.9869548077096123
Binomial,beta-binomial,uncalibrated,1000,1.5,1.2,Ref.p.val,1000,981,0.981,0.004317290817167639,0.9704875983749022,0.988522963006899
Binomial,beta-binomial,uncalibrated,1000,1.5,1.35,DHA.p.val,1000,1000,1,0,0.9963179161031344,1
Binomial,beta-binomial,uncalibrated,1000,1.5,1.35,Pear.p.val,1000,1000,1,0,0.9963179161031344,1
Binomial,beta-binomial,uncalibrated,1000,1.5,1.35,Ref.p.val,1000,1000,1,0,0.9963179161031344,1
Binomial,beta-binomial,uncalibrated,1000,1.5,1.5,DHA.p.val,1000,1000,1,0,0.9963179161031344,1
Binomial,beta-binomial,uncalibrated,1000,1.5,1.5,Pear.p.val,1000,1000,1,0,0.9963179161031344,1
Binomial,beta-binomial,uncalibrated,1000,1.5,1.5,Ref.p.val,1000,1000,1,0,0.9963179161031344,1
Binomial,beta-binomial,uncalibrated,1000,1.5,1.75,DHA.p.val,1000,1000,1,0,0.9963179161031344,1
Binomial,beta-binomial,uncalibrated,1000,1.5,1.75,Pear.p.val,1000,1000,1,0,0.9963179161031344,1
Binomial,beta-binomial,uncalibrated,1000,1.5,1.75,Ref.p.val,1000,1000,1,0,0.9963179161031344,1
Binomial,beta-binomial,uncalibrated,1000,1.5,2,DHA.p.val,1000,1000,1,0,0.9963179161031344,1
Binomial,beta-binomial,uncalibrated,1000,1.5,2,Pear.p.val,1000,1000,1,0,0.9963179161031344,1
Binomial,beta-binomial,uncalibrated,1000,1.5,2,Ref.p.val,1000,1000,1,0,0.9963179161031344,1
Binomial,beta-binomial,uncalibrated,1000,1.5,2.5,DHA.p.val,1000,1000,1,0,0.9963179161031344,1
Binomial,beta-binomial,uncalibrated,1000,1.5,2.5,Pear.p.val,1000,1000,1,0,0.9963179161031344,1
Binomial,beta-binomial,uncalibrated,1000,1.5,2.5,Ref.p.val,1000,1000,1,0,0.9963179161031344,1
Binomial,beta-binomial,uncalibrated,1000,1.5,3,DHA.p.val,1000,1000,1,0,0.9963179161031344,1
Binomial,beta-binomial,uncalibrated,1000,1.5,3,Pear.p.val,1000,1000,1,0,0.9963179161031344,1
Binomial,beta-binomial,uncalibrated,1000,1.5,3,Ref.p.val,1000,1000,1,0,0.9963179161031344,1
Binomial,beta-binomial,uncalibrated,1000,1.5,4,DHA.p.val,1000,1000,1,0,0.9963179161031344,1
Binomial,beta-binomial,uncalibrated,1000,1.5,4,Pear.p.val,1000,1000,1,0,0.9963179161031344,1
Binomial,beta-binomial,uncalibrated,1000,1.5,4,Ref.p.val,1000,1000,1,0,0.9963179161031344,1
Binomial,beta-binomial,uncalibrated,1000,1.5,5,DHA.p.val,1000,1000,1,0,0.9963179161031344,1
Binomial,beta-binomial,uncalibrated,1000,1.5,5,Pear.p.val,1000,1000,1,0,0.9963179161031344,1
Binomial,beta-binomial,uncalibrated,1000,1.5,5,Ref.p.val,1000,1000,1,0,0.9963179161031344,1
Poisson,negative binomial,calibrated,10,-1.5,1,DHA.p.val,972,44,0.04526748971193416,0.006668081955259063,0.03308100493528556,0.06029573143709732
Poisson,negative binomial,calibrated,10,-1.5,1,Pear.p.val,1000,47,0.047,0.006692607862410586,0.03473506226679596,0.062012630693305204
Poisson,negative binomial,calibrated,10,-1.5,1,Ref.p.val,1000,37,0.037,0.005969170796685248,0.026182708843737346,0.05064112305992485
Poisson,negative binomial,calibrated,10,-1.5,1.1,DHA.p.val,960,66,0.06875,0.008166460722318247,0.05356677038642428,0.08663952587272805
Poisson,negative binomial,calibrated,10,-1.5,1.1,Pear.p.val,1000,56,0.056,0.007270763371201128,0.04257554968661718,0.07210774628325278
Poisson,negative binomial,calibrated,10,-1.5,1.1,Ref.p.val,1000,82,0.082,0.008676174272108648,0.06574586027183191,0.10076286741531137
Poisson,negative binomial,calibrated,10,-1.5,1.2,DHA.p.val,973,88,0.09044193216855087,0.009194830145919078,0.07316772761617155,0.11023954615077636
Poisson,negative binomial,calibrated,10,-1.5,1.2,Pear.p.val,1000,56,0.056,0.007270763371201128,0.04257554968661718,0.07210774628325278
Poisson,negative binomial,calibrated,10,-1.5,1.2,Ref.p.val,1000,94,0.094,0.009228434320078352,0.07662899292737785,0.11380243871897455
Poisson,negative binomial,calibrated,10,-1.5,1.35,DHA.p.val,953,110,0.11542497376705142,0.010350725205261929,0.09582626112679099,0.13743489916490415
Poisson,negative binomial,calibrated,10,-1.5,1.35,Pear.p.val,1000,55,0.055,0.00720936890441875,0.04169879507953599,0.07099151554205752
Poisson,negative binomial,calibrated,10,-1.5,1.35,Ref.p.val,1000,130,0.13,0.010634848376916336,0.1097693124537045,0.15243649460044018
Poisson,negative binomial,calibrated,10,-1.5,1.5,DHA.p.val,959,113,0.11783107403545359,0.010411096992697284,0.0981024057338434,0.13993998185544754
Poisson,negative binomial,calibrated,10,-1.5,1.5,Pear.p.val,1000,76,0.076,0.008379976133617566,0.06034366117990184,0.09420432364490217
Poisson,negative binomial,calibrated,10,-1.5,1.5,Ref.p.val,1000,124,0.124,0.010422283818818216,0.10420311919524627,0.14603982497054735
Poisson,negative binomial,calibrated,10,-1.5,1.75,DHA.p.val,932,157,0.1684549356223176,0.012259614353010768,0.14496787561134353,0.19405813940660754
Poisson,negative binomial,calibrated,10,-1.5,1.75,Pear.p.val,1000,82,0.082,0.008676174272108648,0.06574586027183191,0.10076286741531137
Poisson,negative binomial,calibrated,10,-1.5,1.75,Ref.p.val,1000,194,0.194,0.012504559168559283,0.16992114094753663,0.21989493897314083
Poisson,negative binomial,calibrated,10,-1.5,2,DHA.p.val,932,187,0.20064377682403434,0.013118224866738444,0.17537469427102262,0.22782005050202658
Poisson,negative binomial,calibrated,10,-1.5,2,Pear.p.val,1000,83,0.083,0.008724161850859944,0.0666489318088789,0.10185329675537569
Poisson,negative binomial,calibrated,10,-1.5,2,Ref.p.val,1000,208,0.208,0.0128349522788361,0.1832333195738835,0.23449852512818692
Poisson,negative binomial,calibrated,10,-1.5,2.5,DHA.p.val,926,213,0.23002159827213822,0.013829869644539533,0.20326943046498827,0.2585028593893086
Poisson,negative binomial,calibrated,10,-1.5,2.5,Pear.p.val,1000,119,0.119,0.010239091756596383,0.09957649182504012,0.1406975180226584
Poisson,negative binomial,calibrated,10,-1.5,2.5,Ref.p.val,1000,257,0.257,0.013818502089589886,0.23016433894637556,0.28527431402292436
Poisson,negative binomial,calibrated,10,-1.5,3,DHA.p.val,916,247,0.26965065502183405,0.014662847745390683,0.24114515446646667,0.29964577908230394
Poisson,negative binomial,calibrated,10,-1.5,3,Pear.p.val,1000,119,0.119,0.010239091756596383,0.09957649182504012,0.1406975180226584
Poisson,negative binomial,calibrated,10,-1.5,3,Ref.p.val,1000,270,0.27,0.014039230748157109,0.24269415008759498,0.2986670374650473
Poisson,negative binomial,calibrated,10,-1.5,4,DHA.p.val,885,241,0.27231638418079096,0.014963615800967781,0.2432217717735102,0.30293539295297434
Poisson,negative binomial,calibrated,10,-1.5,4,Pear.p.val,1000,150,0.15,0.011291589790636216,0.1284248111161728,0.173658128567036
Poisson,negative binomial,calibrated,10,-1.5,4,Ref.p.val,1000,285,0.285,0.014274978108564651,0.25718869625611684,0.3140832343383536
Poisson,negative binomial,calibrated,10,-1.5,5,DHA.p.val,869,246,0.28308400460299193,0.015282060413205784,0.25333421461934624,0.31431269358044545
Poisson,negative binomial,calibrated,10,-1.5,5,Pear.p.val,1000,147,0.147,0.011197812286335219,0.12561721113351154,0.1704840798790891
Poisson,negative binomial,calibrated,10,-1.5,5,Ref.p.val,1000,253,0.253,0.013747399754135324,0.22631524866453995,0.2811472625832938
Poisson,negative binomial,calibrated,10,0,1,DHA.p.val,1000,44,0.044,0.006485676526007136,0.03214949701087143,0.058620419206330876
Poisson,negative binomial,calibrated,10,0,1,Pear.p.val,1000,58,0.058,0.007391616873188166,0.044332860252820704,0.07433649538235165
Poisson,negative binomial,calibrated,10,0,1,Ref.p.val,1000,57,0.057,0.007331507348424334,0.0434535819369586,0.07322272946066222
Poisson,negative binomial,calibrated,10,0,1.1,DHA.p.val,1000,42,0.042,0.0063431853196954605,0.030434706263140012,0.05635029157574478
Poisson,negative binomial,calibrated,10,0,1.1,Pear.p.val,1000,66,0.066,0.007851369307324678,0.05140856601891849,0.08320605046140273
Poisson,negative binomial,calibrated,10,0,1.1,Ref.p.val,1000,66,0.066,0.007851369307324678,0.05140856601891849,0.08320605046140273
Poisson,negative binomial,calibrated,10,0,1.2,DHA.p.val,1000,46,0.046,0.006624499981130651,0.033871498547677924,0.060883552713742684
Poisson,negative binomial,calibrated,10,0,1.2,Pear.p.val,1000,82,0.082,0.008676174272108648,0.06574586027183191,0.10076286741531137
Poisson,negative binomial,calibrated,10,0,1.2,Ref.p.val,1000,71,0.071,0.008121514637061242,0.05586464824989751,0.08871644088678732
Poisson,negative binomial,calibrated,10,0,1.35,DHA.p.val,1000,49,0.049,0.006826346021115542,0.03646705917204781,0.06426605314016964
Poisson,negative binomial,calibrated,10,0,1.35,Pear.p.val,1000,125,0.125,0.010458250331675944,0.10512976155459257,0.1471069827787711
Poisson,negative binomial,calibrated,10,0,1.35,Ref.p.val,1000,116,0.116,0.010126401137620413,0.09680595526975852,0.13748675054956383
Poisson,negative binomial,calibrated,10,0,1.5,DHA.p.val,1000,67,0.067,0.007906389820898032,0.052297836400045185,0.08431003710244145
Poisson,negative binomial,calibrated,10,0,1.5,Pear.p.val,1000,147,0.147,0.011197812286335219,0.12561721113351154,0.1704840798790891
Poisson,negative binomial,calibrated,10,0,1.5,Ref.p.val,1000,129,0.129,0.010599952830083727,0.10884057120623476,0.15137141531495624
Poisson,negative binomial,calibrated,10,0,1.75,DHA.p.val,1000,109,0.109,0.00985489725973843,0.09035814767691946,0.12997836534293516
Poisson,negative binomial,calibrated,10,0,1.75,Pear.p.val,1000,222,0.222,0.013142145943490356,0.19659092626388383,0.24905691838110666
Poisson,negative binomial,calibrated,10,0,1.75,Ref.p.val,1000,198,0.198,0.012601428490452978,0.17371978110414948,0.2240722051716183
Poisson,negative binomial,calibrated,10,0,2,DHA.p.val,1000,141,0.141,0.011005407761641547,0.12001151279686956,0.16412655895160866
Poisson,negative binomial,calibrated,10,0,2,Pear.p.val,1000,269,0.269,0.014022802858202064,0.24172923945190322,0.2976379031771549
Poisson,negative binomial,calibrated,10,0,2,Ref.p.val,1000,246,0.246,0.013619251080731275,0.21958662206679858,0.27391766918158833
Poisson,negative binomial,calibrated,10,0,2.5,DHA.p.val,999,246,0.24624624624624625,0.013630657624750263,0.2198101031323345,0.2741867302326857
Poisson,negative binomial,calibrated,10,0,2.5,Pear.p.val,1000,401,0.401,0.015498354751392161,0.3704534785094145,0.4321311525913314
Poisson,negative binomial,calibrated,10,0,2.5,Ref.p.val,1000,358,0.358,0.01516034300403523,0.32824144399292404,0.3885975093480847
Poisson,negative binomial,calibrated,10,0,3,DHA.p.val,1000,290,0.29,0.01434921600645833,0.2620287150449473,0.31921349011847433
Poisson,negative binomial,calibrated,10,0,3,Pear.p.val,1000,477,0.477,0.01579465099329517,0.44564978031646174,0.5084859896841312
Poisson,negative binomial,calibrated,10,0,3,Ref.p.val,1000,433,0.433,0.015668790636165893,0.40202574232341404,0.4643698269410771
Poisson,negative binomial,calibrated,10,0,4,DHA.p.val,1000,368,0.368,0.015250442616527561,0.3380357136149592,0.39874405992252426
Poisson,negative binomial,calibrated,10,0,4,Pear.p.val,1000,543,0.543,0.015752809273269323,0.5115367755816966,0.5742093796781236
Poisson,negative binomial,calibrated,10,0,4,Ref.p.val,1000,500,0.5,0.015811388300841896,0.46854917297179194,0.5314508270282081
Poisson,negative binomial,calibrated,10,0,5,DHA.p.val,995,483,0.48542713567839196,0.015844331663239623,0.45395272194629466,0.5169880086539267
Poisson,negative binomial,calibrated,10,0,5,Pear.p.val,1000,633,0.633,0.015241751867813621,0.6022699716904012,0.6629443378664157
Poisson,negative binomial,calibrated,10,0,5,Ref.p.val,1000,585,0.585,0.015581238718407468,0.5537481738680577,0.6157499260746571
Poisson,negative binomial,calibrated,10,1.5,1,DHA.p.val,1000,46,0.046,0.006624499981130651,0.033871498547677924,0.060883552713742684
Poisson,negative binomial,calibrated,10,1.5,1,Pear.p.val,1000,43,0.043,0.006414904519944158,0.0312911704560926,0.057486257961972376
Poisson,negative binomial,calibrated,10,1.5,1,Ref.p.val,1000,34,0.034,0.005730968504537431,0.02365864810759674,0.04718943861570746
Poisson,negative binomial,calibrated,10,1.5,1.1,DHA.p.val,1000,41,0.041,0.006270486424512854,0.02958016853403611,0.05521245931529928
Poisson,negative binomial,calibrated,10,1.5,1.1,Pear.p.val,1000,53,0.053,0.00708456067798138,0.03994925236001938,0.06875518328996322
Poisson,negative binomial,calibrated,10,1.5,1.1,Ref.p.val,1000,43,0.043,0.006414904519944158,0.0312911704560926,0.057486257961972376
Poisson,negative binomial,calibrated,10,1.5,1.2,DHA.p.val,1000,40,0.04,0.0061967733539318665,0.028727625285890793,0.05407269681936844
Poisson,negative binomial,calibrated,10,1.5,1.2,Pear.p.val,1000,85,0.085,0.008819013550278738,0.06845727877099016,0.10403198577837725
Poisson,negative binomial,calibrated,10,1.5,1.2,Ref.p.val,1000,74,0.074,0.00827792244467173,0.05854944426065262,0.09201173601424906
Poisson,negative binomial,calibrated,10,1.5,1.35,DHA.p.val,1000,47,0.047,0.006692607862410586,0.03473506226679596,0.062012630693305204
Poisson,negative binomial,calibrated,10,1.5,1.35,Pear.p.val,1000,121,0.121,0.010313049985334114,0.10142580723074802,0.14283576268156783
Poisson,negative binomial,calibrated,10,1.5,1.35,Ref.p.val,1000,99,0.099,0.009444522221901964,0.08119112894696873,0.11920848268620654
Poisson,negative binomial,calibrated,10,1.5,1.5,DHA.p.val,1000,71,0.071,0.008121514637061242,0.05586464824989751,0.08871644088678732
Poisson,negative binomial,calibrated,10,1.5,1.5,Pear.p.val,1000,172,0.172,0.011933817494833746,0.1491029641479786,0.19684607394473908
Poisson,negative binomial,calibrated,10,1.5,1.5,Ref.p.val,1000,150,0.15,0.011291589790636216,0.1284248111161728,0.173658128567036
Poisson,negative binomial,calibrated,10,1.5,1.75,DHA.p.val,1000,100,0.1,0.009486832980505138,0.08210533435558,0.12028793651869263
Poisson,negative binomial,calibrated,10,1.5,1.75,Pear.p.val,1000,271,0.271,0.014055568291606,0.24365923756561741,0.2996959955145062
Poisson,negative binomial,calibrated,10,1.5,1.75,Ref.p.val,1000,232,0.232,0.013348258313353095,0.20615813782866235,0.25942983045366985
Poisson,negative binomial,calibrated,10,1.5,2,DHA.p.val,1000,167,0.167,0.01179453263168999,0.14439030619474666,0.19158907017630922
Poisson,negative binomial,calibrated,10,1.5,2,Pear.p.val,1000,369,0.369,0.015259062880793171,0.3390159029922365,0.39975795386943636
Poisson,negative binomial,calibrated,10,1.5,2,Ref.p.val,1000,330,0.33,0.014869431730903503,0.30089307541900645,0.36011172565397365
Poisson,negative binomial,calibrated,10,1.5,2.5,DHA.p.val,1000,241,0.241,0.013524755080961725,0.21478625725399902,0.2687478999554027
Poisson,negative binomial,calibrated,10,1.5,2.5,Pear.p.val,1000,471,0.471,0.01578477114183161,0.4396868061736436,0.5024843842922233
Poisson,negative binomial,calibrated,10,1.5,2.5,Ref.p.val,1000,439,0.439,0.015693278816104682,0.4079601492061336,0.4703999842949588
Poisson,negative binomial,calibrated,10,1.5,3,DHA.p.val,1000,374,0.374,0.015301111070768685,0.3439189102032966,0.40482536664493507
Poisson,negative binomial,calibrated,10,1.5,3,Pear.p.val,1000,599,0.599,0.015498354751392161,0.5678688474086686,0.6295465214905855
Poisson,negative binomial,calibrated,10,1.5,3,Ref.p.val,1000,556,0.556,0.015711906313366306,0.5245783618666926,0.5870910318851419
Poisson,negative binomial,calibrated,10,1.5,4,DHA.p.val,1000,529,0.529,0.01578477114183161,0.49751561570777664,0.5603131938263564
Poisson,negative binomial,calibrated,10,1.5,4,Pear.p.val,1000,736,0.736,0.013939296969359681,0.7075104336595898,0.7630926390526391
Poisson,negative binomial,calibrated,10,1.5,4,Ref.p.val,1000,715,0.715,0.014274978108564651,0.6859167656616464,0.7428113037438832
Poisson,negative binomial,calibrated,10,1.5,5,DHA.p.val,1000,641,0.641,0.01516967369457893,0.6103872092040982,0.6707797565396463
Poisson,negative binomial,calibrated,10,1.5,5,Pear.p.val,1000,812,0.812,0.01235540367612487,0.786378459836871,0.8357692765986813
Poisson,negative binomial,calibrated,10,1.5,5,Ref.p.val,1000,790,0.79,0.01288021738946979,0.7634190151421868,0.814861153631494
Poisson,negative binomial,calibrated,10,3,1,DHA.p.val,1000,45,0.045,0.0065555320150236475,0.03300962543114875,0.05975283269340781
Poisson,negative binomial,calibrated,10,3,1,Pear.p.val,1000,41,0.041,0.006270486424512854,0.02958016853403611,0.05521245931529928
Poisson,negative binomial,calibrated,10,3,1,Ref.p.val,1000,41,0.041,0.006270486424512854,0.02958016853403611,0.05521245931529928
Poisson,negative binomial,calibrated,10,3,1.1,DHA.p.val,1000,44,0.044,0.006485676526007136,0.03214949701087143,0.058620419206330876
Poisson,negative binomial,calibrated,10,3,1.1,Pear.p.val,1000,52,0.052,0.007021111023192838,0.0390765349439805,0.06763501405050731
Poisson,negative binomial,calibrated,10,3,1.1,Ref.p.val,1000,53,0.053,0.00708456067798138,0.03994925236001938,0.06875518328996322
Poisson,negative binomial,calibrated,10,3,1.2,DHA.p.val,1000,46,0.046,0.006624499981130651,0.033871498547677924,0.060883552713742684
Poisson,negative binomial,calibrated,10,3,1.2,Pear.p.val,1000,76,0.076,0.008379976133617566,0.06034366117990184,0.09420432364490217
Poisson,negative binomial,calibrated,10,3,1.2,Ref.p.val,1000,77,0.077,0.00843036179532053,0.061242027783549015,0.09529938097825963
Poisson,negative binomial,calibrated,10,3,1.35,DHA.p.val,1000,74,0.074,0.00827792244467173,0.05854944426065262,0.09201173601424906
Poisson,negative binomial,calibrated,10,3,1.35,Pear.p.val,1000,141,0.141,0.011005407761641547,0.12001151279686956,0.16412655895160866
Poisson,negative binomial,calibrated,10,3,1.35,Ref.p.val,1000,141,0.141,0.011005407761641547,0.12001151279686956,0.16412655895160866
Poisson,negative binomial,calibrated,10,3,1.5,DHA.p.val,1000,85,0.085,0.008819013550278738,0.06845727877099016,0.10403198577837725
Poisson,negative binomial,calibrated,10,3,1.5,Pear.p.val,1000,172,0.172,0.011933817494833746,0.1491029641479786,0.19684607394473908
Poisson,negative binomial,calibrated,10,3,1.5,Ref.p.val,1000,159,0.159,0.011563693181678594,0.13686569233853219,0.18316233481747668
Poisson,negative binomial,calibrated,10,3,1.75,DHA.p.val,1000,106,0.106,0.009734680272099337,0.08760236506921207,0.12675300878156248
Poisson,negative binomial,calibrated,10,3,1.75,Pear.p.val,1000,230,0.23,0.013307892395116516,0.20424301848561774,0.25735691750323
Poisson,negative binomial,calibrated,10,3,1.75,Ref.p.val,1000,216,0.216,0.013013224043256921,0.19086088726752587,0.242822931103999
Poisson,negative binomial,calibrated,10,3,2,DHA.p.val,1000,195,0.195,0.012528966437819204,0.17087042902298147,0.22093962539267165
Poisson,negative binomial,calibrated,10,3,2,Pear.p.val,1000,375,0.375,0.015309310892394862,0.3448999221212982,0.405838439381056
Poisson,negative binomial,calibrated,10,3,2,Ref.p.val,1000,365,0.365,0.015224158433227107,0.33509597380777084,0.3957015511460872
Poisson,negative binomial,calibrated,10,3,2.5,DHA.p.val,1000,314,0.314,0.01467664811869522,0.2853173846649503,0.3437823005963053
Poisson,negative binomial,calibrated,10,3,2.5,Pear.p.val,1000,507,0.507,0.015809838708854686,0.47553154226613775,0.5384271372459565
Poisson,negative binomial,calibrated,10,3,2.5,Ref.p.val,1000,494,0.494,0.015810249839898167,0.46256910749719693,0.5254663100449359
Poisson,negative binomial,calibrated,10,3,3,DHA.p.val,1000,413,0.413,0.0155701958882989,0.382277571349047,0.44423614571470116
Poisson,negative binomial,calibrated,10,3,3,Pear.p.val,1000,621,0.621,0.015341414537127925,0.5901106284630275,0.6511746693049583
Poisson,negative binomial,calibrated,10,3,3,Ref.p.val,1000,602,0.602,0.015478888849009803,0.5708980373110477,0.63249959962615
Poisson,negative binomial,calibrated,10,3,4,DHA.p.val,1000,600,0.6,0.015491933384829668,0.5688784459558931,0.6305310124510876
Poisson,negative binomial,calibrated,10,3,4,Pear.p.val,1000,804,0.804,0.01255324659201754,0.7780159357151282,0.8281800339664227
Poisson,negative binomial,calibrated,10,3,4,Ref.p.val,1000,790,0.79,0.01288021738946979,0.7634190151421868,0.814861153631494
Poisson,negative binomial,calibrated,10,3,5,DHA.p.val,1000,740,0.74,0.013870832707519763,0.7116323400836536,0.766946893382749
Poisson,negative binomial,calibrated,10,3,5,Pear.p.val,1000,888,0.888,0.00997276290703835,0.8668008344307598,0.9068814600783898
Poisson,negative binomial,calibrated,10,3,5,Ref.p.val,1000,874,0.874,0.010493998284733994,0.8518262835289733,0.89394316773752025
Poisson,negative binomial,calibrated,50,-1.5,1,DHA.p.val,1000,39,0.039,0.006122009474020765,0.02787714879533642,0.052930935785445055
Poisson,negative binomial,calibrated,50,-1.5,1,Pear.p.val,1000,58,0.058,0.007391616873188166,0.044332860252820704,0.07433649538235165
Poisson,negative binomial,calibrated,50,-1.5,1,Ref.p.val,1000,44,0.044,0.006485676526007136,0.03214949701087143,0.058620419206330876
Poisson,negative binomial,calibrated,50,-1.5,1.1,DHA.p.val,1000,119,0.119,0.010239091756596383,0.09957649182504012,0.1406975180226584
Poisson,negative binomial,calibrated,50,-1.5,1.1,Pear.p.val,1000,90,0.09,0.009049861877399014,0.07299046645662287,0.10946657313833918
Poisson,negative binomial,calibrated,50,-1.5,1.1,Ref.p.val,1000,94,0.094,0.009228434320078352,0.07662899292737785,0.11380243871897455
Poisson,negative binomial,calibrated,50,-1.5,1.2,DHA.p.val,1000,204,0.204,0.01274299807737567,0.17942505436407905,0.23033083176015534
Poisson,negative binomial,calibrated,50,-1.5,1.2,Pear.p.val,1000,178,0.178,0.012096115078817662,0.15476764229594311,0.20314505318223774
Poisson,negative binomial,calibrated,50,-1.5,1.2,Ref.p.val,1000,178,0.178,0.012096115078817662,0.15476764229594311,0.20314505318223774
Poisson,negative binomial,calibrated,50,-1.5,1.35,DHA.p.val,1000,324,0.324,0.014799459449588015,0.2950476484431729,0.35399272338422616
Poisson,negative binomial,calibrated,50,-1.5,1.35,Pear.p.val,1000,276,0.276,0.014135911714495106,0.2484873062148415,0.304838163350736
Poisson,negative binomial,calibrated,50,-1.5,1.35,Ref.p.val,1000,269,0.269,0.014022802858202064,0.24172923945190322,0.2976379031771549
Poisson,negative binomial,calibrated,50,-1.5,1.5,DHA.p.val,999,409,0.4094094094094094,0.015557486309707129,0.37872222471783185,0.4406320678565683
Poisson,negative binomial,calibrated,50,-1.5,1.5,Pear.p.val,1000,354,0.354,0.015122301412152848,0.32432765251839796,0.3845349797344155
Poisson,negative binomial,calibrated,50,-1.5,1.5,Ref.p.val,1000,357,0.357,0.015150940564862632,0.3272627849014865,0.3875820877789603
Poisson,negative binomial,calibrated,50,-1.5,1.75,DHA.p.val,1000,527,0.527,0.01578831846651188,0.49551458399303044,0.5583260325172668
Poisson,negative binomial,calibrated,50,-1.5,1.75,Pear.p.val,1000,472,0.472,0.015786576576319513,0.44068032470198276,0.5034849622552621
Poisson,negative binomial,calibrated,50,-1.5,1.75,Ref.p.val,1000,448,0.448,0.01572564784039119,0.4168702927319095,0.4794366932377484
Poisson,negative binomial,calibrated,50,-1.5,2,DHA.p.val,1000,649,0.649,0.015093011627902497,0.6185133989073751,0.6786062068810231
Poisson,negative binomial,calibrated,50,-1.5,2,Pear.p.val,1000,579,0.579,0.015612783224012303,0.5477042276526581,0.6098293201725631
Poisson,negative binomial,calibrated,50,-1.5,2,Ref.p.val,1000,547,0.547,0.015741378592740853,0.5155473142694611,0.5781752233708395
Poisson,negative binomial,calibrated,50,-1.5,2.5,DHA.p.val,999,762,0.7627627627627628,0.013458709721687763,0.7351314262549473,0.7888358782669639
Poisson,negative binomial,calibrated,50,-1.5,2.5,Pear.p.val,1000,707,0.707,0.014392741226048637,0.6777103418972616,0.7350652822207449
Poisson,negative binomial,calibrated,50,-1.5,2.5,Ref.p.val,1000,676,0.676,0.014799459449588015,0.6460072766157738,0.7049523515568271
Poisson,negative binomial,calibrated,50,-1.5,3,DHA.p.val,999,806,0.8068068068068068,0.012491021131433435,0.7809344691755258,0.8308563584515389
Poisson,negative binomial,calibrated,50,-1.5,3,Pear.p.val,1000,745,0.745,0.013783141876945184,0.7167888393029331,0.771760579998092
Poisson,negative binomial,calibrated,50,-1.5,3,Ref.p.val,1000,726,0.726,0.014104041973845655,0.6972181816899912,0.753444445084533
Poisson,negative binomial,calibrated,50,-1.5,4,DHA.p.val,998,817,0.8186372745490982,0.01219704156399207,0.7933022332679344,0.8420761236908485
Poisson,negative binomial,calibrated,50,-1.5,4,Pear.p.val,1000,800,0.8,0.012649110640673518,0.7738406271786294,0.8243794251691579
Poisson,negative binomial,calibrated,50,-1.5,4,Ref.p.val,1000,762,0.762,0.01346684818359515,0.734356319276744,0.7880915941862289
Poisson,negative binomial,calibrated,50,-1.5,5,DHA.p.val,998,843,0.844689378757515,0.011465257801054788,0.8207050335392866,0.8666190502605979
Poisson,negative binomial,calibrated,50,-1.5,5,Pear.p.val,1000,841,0.841,0.011563693181678596,0.8168376651825233,0.8631343076614678
Poisson,negative binomial,calibrated,50,-1.5,5,Ref.p.val,1000,807,0.807,0.012480024038438387,0.7811499964179454,0.8310278967302052
Poisson,negative binomial,calibrated,50,0,1,DHA.p.val,1000,46,0.046,0.006624499981130651,0.033871498547677924,0.060883552713742684
Poisson,negative binomial,calibrated,50,0,1,Pear.p.val,1000,57,0.057,0.007331507348424334,0.0434535819369586,0.07322272946066222
Poisson,negative binomial,calibrated,50,0,1,Ref.p.val,1000,48,0.048,0.006759881655768835,0.035600265342883276,0.06314011540150921
Poisson,negative binomial,calibrated,50,0,1.1,DHA.p.val,1000,76,0.076,0.008379976133617566,0.06034366117990184,0.09420432364490217
Poisson,negative binomial,calibrated,50,0,1.1,Pear.p.val,1000,100,0.1,0.009486832980505138,0.08210533435558,0.12028793651869263
Poisson,negative binomial,calibrated,50,0,1.1,Ref.p.val,1000,85,0.085,0.008819013550278738,0.06845727877099016,0.10403198577837725
Poisson,negative binomial,calibrated,50,0,1.2,DHA.p.val,1000,150,0.15,0.011291589790636216,0.1284248111161728,0.173658128567036
Poisson,negative binomial,calibrated,50,0,1.2,Pear.p.val,1000,182,0.182,0.012201475320632338,0.158549653311438,0.20733884949016523
Poisson,negative binomial,calibrated,50,0,1.2,Ref.p.val,1000,159,0.159,0.011563693181678594,0.13686569233853219,0.18316233481747668
Poisson,negative binomial,calibrated,50,0,1.35,DHA.p.val,1000,253,0.253,0.013747399754135324,0.22631524866453995,0.2811472625832938
Poisson,negative binomial,calibrated,50,0,1.35,Pear.p.val,1000,320,0.32,0.014751271131668619,0.2911537108813487,0.3499103818528666
Poisson,negative binomial,calibrated,50,0,1.35,Ref.p.val,1000,271,0.271,0.014055568291606,0.24365923756561741,0.2996959955145062
Poisson,negative binomial,calibrated,50,0,1.5,DHA.p.val,1000,393,0.393,0.015445096309184997,0.362581243010654,0.42405067664891793
Poisson,negative binomial,calibrated,50,0,1.5,Pear.p.val,1000,483,0.483,0.01580224667571039,0.45161722072411653,0.5144831300231296
Poisson,negative binomial,calibrated,50,0,1.5,Ref.p.val,1000,442,0.442,0.01570464899321217,0.41092906177701044,0.4734133551087484
Poisson,negative binomial,calibrated,50,0,1.75,DHA.p.val,1000,620,0.62,0.015349267083479915,0.5890982340617007,0.6501929780067928
Poisson,negative binomial,calibrated,50,0,1.75,Pear.p.val,1000,725,0.725,0.014120021246442939,0.6961899225470708,0.7524786563444994
Poisson,negative binomial,calibrated,50,0,1.75,Ref.p.val,1000,691,0.691,0.014612289348353324,0.6613286752837124,0.7195419682726643
Poisson,negative binomial,calibrated,50,0,2,DHA.p.val,1000,766,0.766,0.013388203763014663,0.7384980761844333,0.7919259196245902
Poisson,negative binomial,calibrated,50,0,2,Pear.p.val,1000,822,0.822,0.012096115078817663,0.7968549468177623,0.8452323577040569
Poisson,negative binomial,calibrated,50,0,2,Ref.p.val,1000,796,0.796,0.012742998077375669,0.7696691682398447,0.8205749456359209
Poisson,negative binomial,calibrated,50,0,2.5,DHA.p.val,1000,908,0.908,0.009139803061335619,0.8883642274816803,0.9251915548221445
Poisson,negative binomial,calibrated,50,0,2.5,Pear.p.val,1000,940,0.94,0.007509993342207438,0.9234395095960652,0.9539049645775157
Poisson,negative binomial,calibrated,50,0,2.5,Ref.p.val,1000,921,0.921,0.008529888627643386,0.9025129050930988,0.9369587971905401
Poisson,negative binomial,calibrated,50,0,3,DHA.p.val,1000,963,0.963,0.005969170796685251,0.9493588769400751,0.9738172911562627
Poisson,negative binomial,calibrated,50,0,3,Pear.p.val,1000,971,0.971,0.005306505441436956,0.958615280883598,0.9804940626756153
Poisson,negative binomial,calibrated,50,0,3,Ref.p.val,1000,961,0.961,0.006122009474020767,0.947069064214555,0.9721228512046636
Poisson,negative binomial,calibrated,50,0,4,DHA.p.val,1000,988,0.988,0.003443254274665176,0.9791323204089636,0.9937844744404047
Poisson,negative binomial,calibrated,50,0,4,Pear.p.val,1000,991,0.991,0.0029864694875387575,0.9829842169301054,0.9958766043396575
Poisson,negative binomial,calibrated,50,0,4,Ref.p.val,1000,983,0.983,0.004087909000944127,0.9729205031351487,0.9900664874072834
Poisson,negative binomial,calibrated,50,0,5,DHA.p.val,1000,993,0.993,0.002636474919281427,0.9856308050210814,0.9971811412403795
Poisson,negative binomial,calibrated,50,0,5,Pear.p.val,1000,996,0.996,0.0019959959919799443,0.9897903353160701,0.9989090920122741
Poisson,negative binomial,calibrated,50,0,5,Ref.p.val,1000,991,0.991,0.0029864694875387575,0.9829842169301054,0.9958766043396575
Poisson,negative binomial,calibrated,50,1.5,1,DHA.p.val,1000,41,0.041,0.006270486424512854,0.02958016853403611,0.05521245931529928
Poisson,negative binomial,calibrated,50,1.5,1,Pear.p.val,1000,38,0.038,0.006046155803483731,0.027028815982983928,0.05178710362196415
Poisson,negative binomial,calibrated,50,1.5,1,Ref.p.val,1000,36,0.036,0.005891010100144117,0.025338914929837746,0.0494929117180124
Poisson,negative binomial,calibrated,50,1.5,1.1,DHA.p.val,1000,61,0.061,0.0075682891065286355,0.046977875541080204,0.07767077404912359
Poisson,negative binomial,calibrated,50,1.5,1.1,Pear.p.val,1000,76,0.076,0.008379976133617566,0.06034366117990184,0.09420432364490217
Poisson,negative binomial,calibrated,50,1.5,1.1,Ref.p.val,1000,78,0.078,0.008480330182251162,0.06214121313271406,0.096393633402583
Poisson,negative binomial,calibrated,50,1.5,1.2,DHA.p.val,1000,128,0.128,0.010564847372300274,0.10791224133119763,0.1503059285748708
Poisson,negative binomial,calibrated,50,1.5,1.2,Pear.p.val,1000,166,0.166,0.011766222843376714,0.1434486615841372,0.19053678854188016
Poisson,negative binomial,calibrated,50,1.5,1.2,Ref.p.val,1000,158,0.158,0.011534123287012324,0.1359265161849648,0.1821076024878585
Poisson,negative binomial,calibrated,50,1.5,1.35,DHA.p.val,1000,241,0.241,0.013524755080961725,0.21478625725399902,0.2687478999554027
Poisson,negative binomial,calibrated,50,1.5,1.35,Pear.p.val,1000,351,0.351,0.015093011627902497,0.32139379311897687,0.3814866010926249
Poisson,negative binomial,calibrated,50,1.5,1.35,Ref.p.val,1000,334,0.334,0.014914556647785411,0.3047930074309735,0.36418808656391655
Poisson,negative binomial,calibrated,50,1.5,1.5,DHA.p.val,1000,365,0.365,0.015224158433227107,0.33509597380777084,0.3957015511460872
Poisson,negative binomial,calibrated,50,1.5,1.5,Pear.p.val,1000,517,0.517,0.01580224667571039,0.4855168699768703,0.5483827792758835
Poisson,negative binomial,calibrated,50,1.5,1.5,Ref.p.val,1000,503,0.503,0.01581110369329099,0.47154087501966585,0.534441416228923
Poisson,negative binomial,calibrated,50,1.5,1.75,DHA.p.val,1000,649,0.649,0.015093011627902497,0.6185133989073751,0.6786062068810231
Poisson,negative binomial,calibrated,50,1.5,1.75,Pear.p.val,1000,769,0.769,0.01332812815064441,0.7416065231117422,0.7947995252096367
Poisson,negative binomial,calibrated,50,1.5,1.75,Ref.p.val,1000,764,0.764,0.013427732496590778,0.7364267951335762,0.7900091612313842
Poisson,negative binomial,calibrated,50,1.5,2,DHA.p.val,1000,811,0.811,0.012380589646701,0.7853322572510838,0.8348215135328766
Poisson,negative binomial,calibrated,50,1.5,2,Pear.p.val,1000,911,0.911,0.009004387819280108,0.8916189999399975,0.92791753546024
Poisson,negative binomial,calibrated,50,1.5,2,Ref.p.val,1000,907,0.907,0.009184280047995052,0.887280582298844,0.9242815973931352
Poisson,negative binomial,calibrated,50,1.5,2.5,DHA.p.val,1000,957,0.957,0.006414904519944161,0.9425137420380276,0.9687088295439074
Poisson,negative binomial,calibrated,50,1.5,2.5,Pear.p.val,1000,981,0.981,0.004317290817167639,0.9704875983749022,0.988522963006899
Poisson,negative binomial,calibrated,50,1.5,2.5,Ref.p.val,1000,980,0.98,0.0044271887242357325,0.9692799673173909,0.9877417320275936
Poisson,negative binomial,calibrated,50,1.5,3,DHA.p.val,1000,988,0.988,0.003443254274665176,0.9791323204089636,0.9937844744404047
Poisson,negative binomial,calibrated,50,1.5,3,Pear.p.val,1000,1000,1,0,0.9963179161031344,1
Poisson,negative binomial,calibrated,50,1.5,3,Ref.p.val,1000,1000,1,0,0.9963179161031344,1
Poisson,negative binomial,calibrated,50,1.5,4,DHA.p.val,1000,998,0.998,0.0014127986409959495,0.9927941610885425,0.9997576988831227
Poisson,negative binomial,calibrated,50,1.5,4,Pear.p.val,1000,1000,1,0,0.9963179161031344,1
Poisson,negative binomial,calibrated,50,1.5,4,Ref.p.val,1000,1000,1,0,0.9963179161031344,1
Poisson,negative binomial,calibrated,50,1.5,5,DHA.p.val,1000,1000,1,0,0.9963179161031344,1
Poisson,negative binomial,calibrated,50,1.5,5,Pear.p.val,1000,1000,1,0,0.9963179161031344,1
Poisson,negative binomial,calibrated,50,1.5,5,Ref.p.val,1000,1000,1,0,0.9963179161031344,1
Poisson,negative binomial,calibrated,50,3,1,DHA.p.val,1000,45,0.045,0.0065555320150236475,0.03300962543114875,0.05975283269340781
Poisson,negative binomial,calibrated,50,3,1,Pear.p.val,1000,52,0.052,0.007021111023192838,0.0390765349439805,0.06763501405050731
Poisson,negative binomial,calibrated,50,3,1,Ref.p.val,1000,41,0.041,0.006270486424512854,0.02958016853403611,0.05521245931529928
Poisson,negative binomial,calibrated,50,3,1.1,DHA.p.val,1000,61,0.061,0.0075682891065286355,0.046977875541080204,0.07767077404912359
Poisson,negative binomial,calibrated,50,3,1.1,Pear.p.val,1000,86,0.086,0.008865889690267977,0.06936253057241368,0.10512026843432665
Poisson,negative binomial,calibrated,50,3,1.1,Ref.p.val,1000,82,0.082,0.008676174272108648,0.06574586027183191,0.10076286741531137
Poisson,negative binomial,calibrated,50,3,1.2,DHA.p.val,1000,103,0.103,0.009612023720320296,0.0848513653499176,0.12352292640142581
Poisson,negative binomial,calibrated,50,3,1.2,Pear.p.val,1000,163,0.163,0.011680368144883106,0.14062554035964028,0.18737814378448903
Poisson,negative binomial,calibrated,50,3,1.2,Ref.p.val,1000,157,0.157,0.01150439046625244,0.13498765920693087,0.18105255336071424
Poisson,negative binomial,calibrated,50,3,1.35,DHA.p.val,1000,223,0.223,0.01316324428095141,0.19754669372311717,0.2500951589150351
Poisson,negative binomial,calibrated,50,3,1.35,Pear.p.val,1000,352,0.352,0.015102847413650183,0.3223716043545396,0.3825028689345302
Poisson,negative binomial,calibrated,50,3,1.35,Ref.p.val,1000,333,0.333,0.014903388876359632,0.3038178024201577,0.3631692178520082
Poisson,negative binomial,calibrated,50,3,1.5,DHA.p.val,1000,388,0.388,0.015409607392792329,0.35766540403610286,0.41899607659539495
Poisson,negative binomial,calibrated,50,3,1.5,Pear.p.val,1000,553,0.553,0.01572230899073034,0.521566881877328,0.5841202272039961
Poisson,negative binomial,calibrated,50,3,1.5,Ref.p.val,1000,537,0.537,0.015768037290671277,0.5055247163594038,0.5682568634473537
Poisson,negative binomial,calibrated,50,3,1.75,DHA.p.val,1000,628,0.628,0.015284501954594399,0.597201187979319,0.6580427038308247
Poisson,negative binomial,calibrated,50,3,1.75,Pear.p.val,1000,789,0.789,0.012902674141432851,0.7623781277644036,0.8139080459892263
Poisson,negative binomial,calibrated,50,3,1.75,Ref.p.val,1000,767,0.767,0.013368283360252356,0.7395340208754733,0.7928839933347298
Poisson,negative binomial,calibrated,50,3,2,DHA.p.val,1000,837,0.837,0.011680368144883107,0.812621856215511,0.8593744596403597
Poisson,negative binomial,calibrated,50,3,2,Pear.p.val,1000,932,0.932,0.00796090447122687,0.914586949808569,0.946811900239598
Poisson,negative binomial,calibrated,50,3,2,Ref.p.val,1000,929,0.929,0.008121514637061239,0.9112835591132127,0.9441353517501025
Poisson,negative binomial,calibrated,50,3,2.5,DHA.p.val,1000,964,0.964,0.005891010100144119,0.9505070882819876,0.9746610850701622
Poisson,negative binomial,calibrated,50,3,2.5,Pear.p.val,1000,989,0.989,0.0032983329122452166,0.9804033717779835,0.9944964058076864
Poisson,negative binomial,calibrated,50,3,2.5,Ref.p.val,1000,987,0.987,0.0035820385257559714,0.9778721963632215,0.9930603824971486
Poisson,negative binomial,calibrated,50,3,3,DHA.p.val,1000,994,0.994,0.002442130217658347,0.9869865767290255,0.9977950175148487
Poisson,negative binomial,calibrated,50,3,3,Pear.p.val,1000,996,0.996,0.0019959959919799443,0.9897903353160701,0.9989090920122741
Poisson,negative binomial,calibrated,50,3,3,Ref.p.val,1000,996,0.996,0.0019959959919799443,0.9897903353160701,0.9989090920122741
Poisson,negative binomial,calibrated,50,3,4,DHA.p.val,1000,1000,1,0,0.9963179161031344,1
Poisson,negative binomial,calibrated,50,3,4,Pear.p.val,1000,1000,1,0,0.9963179161031344,1
Poisson,negative binomial,calibrated,50,3,4,Ref.p.val,1000,1000,1,0,0.9963179161031344,1
Poisson,negative binomial,calibrated,50,3,5,DHA.p.val,1000,1000,1,0,0.9963179161031344,1
Poisson,negative binomial,calibrated,50,3,5,Pear.p.val,1000,1000,1,0,0.9963179161031344,1
Poisson,negative binomial,calibrated,50,3,5,Ref.p.val,1000,1000,1,0,0.9963179161031344,1
Poisson,negative binomial,calibrated,100,-1.5,1,DHA.p.val,1000,55,0.055,0.00720936890441875,0.04169879507953599,0.07099151554205752
Poisson,negative binomial,calibrated,100,-1.5,1,Pear.p.val,1000,59,0.059,0.007451107300260815,0.0452133544027966,0.07544907308424076
Poisson,negative binomial,calibrated,100,-1.5,1,Ref.p.val,1000,47,0.047,0.006692607862410586,0.03473506226679596,0.062012630693305204
Poisson,negative binomial,calibrated,100,-1.5,1.1,DHA.p.val,1000,144,0.144,0.011102432165971562,0.12281275110751595,0.16730691681579113
Poisson,negative binomial,calibrated,100,-1.5,1.1,Pear.p.val,1000,136,0.136,0.010839926199010766,0.11535017762388163,0.1588186309140217
Poisson,negative binomial,calibrated,100,-1.5,1.1,Ref.p.val,1000,117,0.117,0.010164201887015036,0.09772900249506661,0.1385574663905833
Poisson,negative binomial,calibrated,100,-1.5,1.2,DHA.p.val,1000,274,0.274,0.014104041973845655,0.246555554915467,0.30278181831000883
Poisson,negative binomial,calibrated,100,-1.5,1.2,Pear.p.val,1000,292,0.292,0.014378317008607092,0.2639658854305837,0.32126443305845875
Poisson,negative binomial,calibrated,100,-1.5,1.2,Ref.p.val,1000,251,0.251,0.013711272734505722,0.22439183078968353,0.2790826138860387
Poisson,negative binomial,calibrated,100,-1.5,1.35,DHA.p.val,1000,451,0.451,0.01573527883451704,0.41984260653536326,0.4824466650475674
Poisson,negative binomial,calibrated,100,-1.5,1.35,Pear.p.val,1000,444,0.444,0.015711906313366306,0.4129089681148581,0.4754216381333074
Poisson,negative binomial,calibrated,100,-1.5,1.35,Ref.p.val,1000,382,0.382,0.01536476488593301,0.35177081010815975,0.41292614982733233
Poisson,negative binomial,calibrated,100,-1.5,1.5,DHA.p.val,1000,609,0.609,0.015431104950715617,0.5779707644429026,0.639385492047992
Poisson,negative binomial,calibrated,100,-1.5,1.5,Pear.p.val,1000,629,0.629,0.015276092432294327,0.5982146703097383,0.6590233055000474
Poisson,negative binomial,calibrated,100,-1.5,1.5,Ref.p.val,1000,563,0.563,0.01568537535413163,0.5316095614887726,0.5940184934750994
Poisson,negative binomial,calibrated,100,-1.5,1.75,DHA.p.val,1000,785,0.785,0.012991343271578961,0.7582168340894827,0.8100933481890851
Poisson,negative binomial,calibrated,100,-1.5,1.75,Pear.p.val,1000,778,0.778,0.013142145943490354,0.7509430816188933,0.8034090737361161
Poisson,negative binomial,calibrated,100,-1.5,1.75,Ref.p.val,1000,709,0.709,0.014363808687113596,0.6797609561045029,0.7370027823142384
Poisson,negative binomial,calibrated,100,-1.5,2,DHA.p.val,1000,868,0.868,0.010704017937204702,0.8454345533915462,0.8883719870272047
Poisson,negative binomial,calibrated,100,-1.5,2,Pear.p.val,1000,875,0.875,0.010458250331675944,0.8528930172212289,0.8948702384454075
Poisson,negative binomial,calibrated,100,-1.5,2,Ref.p.val,1000,827,0.827,0.011961229033840963,0.8021033919072953,0.8499536317613712
Poisson,negative binomial,calibrated,100,-1.5,2.5,DHA.p.val,1000,925,0.925,0.00832916562447884,0.9068915530385009,0.9405538717887368
Poisson,negative binomial,calibrated,100,-1.5,2.5,Pear.p.val,1000,919,0.919,0.008627803892068941,0.9003283010315127,0.935156460291505
Poisson,negative binomial,calibrated,100,-1.5,2.5,Ref.p.val,1000,873,0.873,0.010529529904036551,0.8507599696651419,0.8930156730505466
Poisson,negative binomial,calibrated,100,-1.5,3,DHA.p.val,1000,967,0.967,0.005648982209212561,0.9539660181829769,0.9771776166505404
Poisson,negative binomial,calibrated,100,-1.5,3,Pear.p.val,1000,961,0.961,0.006122009474020767,0.947069064214555,0.9721228512046636
Poisson,negative binomial,calibrated,100,-1.5,3,Ref.p.val,1000,920,0.92,0.008579044235810886,0.9014202209520978,0.9360580171533267
Poisson,negative binomial,calibrated,100,-1.5,4,DHA.p.val,1000,967,0.967,0.005648982209212561,0.9539660181829769,0.9771776166505404
Poisson,negative binomial,calibrated,100,-1.5,4,Pear.p.val,1000,963,0.963,0.005969170796685251,0.9493588769400751,0.9738172911562627
Poisson,negative binomial,calibrated,100,-1.5,4,Ref.p.val,1000,914,0.914,0.008865889690267975,0.8948797315656734,0.9306374694275863
Poisson,negative binomial,calibrated,100,-1.5,5,DHA.p.val,1000,970,0.97,0.0053944415837044735,0.9574485975299709,0.9796695143168904
Poisson,negative binomial,calibrated,100,-1.5,5,Pear.p.val,1000,963,0.963,0.005969170796685251,0.9493588769400751,0.9738172911562627
Poisson,negative binomial,calibrated,100,-1.5,5,Ref.p.val,1000,929,0.929,0.008121514637061239,0.9112835591132127,0.9441353517501025
Poisson,negative binomial,calibrated,100,0,1,DHA.p.val,1000,51,0.051,0.00695693898205238,0.038205236774686166,0.06651346159493476
Poisson,negative binomial,calibrated,100,0,1,Pear.p.val,1000,52,0.052,0.007021111023192838,0.0390765349439805,0.06763501405050731
Poisson,negative binomial,calibrated,100,0,1,Ref.p.val,1000,48,0.048,0.006759881655768835,0.035600265342883276,0.06314011540150921
Poisson,negative binomial,calibrated,100,0,1.1,DHA.p.val,1000,93,0.093,0.009184280047995052,0.07571840260686478,0.11271941770115601
Poisson,negative binomial,calibrated,100,0,1.1,Pear.p.val,1000,122,0.122,0.010349685985574635,0.10235113744007673,0.1439042194274167
Poisson,negative binomial,calibrated,100,0,1.1,Ref.p.val,1000,112,0.112,0.00997276290703835,0.09311853992161026,0.13319916556924016
Poisson,negative binomial,calibrated,100,0,1.2,DHA.p.val,1000,226,0.226,0.013225883713385657,0.20041527968213338,0.2532086028959516
Poisson,negative binomial,calibrated,100,0,1.2,Pear.p.val,1000,301,0.301,0.014505137021069467,0.27269124387933186,0.33048560805544913
Poisson,negative binomial,calibrated,100,0,1.2,Ref.p.val,1000,271,0.271,0.014055568291606,0.24365923756561741,0.2996959955145062
Poisson,negative binomial,calibrated,100,0,1.35,DHA.p.val,1000,456,0.456,0.015750047618975634,0.4247989716355826,0.4874607774099813
Poisson,negative binomial,calibrated,100,0,1.35,Pear.p.val,1000,536,0.536,0.015770351930125083,0.5045231430718744,0.5672643406260593
Poisson,negative binomial,calibrated,100,0,1.35,Ref.p.val,1000,505,0.505,0.01581059771166163,0.47353596131499676,0.536434524079906
Poisson,negative binomial,calibrated,100,0,1.5,DHA.p.val,1000,634,0.634,0.01523299051401267,0.6032841412036332,0.6639242512151974
Poisson,negative binomial,calibrated,100,0,1.5,Pear.p.val,1000,753,0.753,0.013637851736985557,0.7250489590629917,0.779452720521059
Poisson,negative binomial,calibrated,100,0,1.5,Ref.p.val,1000,730,0.73,0.014039230748157109,0.7013329625349527,0.757305849912405
Poisson,negative binomial,calibrated,100,0,1.75,DHA.p.val,1000,877,0.877,0.010386096475577337,0.8550277613264315,0.8967230903585823
Poisson,negative binomial,calibrated,100,0,1.75,Pear.p.val,1000,920,0.92,0.008579044235810886,0.9014202209520978,0.9360580171533267
Poisson,negative binomial,calibrated,100,0,1.75,Ref.p.val,1000,906,0.906,0.009228434320078352,0.8861975612810254,0.9233710070726222
Poisson,negative binomial,calibrated,100,0,2,DHA.p.val,1000,958,0.958,0.006343185319695463,0.9436497084242552,0.96956529373686
Poisson,negative binomial,calibrated,100,0,2,Pear.p.val,1000,975,0.975,0.004937104414532877,0.963315176948077,0.9837574643031177
Poisson,negative binomial,calibrated,100,0,2,Ref.p.val,1000,966,0.966,0.005730968504537434,0.9528105613842925,0.9763413518924032
Poisson,negative binomial,calibrated,100,0,2.5,DHA.p.val,1000,992,0.992,0.0028170906978654425,0.9842979508239253,0.9965400238346707
Poisson,negative binomial,calibrated,100,0,2.5,Pear.p.val,1000,998,0.998,0.0014127986409959495,0.9927941610885425,0.9997576988831227
Poisson,negative binomial,calibrated,100,0,2.5,Ref.p.val,1000,996,0.996,0.0019959959919799443,0.9897903353160701,0.9989090920122741
Poisson,negative binomial,calibrated,100,0,3,DHA.p.val,1000,996,0.996,0.0019959959919799443,0.9897903353160701,0.9989090920122741
Poisson,negative binomial,calibrated,100,0,3,Pear.p.val,1000,999,0.999,9.994998749374613e-4,0.9944410757201734,0.9999746825125088
Poisson,negative binomial,calibrated,100,0,3,Ref.p.val,1000,999,0.999,9.994998749374613e-4,0.9944410757201734,0.9999746825125088
Poisson,negative binomial,calibrated,100,0,4,DHA.p.val,1000,1000,1,0,0.9963179161031344,1
Poisson,negative binomial,calibrated,100,0,4,Pear.p.val,1000,1000,1,0,0.9963179161031344,1
Poisson,negative binomial,calibrated,100,0,4,Ref.p.val,1000,1000,1,0,0.9963179161031344,1
Poisson,negative binomial,calibrated,100,0,5,DHA.p.val,1000,1000,1,0,0.9963179161031344,1
Poisson,negative binomial,calibrated,100,0,5,Pear.p.val,1000,1000,1,0,0.9963179161031344,1
Poisson,negative binomial,calibrated,100,0,5,Ref.p.val,1000,1000,1,0,0.9963179161031344,1
Poisson,negative binomial,calibrated,100,1.5,1,DHA.p.val,1000,54,0.054,0.007147307185227175,0.04082335112563071,0.06987400557706736
Poisson,negative binomial,calibrated,100,1.5,1,Pear.p.val,1000,64,0.064,0.007739767438366608,0.04963308929184902,0.080995074367051
Poisson,negative binomial,calibrated,100,1.5,1,Ref.p.val,1000,63,0.063,0.007683163410991596,0.04874692755658056,0.07988804187335452
Poisson,negative binomial,calibrated,100,1.5,1.1,DHA.p.val,1000,96,0.096,0.009315793041926168,0.07845203624742246,0.11596664336287676
Poisson,negative binomial,calibrated,100,1.5,1.1,Pear.p.val,1000,123,0.123,0.010386096475577337,0.10327690964141771,0.14497223867356845
Poisson,negative binomial,calibrated,100,1.5,1.1,Ref.p.val,1000,119,0.119,0.010239091756596383,0.09957649182504012,0.1406975180226584
Poisson,negative binomial,calibrated,100,1.5,1.2,DHA.p.val,1000,213,0.213,0.012947239087929134,0.18799885180607953,0.23970296792612522
Poisson,negative binomial,calibrated,100,1.5,1.2,Pear.p.val,1000,276,0.276,0.014135911714495106,0.2484873062148415,0.304838163350736
Poisson,negative binomial,calibrated,100,1.5,1.2,Ref.p.val,1000,277,0.277,0.014151713677148785,0.24945344200701017,0.30586607658417697
Poisson,negative binomial,calibrated,100,1.5,1.35,DHA.p.val,1000,477,0.477,0.01579465099329517,0.44564978031646174,0.5084859896841312
Poisson,negative binomial,calibrated,100,1.5,1.35,Pear.p.val,1000,595,0.595,0.015523369479594306,0.5638317636619659,0.6256072456340387
Poisson,negative binomial,calibrated,100,1.5,1.35,Ref.p.val,1000,598,0.598,0.015504708962118573,0.5668593800648497,0.628561899167521
Poisson,negative binomial,calibrated,100,1.5,1.5,DHA.p.val,1000,725,0.725,0.014120021246442939,0.6961899225470708,0.7524786563444994
Poisson,negative binomial,calibrated,100,1.5,1.5,Pear.p.val,1000,814,0.814,0.012304633273690038,0.7884716407300623,0.8376640223583915
Poisson,negative binomial,calibrated,100,1.5,1.5,Ref.p.val,1000,817,0.817,0.012227469075814505,0.7916133754558675,0.8405041656691044
Poisson,negative binomial,calibrated,100,1.5,1.75,DHA.p.val,1000,924,0.924,0.008379976133617564,0.9057956763550978,0.9396563388200981
Poisson,negative binomial,calibrated,100,1.5,1.75,Pear.p.val,1000,970,0.97,0.0053944415837044735,0.9574485975299709,0.9796695143168904
Poisson,negative binomial,calibrated,100,1.5,1.75,Ref.p.val,1000,975,0.975,0.004937104414532877,0.963315176948077,0.9837574643031177
Poisson,negative binomial,calibrated,100,1.5,2,DHA.p.val,1000,978,0.978,0.004638534251247911,0.9668803354850122,0.9861625858279262
Poisson,negative binomial,calibrated,100,1.5,2,Pear.p.val,1000,990,0.99,0.003146426544510456,0.9816867569448876,0.9951944893089507
Poisson,negative binomial,calibrated,100,1.5,2,Ref.p.val,1000,990,0.99,0.003146426544510456,0.9816867569448876,0.9951944893089507
Poisson,negative binomial,calibrated,100,1.5,2.5,DHA.p.val,1000,1000,1,0,0.9963179161031344,1
Poisson,negative binomial,calibrated,100,1.5,2.5,Pear.p.val,1000,1000,1,0,0.9963179161031344,1
Poisson,negative binomial,calibrated,100,1.5,2.5,Ref.p.val,1000,1000,1,0,0.9963179161031344,1
Poisson,negative binomial,calibrated,100,1.5,3,DHA.p.val,1000,1000,1,0,0.9963179161031344,1
Poisson,negative binomial,calibrated,100,1.5,3,Pear.p.val,1000,1000,1,0,0.9963179161031344,1
Poisson,negative binomial,calibrated,100,1.5,3,Ref.p.val,1000,1000,1,0,0.9963179161031344,1
Poisson,negative binomial,calibrated,100,1.5,4,DHA.p.val,1000,1000,1,0,0.9963179161031344,1
Poisson,negative binomial,calibrated,100,1.5,4,Pear.p.val,1000,1000,1,0,0.9963179161031344,1
Poisson,negative binomial,calibrated,100,1.5,4,Ref.p.val,1000,1000,1,0,0.9963179161031344,1
Poisson,negative binomial,calibrated,100,1.5,5,DHA.p.val,1000,1000,1,0,0.9963179161031344,1
Poisson,negative binomial,calibrated,100,1.5,5,Pear.p.val,1000,1000,1,0,0.9963179161031344,1
Poisson,negative binomial,calibrated,100,1.5,5,Ref.p.val,1000,1000,1,0,0.9963179161031344,1
Poisson,negative binomial,calibrated,100,3,1,DHA.p.val,1000,43,0.043,0.006414904519944158,0.0312911704560926,0.057486257961972376
Poisson,negative binomial,calibrated,100,3,1,Pear.p.val,1000,45,0.045,0.0065555320150236475,0.03300962543114875,0.05975283269340781
Poisson,negative binomial,calibrated,100,3,1,Ref.p.val,1000,42,0.042,0.0063431853196954605,0.030434706263140012,0.05635029157574478
Poisson,negative binomial,calibrated,100,3,1.1,DHA.p.val,1000,70,0.07,0.008068457101577725,0.05497152491916995,0.0876162334892846
Poisson,negative binomial,calibrated,100,3,1.1,Pear.p.val,1000,112,0.112,0.00997276290703835,0.09311853992161026,0.13319916556924016
Poisson,negative binomial,calibrated,100,3,1.1,Ref.p.val,1000,104,0.104,0.009653186002558949,0.08576782262563758,0.12460015656989853
Poisson,negative binomial,calibrated,100,3,1.2,DHA.p.val,1000,186,0.186,0.012304633273690036,0.1623359776416084,0.21152835926993774
Poisson,negative binomial,calibrated,100,3,1.2,Pear.p.val,1000,272,0.272,0.014071815803228808,0.244624501269039,0.30072477793637953
Poisson,negative binomial,calibrated,100,3,1.2,Ref.p.val,1000,253,0.253,0.013747399754135324,0.22631524866453995,0.2811472625832938
Poisson,negative binomial,calibrated,100,3,1.35,DHA.p.val,1000,396,0.396,0.01546557467409472,0.36553234064374673,0.427081844548873
Poisson,negative binomial,calibrated,100,3,1.35,Pear.p.val,1000,564,0.564,0.015681326474504636,0.5326145242345783,0.59500762481945
Poisson,negative binomial,calibrated,100,3,1.35,Ref.p.val,1000,534,0.534,0.01577479001445027,0.5025203702102629,0.5652789211122722
Poisson,negative binomial,calibrated,100,3,1.5,DHA.p.val,1000,635,0.635,0.015224158433227107,0.6042984488539128,0.6649040261922292
Poisson,negative binomial,calibrated,100,3,1.5,Pear.p.val,1000,800,0.8,0.012649110640673518,0.7738406271786294,0.8243794251691579
Poisson,negative binomial,calibrated,100,3,1.5,Ref.p.val,1000,773,0.773,0.013246546719805883,0.7457540049781715,0.7986281005145829
Poisson,negative binomial,calibrated,100,3,1.75,DHA.p.val,1000,905,0.905,0.009272270487857868,0.885115155595548,0.922459792918345
Poisson,negative binomial,calibrated,100,3,1.75,Pear.p.val,1000,973,0.973,0.005125524363418832,0.9609582531940298,0.9821330940747504
Poisson,negative binomial,calibrated,100,3,1.75,Ref.p.val,1000,968,0.968,0.005565608681896351,0.9551240971649907,0.9780111503943576
Poisson,negative binomial,calibrated,100,3,2,DHA.p.val,1000,985,0.985,0.0038438262187565153,0.9753802999029588,0.9915809502499656
Poisson,negative binomial,calibrated,100,3,2,Pear.p.val,1000,1000,1,0,0.9963179161031344,1
Poisson,negative binomial,calibrated,100,3,2,Ref.p.val,1000,999,0.999,9.994998749374613e-4,0.9944410757201734,0.9999746825125088
Poisson,negative binomial,calibrated,100,3,2.5,DHA.p.val,1000,999,0.999,9.994998749374613e-4,0.9944410757201734,0.9999746825125088
Poisson,negative binomial,calibrated,100,3,2.5,Pear.p.val,1000,1000,1,0,0.9963179161031344,1
Poisson,negative binomial,calibrated,100,3,2.5,Ref.p.val,1000,1000,1,0,0.9963179161031344,1
Poisson,negative binomial,calibrated,100,3,3,DHA.p.val,1000,1000,1,0,0.9963179161031344,1
Poisson,negative binomial,calibrated,100,3,3,Pear.p.val,1000,1000,1,0,0.9963179161031344,1
Poisson,negative binomial,calibrated,100,3,3,Ref.p.val,1000,1000,1,0,0.9963179161031344,1
Poisson,negative binomial,calibrated,100,3,4,DHA.p.val,1000,1000,1,0,0.9963179161031344,1
Poisson,negative binomial,calibrated,100,3,4,Pear.p.val,1000,1000,1,0,0.9963179161031344,1
Poisson,negative binomial,calibrated,100,3,4,Ref.p.val,1000,1000,1,0,0.9963179161031344,1
Poisson,negative binomial,calibrated,100,3,5,DHA.p.val,1000,1000,1,0,0.9963179161031344,1
Poisson,negative binomial,calibrated,100,3,5,Pear.p.val,1000,1000,1,0,0.9963179161031344,1
Poisson,negative binomial,calibrated,100,3,5,Ref.p.val,1000,1000,1,0,0.9963179161031344,1
Poisson,negative binomial,calibrated,200,-1.5,1,DHA.p.val,1000,47,0.047,0.006692607862410586,0.03473506226679596,0.062012630693305204
Poisson,negative binomial,calibrated,200,-1.5,1,Pear.p.val,1000,46,0.046,0.006624499981130651,0.033871498547677924,0.060883552713742684
Poisson,negative binomial,calibrated,200,-1.5,1,Ref.p.val,1000,60,0.06,0.007509993342207435,0.04609503542248433,0.07656049040393476
Poisson,negative binomial,calibrated,200,-1.5,1.1,DHA.p.val,1000,171,0.171,0.011906258858264422,0.1481598481831981,0.19579525359759042
Poisson,negative binomial,calibrated,200,-1.5,1.1,Pear.p.val,1000,188,0.188,0.012355403676124872,0.16423072340131878,0.21362154016312895
Poisson,negative binomial,calibrated,200,-1.5,1.1,Ref.p.val,1000,143,0.143,0.011070275515993266,0.12187864287589155,0.16624715659672173
Poisson,negative binomial,calibrated,200,-1.5,1.2,DHA.p.val,1000,370,0.37,0.015267612779999367,0.33999623003117235,0.4007717103821986
Poisson,negative binomial,calibrated,200,-1.5,1.2,Pear.p.val,1000,386,0.386,0.015394934231752989,0.3557000027171544,0.41697330358546636
Poisson,negative binomial,calibrated,200,-1.5,1.2,Ref.p.val,1000,328,0.328,0.014846413708367418,0.2989440008425646,0.3580726557706352
Poisson,negative binomial,calibrated,200,-1.5,1.35,DHA.p.val,1000,667,0.667,0.01490338887635963,0.6368307821479918,0.6961821975798423
Poisson,negative binomial,calibrated,200,-1.5,1.35,Pear.p.val,1000,682,0.682,0.014726710426975875,0.6521316996717954,0.7107923449360714
Poisson,negative binomial,calibrated,200,-1.5,1.35,Ref.p.val,1000,608,0.608,0.015438134602341048,0.5769599775296484,0.6384021909745194
Poisson,negative binomial,calibrated,200,-1.5,1.5,DHA.p.val,1000,852,0.852,0.011229247525992114,0.8284575617048234,0.8734472671715777
Poisson,negative binomial,calibrated,200,-1.5,1.5,Pear.p.val,1000,844,0.844,0.011474493452871897,0.8200028150110137,0.8659508761108912
Poisson,negative binomial,calibrated,200,-1.5,1.5,Ref.p.val,1000,808,0.808,0.01245536029185828,0.7821951822437158,0.8319766825284644
Poisson,negative binomial,calibrated,200,-1.5,1.75,DHA.p.val,1000,949,0.949,0.006956938982052382,0.9334865384050652,0.9617947632253139
Poisson,negative binomial,calibrated,200,-1.5,1.75,Pear.p.val,1000,948,0.948,0.007021111023192843,0.9323649859494927,0.9609234650560194
Poisson,negative binomial,calibrated,200,-1.5,1.75,Ref.p.val,1000,926,0.926,0.008277922444671728,0.9079882639857509,0.9414505557393473
Poisson,negative binomial,calibrated,200,-1.5,2,DHA.p.val,1000,975,0.975,0.004937104414532877,0.963315176948077,0.9837574643031177
Poisson,negative binomial,calibrated,200,-1.5,2,Pear.p.val,1000,977,0.977,0.004740358636221528,0.9656876623871457,0.9853654176748232
Poisson,negative binomial,calibrated,200,-1.5,2,Ref.p.val,1000,951,0.951,0.006826346021115546,0.9357339468598304,0.9635329408279522
Poisson,negative binomial,calibrated,200,-1.5,2.5,DHA.p.val,1000,997,0.997,0.0017294507798720387,0.9912579767615217,0.9993809000683505
Poisson,negative binomial,calibrated,200,-1.5,2.5,Pear.p.val,1000,994,0.994,0.002442130217658347,0.9869865767290255,0.9977950175148487
Poisson,negative binomial,calibrated,200,-1.5,2.5,Ref.p.val,1000,981,0.981,0.004317290817167639,0.9704875983749022,0.988522963006899
Poisson,negative binomial,calibrated,200,-1.5,3,DHA.p.val,1000,999,0.999,9.994998749374613e-4,0.9944410757201734,0.9999746825125088
Poisson,negative binomial,calibrated,200,-1.5,3,Pear.p.val,1000,997,0.997,0.0017294507798720387,0.9912579767615217,0.9993809000683505
Poisson,negative binomial,calibrated,200,-1.5,3,Ref.p.val,1000,992,0.992,0.0028170906978654425,0.9842979508239253,0.9965400238346707
Poisson,negative binomial,calibrated,200,-1.5,4,DHA.p.val,1000,1000,1,0,0.9963179161031344,1
Poisson,negative binomial,calibrated,200,-1.5,4,Pear.p.val,1000,999,0.999,9.994998749374613e-4,0.9944410757201734,0.9999746825125088
Poisson,negative binomial,calibrated,200,-1.5,4,Ref.p.val,1000,990,0.99,0.003146426544510456,0.9816867569448876,0.9951944893089507
Poisson,negative binomial,calibrated,200,-1.5,5,DHA.p.val,1000,998,0.998,0.0014127986409959495,0.9927941610885425,0.9997576988831227
Poisson,negative binomial,calibrated,200,-1.5,5,Pear.p.val,1000,1000,1,0,0.9963179161031344,1
Poisson,negative binomial,calibrated,200,-1.5,5,Ref.p.val,1000,994,0.994,0.002442130217658347,0.9869865767290255,0.9977950175148487
Poisson,negative binomial,calibrated,200,0,1,DHA.p.val,1000,41,0.041,0.006270486424512854,0.02958016853403611,0.05521245931529928
Poisson,negative binomial,calibrated,200,0,1,Pear.p.val,1000,52,0.052,0.007021111023192838,0.0390765349439805,0.06763501405050731
Poisson,negative binomial,calibrated,200,0,1,Ref.p.val,1000,48,0.048,0.006759881655768835,0.035600265342883276,0.06314011540150921
Poisson,negative binomial,calibrated,200,0,1.1,DHA.p.val,1000,127,0.127,0.010529529904036551,0.1069843269494534,0.1492400303348581
Poisson,negative binomial,calibrated,200,0,1.1,Pear.p.val,1000,162,0.162,0.011651437679531225,0.13968511158457791,0.1863246549247689
Poisson,negative binomial,calibrated,200,0,1.1,Ref.p.val,1000,145,0.145,0.01113440613593738,0.12374721727175497,0.16836632209193125
Poisson,negative binomial,calibrated,200,0,1.2,DHA.p.val,1000,352,0.352,0.015102847413650183,0.3223716043545396,0.3825028689345302
Poisson,negative binomial,calibrated,200,0,1.2,Pear.p.val,1000,456,0.456,0.015750047618975634,0.4247989716355826,0.4874607774099813
Poisson,negative binomial,calibrated,200,0,1.2,Ref.p.val,1000,438,0.438,0.015689359451551872,0.4069707645658111,0.4693952746559016
Poisson,negative binomial,calibrated,200,0,1.35,DHA.p.val,1000,705,0.705,0.01442133835675455,0.675660382207399,0.7331271256880654
Poisson,negative binomial,calibrated,200,0,1.35,Pear.p.val,1000,809,0.809,0.012430567163247216,0.7832406199865389,0.8329252149458908
Poisson,negative binomial,calibrated,200,0,1.35,Ref.p.val,1000,785,0.785,0.012991343271578961,0.7582168340894827,0.8100933481890851
Poisson,negative binomial,calibrated,200,0,1.5,DHA.p.val,1000,894,0.894,0.009734680272099335,0.8732469912184375,0.912397634930788
Poisson,negative binomial,calibrated,200,0,1.5,Pear.p.val,1000,947,0.947,0.007084560677981384,0.9312448167100368,0.9600507476399807
Poisson,negative binomial,calibrated,200,0,1.5,Ref.p.val,1000,940,0.94,0.007509993342207438,0.9234395095960652,0.9539049645775157
Poisson,negative binomial,calibrated,200,0,1.75,DHA.p.val,1000,992,0.992,0.0028170906978654425,0.9842979508239253,0.9965400238346707
Poisson,negative binomial,calibrated,200,0,1.75,Pear.p.val,1000,999,0.999,9.994998749374613e-4,0.9944410757201734,0.9999746825125088
Poisson,negative binomial,calibrated,200,0,1.75,Ref.p.val,1000,999,0.999,9.994998749374613e-4,0.9944410757201734,0.9999746825125088
Poisson,negative binomial,calibrated,200,0,2,DHA.p.val,1000,1000,1,0,0.9963179161031344,1
Poisson,negative binomial,calibrated,200,0,2,Pear.p.val,1000,999,0.999,9.994998749374613e-4,0.9944410757201734,0.9999746825125088
Poisson,negative binomial,calibrated,200,0,2,Ref.p.val,1000,999,0.999,9.994998749374613e-4,0.9944410757201734,0.9999746825125088
Poisson,negative binomial,calibrated,200,0,2.5,DHA.p.val,1000,1000,1,0,0.9963179161031344,1
Poisson,negative binomial,calibrated,200,0,2.5,Pear.p.val,1000,1000,1,0,0.9963179161031344,1
Poisson,negative binomial,calibrated,200,0,2.5,Ref.p.val,1000,1000,1,0,0.9963179161031344,1
Poisson,negative binomial,calibrated,200,0,3,DHA.p.val,1000,1000,1,0,0.9963179161031344,1
Poisson,negative binomial,calibrated,200,0,3,Pear.p.val,1000,1000,1,0,0.9963179161031344,1
Poisson,negative binomial,calibrated,200,0,3,Ref.p.val,1000,1000,1,0,0.9963179161031344,1
Poisson,negative binomial,calibrated,200,0,4,DHA.p.val,1000,1000,1,0,0.9963179161031344,1
Poisson,negative binomial,calibrated,200,0,4,Pear.p.val,1000,1000,1,0,0.9963179161031344,1
Poisson,negative binomial,calibrated,200,0,4,Ref.p.val,1000,1000,1,0,0.9963179161031344,1
Poisson,negative binomial,calibrated,200,0,5,DHA.p.val,1000,1000,1,0,0.9963179161031344,1
Poisson,negative binomial,calibrated,200,0,5,Pear.p.val,1000,1000,1,0,0.9963179161031344,1
Poisson,negative binomial,calibrated,200,0,5,Ref.p.val,1000,1000,1,0,0.9963179161031344,1
Poisson,negative binomial,calibrated,200,1.5,1,DHA.p.val,1000,41,0.041,0.006270486424512854,0.02958016853403611,0.05521245931529928
Poisson,negative binomial,calibrated,200,1.5,1,Pear.p.val,1000,57,0.057,0.007331507348424334,0.0434535819369586,0.07322272946066222
Poisson,negative binomial,calibrated,200,1.5,1,Ref.p.val,1000,55,0.055,0.00720936890441875,0.04169879507953599,0.07099151554205752
Poisson,negative binomial,calibrated,200,1.5,1.1,DHA.p.val,1000,128,0.128,0.010564847372300274,0.10791224133119763,0.1503059285748708
Poisson,negative binomial,calibrated,200,1.5,1.1,Pear.p.val,1000,162,0.162,0.011651437679531225,0.13968511158457791,0.1863246549247689
Poisson,negative binomial,calibrated,200,1.5,1.1,Ref.p.val,1000,161,0.161,0.011622349160131096,0.13874499242735944,0.18527085868256288
Poisson,negative binomial,calibrated,200,1.5,1.2,DHA.p.val,1000,363,0.363,0.015206281596761254,0.3331368399380181,0.3936725204750732
Poisson,negative binomial,calibrated,200,1.5,1.2,Pear.p.val,1000,458,0.458,0.015755506973753653,0.4267823940714937,0.4894655464270635
Poisson,negative binomial,calibrated,200,1.5,1.2,Ref.p.val,1000,448,0.448,0.01572564784039119,0.4168702927319095,0.4794366932377484
Poisson,negative binomial,calibrated,200,1.5,1.35,DHA.p.val,1000,727,0.727,0.014087973594523805,0.6982466146646501,0.7544100594128341
Poisson,negative binomial,calibrated,200,1.5,1.35,Pear.p.val,1000,844,0.844,0.011474493452871897,0.8200028150110137,0.8659508761108912
Poisson,negative binomial,calibrated,200,1.5,1.35,Ref.p.val,1000,833,0.833,0.01179453263168999,0.8084109298236908,0.8556096938052533
Poisson,negative binomial,calibrated,200,1.5,1.5,DHA.p.val,1000,901,0.901,0.009444522221901962,0.8807915173137935,0.9188088710530313
Poisson,negative binomial,calibrated,200,1.5,1.5,Pear.p.val,1000,959,0.959,0.006270486424512857,0.9447875406847007,0.9704198314659639
Poisson,negative binomial,calibrated,200,1.5,1.5,Ref.p.val,1000,956,0.956,0.006485676526007139,0.9413795807936691,0.9678505029891286
Poisson,negative binomial,calibrated,200,1.5,1.75,DHA.p.val,1000,997,0.997,0.0017294507798720387,0.9912579767615217,0.9993809000683505
Poisson,negative binomial,calibrated,200,1.5,1.75,Pear.p.val,1000,1000,1,0,0.9963179161031344,1
Poisson,negative binomial,calibrated,200,1.5,1.75,Ref.p.val,1000,1000,1,0,0.9963179161031344,1
Poisson,negative binomial,calibrated,200,1.5,2,DHA.p.val,1000,999,0.999,9.994998749374613e-4,0.9944410757201734,0.9999746825125088
Poisson,negative binomial,calibrated,200,1.5,2,Pear.p.val,1000,1000,1,0,0.9963179161031344,1
Poisson,negative binomial,calibrated,200,1.5,2,Ref.p.val,1000,1000,1,0,0.9963179161031344,1
Poisson,negative binomial,calibrated,200,1.5,2.5,DHA.p.val,1000,1000,1,0,0.9963179161031344,1
Poisson,negative binomial,calibrated,200,1.5,2.5,Pear.p.val,1000,1000,1,0,0.9963179161031344,1
Poisson,negative binomial,calibrated,200,1.5,2.5,Ref.p.val,1000,1000,1,0,0.9963179161031344,1
Poisson,negative binomial,calibrated,200,1.5,3,DHA.p.val,1000,1000,1,0,0.9963179161031344,1
Poisson,negative binomial,calibrated,200,1.5,3,Pear.p.val,1000,1000,1,0,0.9963179161031344,1
Poisson,negative binomial,calibrated,200,1.5,3,Ref.p.val,1000,1000,1,0,0.9963179161031344,1
Poisson,negative binomial,calibrated,200,1.5,4,DHA.p.val,1000,1000,1,0,0.9963179161031344,1
Poisson,negative binomial,calibrated,200,1.5,4,Pear.p.val,1000,1000,1,0,0.9963179161031344,1
Poisson,negative binomial,calibrated,200,1.5,4,Ref.p.val,1000,1000,1,0,0.9963179161031344,1
Poisson,negative binomial,calibrated,200,1.5,5,DHA.p.val,1000,1000,1,0,0.9963179161031344,1
Poisson,negative binomial,calibrated,200,1.5,5,Pear.p.val,1000,1000,1,0,0.9963179161031344,1
Poisson,negative binomial,calibrated,200,1.5,5,Ref.p.val,1000,1000,1,0,0.9963179161031344,1
Poisson,negative binomial,calibrated,200,3,1,DHA.p.val,1000,33,0.033,0.005648982209212559,0.022822383349459574,0.04603398181702312
Poisson,negative binomial,calibrated,200,3,1,Pear.p.val,1000,42,0.042,0.0063431853196954605,0.030434706263140012,0.05635029157574478
Poisson,negative binomial,calibrated,200,3,1,Ref.p.val,1000,36,0.036,0.005891010100144117,0.025338914929837746,0.0494929117180124
Poisson,negative binomial,calibrated,200,3,1.1,DHA.p.val,1000,107,0.107,0.009775019181566858,0.08852043664251635,0.12782864411706796
Poisson,negative binomial,calibrated,200,3,1.1,Pear.p.val,1000,164,0.164,0.011709141727727102,0.14156627645436196,0.18843132752609837
Poisson,negative binomial,calibrated,200,3,1.1,Ref.p.val,1000,158,0.158,0.011534123287012324,0.1359265161849648,0.1821076024878585
Poisson,negative binomial,calibrated,200,3,1.2,DHA.p.val,1000,336,0.336,0.014936666294725875,0.3067438594686291,0.3662253829372325
Poisson,negative binomial,calibrated,200,3,1.2,Pear.p.val,1000,448,0.448,0.01572564784039119,0.4168702927319095,0.4794366932377484
Poisson,negative binomial,calibrated,200,3,1.2,Ref.p.val,1000,431,0.431,0.015660108556456432,0.4000486224245834,0.4623587595596085
Poisson,negative binomial,calibrated,200,3,1.35,DHA.p.val,1000,706,0.706,0.014407081592050489,0.6766852804811291,0.7340962857634874
Poisson,negative binomial,calibrated,200,3,1.35,Pear.p.val,1000,852,0.852,0.011229247525992114,0.8284575617048234,0.8734472671715777
Poisson,negative binomial,calibrated,200,3,1.35,Ref.p.val,1000,831,0.831,0.011850696182081458,0.8063072536435564,0.8537255113063816
Poisson,negative binomial,calibrated,200,3,1.5,DHA.p.val,1000,922,0.922,0.008480330182251158,0.903606366597417,0.937858786867286
Poisson,negative binomial,calibrated,200,3,1.5,Pear.p.val,1000,976,0.976,0.004839834707921338,0.9644993614686408,0.9845636167664915
Poisson,negative binomial,calibrated,200,3,1.5,Ref.p.val,1000,971,0.971,0.005306505441436956,0.958615280883598,0.9804940626756153
Poisson,negative binomial,calibrated,200,3,1.75,DHA.p.val,1000,997,0.997,0.0017294507798720387,0.9912579767615217,0.9993809000683505
Poisson,negative binomial,calibrated,200,3,1.75,Pear.p.val,1000,1000,1,0,0.9963179161031344,1
Poisson,negative binomial,calibrated,200,3,1.75,Ref.p.val,1000,1000,1,0,0.9963179161031344,1
Poisson,negative binomial,calibrated,200,3,2,DHA.p.val,1000,1000,1,0,0.9963179161031344,1
Poisson,negative binomial,calibrated,200,3,2,Pear.p.val,1000,1000,1,0,0.9963179161031344,1
Poisson,negative binomial,calibrated,200,3,2,Ref.p.val,1000,1000,1,0,0.9963179161031344,1
Poisson,negative binomial,calibrated,200,3,2.5,DHA.p.val,1000,1000,1,0,0.9963179161031344,1
Poisson,negative binomial,calibrated,200,3,2.5,Pear.p.val,1000,1000,1,0,0.9963179161031344,1
Poisson,negative binomial,calibrated,200,3,2.5,Ref.p.val,1000,1000,1,0,0.9963179161031344,1
Poisson,negative binomial,calibrated,200,3,3,DHA.p.val,1000,1000,1,0,0.9963179161031344,1
Poisson,negative binomial,calibrated,200,3,3,Pear.p.val,1000,1000,1,0,0.9963179161031344,1
Poisson,negative binomial,calibrated,200,3,3,Ref.p.val,1000,1000,1,0,0.9963179161031344,1
Poisson,negative binomial,calibrated,200,3,4,DHA.p.val,1000,1000,1,0,0.9963179161031344,1
Poisson,negative binomial,calibrated,200,3,4,Pear.p.val,1000,1000,1,0,0.9963179161031344,1
Poisson,negative binomial,calibrated,200,3,4,Ref.p.val,1000,1000,1,0,0.9963179161031344,1
Poisson,negative binomial,calibrated,200,3,5,DHA.p.val,1000,1000,1,0,0.9963179161031344,1
Poisson,negative binomial,calibrated,200,3,5,Pear.p.val,1000,1000,1,0,0.9963179161031344,1
Poisson,negative binomial,calibrated,200,3,5,Ref.p.val,1000,1000,1,0,0.9963179161031344,1
Poisson,negative binomial,calibrated,500,-1.5,1,DHA.p.val,1000,45,0.045,0.0065555320150236475,0.03300962543114875,0.05975283269340781
Poisson,negative binomial,calibrated,500,-1.5,1,Pear.p.val,1000,49,0.049,0.006826346021115542,0.03646705917204781,0.06426605314016964
Poisson,negative binomial,calibrated,500,-1.5,1,Ref.p.val,1000,56,0.056,0.007270763371201128,0.04257554968661718,0.07210774628325278
Poisson,negative binomial,calibrated,500,-1.5,1.1,DHA.p.val,1000,277,0.277,0.014151713677148785,0.24945344200701017,0.30586607658417697
Poisson,negative binomial,calibrated,500,-1.5,1.1,Pear.p.val,1000,348,0.348,0.015063067416698366,0.318461214147858,0.37843694448153375
Poisson,negative binomial,calibrated,500,-1.5,1.1,Ref.p.val,1000,270,0.27,0.014039230748157109,0.24269415008759498,0.2986670374650473
Poisson,negative binomial,calibrated,500,-1.5,1.2,DHA.p.val,1000,628,0.628,0.015284501954594399,0.597201187979319,0.6580427038308247
Poisson,negative binomial,calibrated,500,-1.5,1.2,Pear.p.val,1000,694,0.694,0.014572714228996602,0.6643971343161432,0.7224557016271425
Poisson,negative binomial,calibrated,500,-1.5,1.2,Ref.p.val,1000,607,0.607,0.015445096309184997,0.5759493233510821,0.637418756989346
Poisson,negative binomial,calibrated,500,-1.5,1.35,DHA.p.val,1000,924,0.924,0.008379976133617564,0.9057956763550978,0.9396563388200981
Poisson,negative binomial,calibrated,500,-1.5,1.35,Pear.p.val,1000,945,0.945,0.007209368904418752,0.9290084844579425,0.958301204920464
Poisson,negative binomial,calibrated,500,-1.5,1.35,Ref.p.val,1000,919,0.919,0.008627803892068941,0.9003283010315127,0.935156460291505
Poisson,negative binomial,calibrated,500,-1.5,1.5,DHA.p.val,1000,991,0.991,0.0029864694875387575,0.9829842169301054,0.9958766043396575
Poisson,negative binomial,calibrated,500,-1.5,1.5,Pear.p.val,1000,994,0.994,0.002442130217658347,0.9869865767290255,0.9977950175148487
Poisson,negative binomial,calibrated,500,-1.5,1.5,Ref.p.val,1000,993,0.993,0.002636474919281427,0.9856308050210814,0.9971811412403795
Poisson,negative binomial,calibrated,500,-1.5,1.75,DHA.p.val,1000,1000,1,0,0.9963179161031344,1
Poisson,negative binomial,calibrated,500,-1.5,1.75,Pear.p.val,1000,1000,1,0,0.9963179161031344,1
Poisson,negative binomial,calibrated,500,-1.5,1.75,Ref.p.val,1000,1000,1,0,0.9963179161031344,1
Poisson,negative binomial,calibrated,500,-1.5,2,DHA.p.val,1000,1000,1,0,0.9963179161031344,1
Poisson,negative binomial,calibrated,500,-1.5,2,Pear.p.val,1000,1000,1,0,0.9963179161031344,1
Poisson,negative binomial,calibrated,500,-1.5,2,Ref.p.val,1000,1000,1,0,0.9963179161031344,1
Poisson,negative binomial,calibrated,500,-1.5,2.5,DHA.p.val,1000,1000,1,0,0.9963179161031344,1
Poisson,negative binomial,calibrated,500,-1.5,2.5,Pear.p.val,1000,1000,1,0,0.9963179161031344,1
Poisson,negative binomial,calibrated,500,-1.5,2.5,Ref.p.val,1000,1000,1,0,0.9963179161031344,1
Poisson,negative binomial,calibrated,500,-1.5,3,DHA.p.val,1000,1000,1,0,0.9963179161031344,1
Poisson,negative binomial,calibrated,500,-1.5,3,Pear.p.val,1000,1000,1,0,0.9963179161031344,1
Poisson,negative binomial,calibrated,500,-1.5,3,Ref.p.val,1000,1000,1,0,0.9963179161031344,1
Poisson,negative binomial,calibrated,500,-1.5,4,DHA.p.val,1000,1000,1,0,0.9963179161031344,1
Poisson,negative binomial,calibrated,500,-1.5,4,Pear.p.val,1000,1000,1,0,0.9963179161031344,1
Poisson,negative binomial,calibrated,500,-1.5,4,Ref.p.val,1000,1000,1,0,0.9963179161031344,1
Poisson,negative binomial,calibrated,500,-1.5,5,DHA.p.val,1000,1000,1,0,0.9963179161031344,1
Poisson,negative binomial,calibrated,500,-1.5,5,Pear.p.val,1000,1000,1,0,0.9963179161031344,1
Poisson,negative binomial,calibrated,500,-1.5,5,Ref.p.val,1000,1000,1,0,0.9963179161031344,1
Poisson,negative binomial,calibrated,500,0,1,DHA.p.val,1000,55,0.055,0.00720936890441875,0.04169879507953599,0.07099151554205752
Poisson,negative binomial,calibrated,500,0,1,Pear.p.val,1000,61,0.061,0.0075682891065286355,0.046977875541080204,0.07767077404912359
Poisson,negative binomial,calibrated,500,0,1,Ref.p.val,1000,47,0.047,0.006692607862410586,0.03473506226679596,0.062012630693305204
Poisson,negative binomial,calibrated,500,0,1.1,DHA.p.val,1000,239,0.239,0.01348625225924534,0.2128674903759091,0.2666786188852103
Poisson,negative binomial,calibrated,500,0,1.1,Pear.p.val,1000,327,0.327,0.014834790190629594,0.29796968761860143,0.35705289727642153
Poisson,negative binomial,calibrated,500,0,1.1,Ref.p.val,1000,263,0.263,0.013922320208930694,0.23594352468029337,0.291459361439264
Poisson,negative binomial,calibrated,500,0,1.2,DHA.p.val,1000,657,0.657,0.015011695440555674,0.6266486772044311,0.6864235511359629
Poisson,negative binomial,calibrated,500,0,1.2,Pear.p.val,1000,779,0.779,0.01312093746650749,0.7519815367883571,0.8043646255471616
Poisson,negative binomial,calibrated,500,0,1.2,Ref.p.val,1000,718,0.718,0.014229406171727618,0.6889969272907508,0.7457133006590745
Poisson,negative binomial,calibrated,500,0,1.35,DHA.p.val,1000,971,0.971,0.005306505441436956,0.958615280883598,0.9804940626756153
Poisson,negative binomial,calibrated,500,0,1.35,Pear.p.val,1000,993,0.993,0.002636474919281427,0.9856308050210814,0.9971811412403795
Poisson,negative binomial,calibrated,500,0,1.35,Ref.p.val,1000,992,0.992,0.0028170906978654425,0.9842979508239253,0.9965400238346707
Poisson,negative binomial,calibrated,500,0,1.5,DHA.p.val,1000,1000,1,0,0.9963179161031344,1
Poisson,negative binomial,calibrated,500,0,1.5,Pear.p.val,1000,1000,1,0,0.9963179161031344,1
Poisson,negative binomial,calibrated,500,0,1.5,Ref.p.val,1000,1000,1,0,0.9963179161031344,1
Poisson,negative binomial,calibrated,500,0,1.75,DHA.p.val,1000,1000,1,0,0.9963179161031344,1
Poisson,negative binomial,calibrated,500,0,1.75,Pear.p.val,1000,1000,1,0,0.9963179161031344,1
Poisson,negative binomial,calibrated,500,0,1.75,Ref.p.val,1000,1000,1,0,0.9963179161031344,1
Poisson,negative binomial,calibrated,500,0,2,DHA.p.val,1000,1000,1,0,0.9963179161031344,1
Poisson,negative binomial,calibrated,500,0,2,Pear.p.val,1000,1000,1,0,0.9963179161031344,1
Poisson,negative binomial,calibrated,500,0,2,Ref.p.val,1000,1000,1,0,0.9963179161031344,1
Poisson,negative binomial,calibrated,500,0,2.5,DHA.p.val,1000,1000,1,0,0.9963179161031344,1
Poisson,negative binomial,calibrated,500,0,2.5,Pear.p.val,1000,1000,1,0,0.9963179161031344,1
Poisson,negative binomial,calibrated,500,0,2.5,Ref.p.val,1000,1000,1,0,0.9963179161031344,1
Poisson,negative binomial,calibrated,500,0,3,DHA.p.val,1000,1000,1,0,0.9963179161031344,1
Poisson,negative binomial,calibrated,500,0,3,Pear.p.val,1000,1000,1,0,0.9963179161031344,1
Poisson,negative binomial,calibrated,500,0,3,Ref.p.val,1000,1000,1,0,0.9963179161031344,1
Poisson,negative binomial,calibrated,500,0,4,DHA.p.val,1000,1000,1,0,0.9963179161031344,1
Poisson,negative binomial,calibrated,500,0,4,Pear.p.val,1000,1000,1,0,0.9963179161031344,1
Poisson,negative binomial,calibrated,500,0,4,Ref.p.val,1000,1000,1,0,0.9963179161031344,1
Poisson,negative binomial,calibrated,500,0,5,DHA.p.val,1000,1000,1,0,0.9963179161031344,1
Poisson,negative binomial,calibrated,500,0,5,Pear.p.val,1000,1000,1,0,0.9963179161031344,1
Poisson,negative binomial,calibrated,500,0,5,Ref.p.val,1000,1000,1,0,0.9963179161031344,1
Poisson,negative binomial,calibrated,500,1.5,1,DHA.p.val,1000,49,0.049,0.006826346021115542,0.03646705917204781,0.06426605314016964
Poisson,negative binomial,calibrated,500,1.5,1,Pear.p.val,1000,48,0.048,0.006759881655768835,0.035600265342883276,0.06314011540150921
Poisson,negative binomial,calibrated,500,1.5,1,Ref.p.val,1000,35,0.035,0.005811626278418116,0.02449752789475872,0.04834238161422166
Poisson,negative binomial,calibrated,500,1.5,1.1,DHA.p.val,1000,256,0.256,0.013800869537822608,0.229201786384413,0.28424283010100626
Poisson,negative binomial,calibrated,500,1.5,1.1,Pear.p.val,1000,367,0.367,0.015241751867813621,0.33705566213358423,0.3977300283095988
Poisson,negative binomial,calibrated,500,1.5,1.1,Ref.p.val,1000,362,0.362,0.015197236590906913,0.3321574815361016,0.3926577969684547
Poisson,negative binomial,calibrated,500,1.5,1.2,DHA.p.val,1000,692,0.692,0.014599178059055244,0.6623513380025051,0.7205133700994172
Poisson,negative binomial,calibrated,500,1.5,1.2,Pear.p.val,1000,813,0.813,0.012330085157856779,0.7874249204685702,0.8367167800753991
Poisson,negative binomial,calibrated,500,1.5,1.2,Ref.p.val,1000,813,0.813,0.012330085157856779,0.7874249204685702,0.8367167800753991
Poisson,negative binomial,calibrated,500,1.5,1.35,DHA.p.val,1000,988,0.988,0.003443254274665176,0.9791323204089636,0.9937844744404047
Poisson,negative binomial,calibrated,500,1.5,1.35,Pear.p.val,1000,994,0.994,0.002442130217658347,0.9869865767290255,0.9977950175148487
Poisson,negative binomial,calibrated,500,1.5,1.35,Ref.p.val,1000,990,0.99,0.003146426544510456,0.9816867569448876,0.9951944893089507
Poisson,negative binomial,calibrated,500,1.5,1.5,DHA.p.val,1000,1000,1,0,0.9963179161031344,1
Poisson,negative binomial,calibrated,500,1.5,1.5,Pear.p.val,1000,1000,1,0,0.9963179161031344,1
Poisson,negative binomial,calibrated,500,1.5,1.5,Ref.p.val,1000,1000,1,0,0.9963179161031344,1
Poisson,negative binomial,calibrated,500,1.5,1.75,DHA.p.val,1000,1000,1,0,0.9963179161031344,1
Poisson,negative binomial,calibrated,500,1.5,1.75,Pear.p.val,1000,1000,1,0,0.9963179161031344,1
Poisson,negative binomial,calibrated,500,1.5,1.75,Ref.p.val,1000,1000,1,0,0.9963179161031344,1
Poisson,negative binomial,calibrated,500,1.5,2,DHA.p.val,1000,1000,1,0,0.9963179161031344,1
Poisson,negative binomial,calibrated,500,1.5,2,Pear.p.val,1000,1000,1,0,0.9963179161031344,1
Poisson,negative binomial,calibrated,500,1.5,2,Ref.p.val,1000,1000,1,0,0.9963179161031344,1
Poisson,negative binomial,calibrated,500,1.5,2.5,DHA.p.val,1000,1000,1,0,0.9963179161031344,1
Poisson,negative binomial,calibrated,500,1.5,2.5,Pear.p.val,1000,1000,1,0,0.9963179161031344,1
Poisson,negative binomial,calibrated,500,1.5,2.5,Ref.p.val,1000,1000,1,0,0.9963179161031344,1
Poisson,negative binomial,calibrated,500,1.5,3,DHA.p.val,1000,1000,1,0,0.9963179161031344,1
Poisson,negative binomial,calibrated,500,1.5,3,Pear.p.val,1000,1000,1,0,0.9963179161031344,1
Poisson,negative binomial,calibrated,500,1.5,3,Ref.p.val,1000,1000,1,0,0.9963179161031344,1
Poisson,negative binomial,calibrated,500,1.5,4,DHA.p.val,1000,1000,1,0,0.9963179161031344,1
Poisson,negative binomial,calibrated,500,1.5,4,Pear.p.val,1000,1000,1,0,0.9963179161031344,1
Poisson,negative binomial,calibrated,500,1.5,4,Ref.p.val,1000,1000,1,0,0.9963179161031344,1
Poisson,negative binomial,calibrated,500,1.5,5,DHA.p.val,1000,1000,1,0,0.9963179161031344,1
Poisson,negative binomial,calibrated,500,1.5,5,Pear.p.val,1000,1000,1,0,0.9963179161031344,1
Poisson,negative binomial,calibrated,500,1.5,5,Ref.p.val,1000,1000,1,0,0.9963179161031344,1
Poisson,negative binomial,calibrated,500,3,1,DHA.p.val,1000,41,0.041,0.006270486424512854,0.02958016853403611,0.05521245931529928
Poisson,negative binomial,calibrated,500,3,1,Pear.p.val,1000,36,0.036,0.005891010100144117,0.025338914929837746,0.0494929117180124
Poisson,negative binomial,calibrated,500,3,1,Ref.p.val,1000,33,0.033,0.005648982209212559,0.022822383349459574,0.04603398181702312
Poisson,negative binomial,calibrated,500,3,1.1,DHA.p.val,1000,263,0.263,0.013922320208930694,0.23594352468029337,0.291459361439264
Poisson,negative binomial,calibrated,500,3,1.1,Pear.p.val,1000,339,0.339,0.014969268519202935,0.30967123767455074,0.36928022971508334
Poisson,negative binomial,calibrated,500,3,1.1,Ref.p.val,1000,302,0.302,0.014518815378673288,0.27366153594599446,0.3315093775414458
Poisson,negative binomial,calibrated,500,3,1.2,DHA.p.val,1000,682,0.682,0.014726710426975875,0.6521316996717954,0.7107923449360714
Poisson,negative binomial,calibrated,500,3,1.2,Pear.p.val,1000,820,0.82,0.012149074038789953,0.7947575059722134,0.843341898328986
Poisson,negative binomial,calibrated,500,3,1.2,Ref.p.val,1000,781,0.781,0.013078187947877183,0.7540590951943787,0.8062750780167759
Poisson,negative binomial,calibrated,500,3,1.35,DHA.p.val,1000,983,0.983,0.004087909000944127,0.9729205031351487,0.9900664874072834
Poisson,negative binomial,calibrated,500,3,1.35,Pear.p.val,1000,992,0.992,0.0028170906978654425,0.9842979508239253,0.9965400238346707
Poisson,negative binomial,calibrated,500,3,1.35,Ref.p.val,1000,991,0.991,0.0029864694875387575,0.9829842169301054,0.9958766043396575
Poisson,negative binomial,calibrated,500,3,1.5,DHA.p.val,1000,998,0.998,0.0014127986409959495,0.9927941610885425,0.9997576988831227
Poisson,negative binomial,calibrated,500,3,1.5,Pear.p.val,1000,1000,1,0,0.9963179161031344,1
Poisson,negative binomial,calibrated,500,3,1.5,Ref.p.val,1000,1000,1,0,0.9963179161031344,1
Poisson,negative binomial,calibrated,500,3,1.75,DHA.p.val,1000,1000,1,0,0.9963179161031344,1
Poisson,negative binomial,calibrated,500,3,1.75,Pear.p.val,1000,1000,1,0,0.9963179161031344,1
Poisson,negative binomial,calibrated,500,3,1.75,Ref.p.val,1000,1000,1,0,0.9963179161031344,1
Poisson,negative binomial,calibrated,500,3,2,DHA.p.val,1000,1000,1,0,0.9963179161031344,1
Poisson,negative binomial,calibrated,500,3,2,Pear.p.val,1000,1000,1,0,0.9963179161031344,1
Poisson,negative binomial,calibrated,500,3,2,Ref.p.val,1000,1000,1,0,0.9963179161031344,1
Poisson,negative binomial,calibrated,500,3,2.5,DHA.p.val,1000,1000,1,0,0.9963179161031344,1
Poisson,negative binomial,calibrated,500,3,2.5,Pear.p.val,1000,1000,1,0,0.9963179161031344,1
Poisson,negative binomial,calibrated,500,3,2.5,Ref.p.val,1000,1000,1,0,0.9963179161031344,1
Poisson,negative binomial,calibrated,500,3,3,DHA.p.val,1000,1000,1,0,0.9963179161031344,1
Poisson,negative binomial,calibrated,500,3,3,Pear.p.val,1000,1000,1,0,0.9963179161031344,1
Poisson,negative binomial,calibrated,500,3,3,Ref.p.val,1000,1000,1,0,0.9963179161031344,1
Poisson,negative binomial,calibrated,500,3,4,DHA.p.val,1000,1000,1,0,0.9963179161031344,1
Poisson,negative binomial,calibrated,500,3,4,Pear.p.val,1000,1000,1,0,0.9963179161031344,1
Poisson,negative binomial,calibrated,500,3,4,Ref.p.val,1000,1000,1,0,0.9963179161031344,1
Poisson,negative binomial,calibrated,500,3,5,DHA.p.val,1000,1000,1,0,0.9963179161031344,1
Poisson,negative binomial,calibrated,500,3,5,Pear.p.val,1000,1000,1,0,0.9963179161031344,1
Poisson,negative binomial,calibrated,500,3,5,Ref.p.val,1000,1000,1,0,0.9963179161031344,1
Poisson,negative binomial,calibrated,1000,-1.5,1,DHA.p.val,1000,47,0.047,0.006692607862410586,0.03473506226679596,0.062012630693305204
Poisson,negative binomial,calibrated,1000,-1.5,1,Pear.p.val,1000,57,0.057,0.007331507348424334,0.0434535819369586,0.07322272946066222
Poisson,negative binomial,calibrated,1000,-1.5,1,Ref.p.val,1000,48,0.048,0.006759881655768835,0.035600265342883276,0.06314011540150921
Poisson,negative binomial,calibrated,1000,-1.5,1.1,DHA.p.val,1000,448,0.448,0.01572564784039119,0.4168702927319095,0.4794366932377484
Poisson,negative binomial,calibrated,1000,-1.5,1.1,Pear.p.val,1000,528,0.528,0.015786576576319513,0.49651503774473793,0.5593196752980172
Poisson,negative binomial,calibrated,1000,-1.5,1.1,Ref.p.val,1000,488,0.488,0.01580683396509244,0.4565934946491749,0.5194773407496998
Poisson,negative binomial,calibrated,1000,-1.5,1.2,DHA.p.val,1000,891,0.891,0.009854897259738428,0.8700216346570648,0.9096418523230805
Poisson,negative binomial,calibrated,1000,-1.5,1.2,Pear.p.val,1000,916,0.916,0.008771772910877251,0.897057001008265,0.9324472580294167
Poisson,negative binomial,calibrated,1000,-1.5,1.2,Ref.p.val,1000,902,0.902,0.009401914698613255,0.8818715455687639,0.9197224945489949
Poisson,negative binomial,calibrated,1000,-1.5,1.35,DHA.p.val,1000,998,0.998,0.0014127986409959495,0.9927941610885425,0.9997576988831227
Poisson,negative binomial,calibrated,1000,-1.5,1.35,Pear.p.val,1000,1000,1,0,0.9963179161031344,1
Poisson,negative binomial,calibrated,1000,-1.5,1.35,Ref.p.val,1000,999,0.999,9.994998749374613e-4,0.9944410757201734,0.9999746825125088
Poisson,negative binomial,calibrated,1000,-1.5,1.5,DHA.p.val,1000,1000,1,0,0.9963179161031344,1
Poisson,negative binomial,calibrated,1000,-1.5,1.5,Pear.p.val,1000,1000,1,0,0.9963179161031344,1
Poisson,negative binomial,calibrated,1000,-1.5,1.5,Ref.p.val,1000,1000,1,0,0.9963179161031344,1
Poisson,negative binomial,calibrated,1000,-1.5,1.75,DHA.p.val,1000,1000,1,0,0.9963179161031344,1
Poisson,negative binomial,calibrated,1000,-1.5,1.75,Pear.p.val,1000,1000,1,0,0.9963179161031344,1
Poisson,negative binomial,calibrated,1000,-1.5,1.75,Ref.p.val,1000,1000,1,0,0.9963179161031344,1
Poisson,negative binomial,calibrated,1000,-1.5,2,DHA.p.val,1000,1000,1,0,0.9963179161031344,1
Poisson,negative binomial,calibrated,1000,-1.5,2,Pear.p.val,1000,1000,1,0,0.9963179161031344,1
Poisson,negative binomial,calibrated,1000,-1.5,2,Ref.p.val,1000,1000,1,0,0.9963179161031344,1
Poisson,negative binomial,calibrated,1000,-1.5,2.5,DHA.p.val,1000,1000,1,0,0.9963179161031344,1
Poisson,negative binomial,calibrated,1000,-1.5,2.5,Pear.p.val,1000,1000,1,0,0.9963179161031344,1
Poisson,negative binomial,calibrated,1000,-1.5,2.5,Ref.p.val,1000,1000,1,0,0.9963179161031344,1
Poisson,negative binomial,calibrated,1000,-1.5,3,DHA.p.val,1000,1000,1,0,0.9963179161031344,1
Poisson,negative binomial,calibrated,1000,-1.5,3,Pear.p.val,1000,1000,1,0,0.9963179161031344,1
Poisson,negative binomial,calibrated,1000,-1.5,3,Ref.p.val,1000,1000,1,0,0.9963179161031344,1
Poisson,negative binomial,calibrated,1000,-1.5,4,DHA.p.val,1000,1000,1,0,0.9963179161031344,1
Poisson,negative binomial,calibrated,1000,-1.5,4,Pear.p.val,1000,1000,1,0,0.9963179161031344,1
Poisson,negative binomial,calibrated,1000,-1.5,4,Ref.p.val,1000,1000,1,0,0.9963179161031344,1
Poisson,negative binomial,calibrated,1000,-1.5,5,DHA.p.val,1000,1000,1,0,0.9963179161031344,1
Poisson,negative binomial,calibrated,1000,-1.5,5,Pear.p.val,1000,1000,1,0,0.9963179161031344,1
Poisson,negative binomial,calibrated,1000,-1.5,5,Ref.p.val,1000,1000,1,0,0.9963179161031344,1
Poisson,negative binomial,calibrated,1000,0,1,DHA.p.val,1000,50,0.05,0.006892024376045111,0.03733539760466177,0.06539048791549362
Poisson,negative binomial,calibrated,1000,0,1,Pear.p.val,1000,55,0.055,0.00720936890441875,0.04169879507953599,0.07099151554205752
Poisson,negative binomial,calibrated,1000,0,1,Ref.p.val,1000,53,0.053,0.00708456067798138,0.03994925236001938,0.06875518328996322
Poisson,negative binomial,calibrated,1000,0,1.1,DHA.p.val,1000,463,0.463,0.015768037290671277,0.43174313655264623,0.49447528364059623
Poisson,negative binomial,calibrated,1000,0,1.1,Pear.p.val,1000,576,0.576,0.015627667772255716,0.5446839891296142,0.6068672809599546
Poisson,negative binomial,calibrated,1000,0,1.1,Ref.p.val,1000,570,0.57,0.015655669899432602,0.5386469648923902,0.6009397466063688
Poisson,negative binomial,calibrated,1000,0,1.2,DHA.p.val,1000,918,0.918,0.008676174272108645,0.8992371325846886,0.9342541397281681
Poisson,negative binomial,calibrated,1000,0,1.2,Pear.p.val,1000,971,0.971,0.005306505441436956,0.958615280883598,0.9804940626756153
Poisson,negative binomial,calibrated,1000,0,1.2,Ref.p.val,1000,971,0.971,0.005306505441436956,0.958615280883598,0.9804940626756153
Poisson,negative binomial,calibrated,1000,0,1.35,DHA.p.val,1000,999,0.999,9.994998749374613e-4,0.9944410757201734,0.9999746825125088
Poisson,negative binomial,calibrated,1000,0,1.35,Pear.p.val,1000,1000,1,0,0.9963179161031344,1
Poisson,negative binomial,calibrated,1000,0,1.35,Ref.p.val,1000,1000,1,0,0.9963179161031344,1
Poisson,negative binomial,calibrated,1000,0,1.5,DHA.p.val,1000,1000,1,0,0.9963179161031344,1
Poisson,negative binomial,calibrated,1000,0,1.5,Pear.p.val,1000,1000,1,0,0.9963179161031344,1
Poisson,negative binomial,calibrated,1000,0,1.5,Ref.p.val,1000,1000,1,0,0.9963179161031344,1
Poisson,negative binomial,calibrated,1000,0,1.75,DHA.p.val,1000,1000,1,0,0.9963179161031344,1
Poisson,negative binomial,calibrated,1000,0,1.75,Pear.p.val,1000,1000,1,0,0.9963179161031344,1
Poisson,negative binomial,calibrated,1000,0,1.75,Ref.p.val,1000,1000,1,0,0.9963179161031344,1
Poisson,negative binomial,calibrated,1000,0,2,DHA.p.val,1000,1000,1,0,0.9963179161031344,1
Poisson,negative binomial,calibrated,1000,0,2,Pear.p.val,1000,1000,1,0,0.9963179161031344,1
Poisson,negative binomial,calibrated,1000,0,2,Ref.p.val,1000,1000,1,0,0.9963179161031344,1
Poisson,negative binomial,calibrated,1000,0,2.5,DHA.p.val,1000,1000,1,0,0.9963179161031344,1
Poisson,negative binomial,calibrated,1000,0,2.5,Pear.p.val,1000,1000,1,0,0.9963179161031344,1
Poisson,negative binomial,calibrated,1000,0,2.5,Ref.p.val,1000,1000,1,0,0.9963179161031344,1
Poisson,negative binomial,calibrated,1000,0,3,DHA.p.val,1000,1000,1,0,0.9963179161031344,1
Poisson,negative binomial,calibrated,1000,0,3,Pear.p.val,1000,1000,1,0,0.9963179161031344,1
Poisson,negative binomial,calibrated,1000,0,3,Ref.p.val,1000,1000,1,0,0.9963179161031344,1
Poisson,negative binomial,calibrated,1000,0,4,DHA.p.val,1000,1000,1,0,0.9963179161031344,1
Poisson,negative binomial,calibrated,1000,0,4,Pear.p.val,1000,1000,1,0,0.9963179161031344,1
Poisson,negative binomial,calibrated,1000,0,4,Ref.p.val,1000,1000,1,0,0.9963179161031344,1
Poisson,negative binomial,calibrated,1000,0,5,DHA.p.val,1000,1000,1,0,0.9963179161031344,1
Poisson,negative binomial,calibrated,1000,0,5,Pear.p.val,1000,1000,1,0,0.9963179161031344,1
Poisson,negative binomial,calibrated,1000,0,5,Ref.p.val,1000,1000,1,0,0.9963179161031344,1
Poisson,negative binomial,calibrated,1000,1.5,1,DHA.p.val,1000,48,0.048,0.006759881655768835,0.035600265342883276,0.06314011540150921
Poisson,negative binomial,calibrated,1000,1.5,1,Pear.p.val,1000,52,0.052,0.007021111023192838,0.0390765349439805,0.06763501405050731
Poisson,negative binomial,calibrated,1000,1.5,1,Ref.p.val,1000,47,0.047,0.006692607862410586,0.03473506226679596,0.062012630693305204
Poisson,negative binomial,calibrated,1000,1.5,1.1,DHA.p.val,1000,451,0.451,0.01573527883451704,0.41984260653536326,0.4824466650475674
Poisson,negative binomial,calibrated,1000,1.5,1.1,Pear.p.val,1000,598,0.598,0.015504708962118573,0.5668593800648497,0.628561899167521
Poisson,negative binomial,calibrated,1000,1.5,1.1,Ref.p.val,1000,558,0.558,0.01570464899321217,0.5265866448912516,0.5890709382229895
Poisson,negative binomial,calibrated,1000,1.5,1.2,DHA.p.val,1000,924,0.924,0.008379976133617564,0.9057956763550978,0.9396563388200981
Poisson,negative binomial,calibrated,1000,1.5,1.2,Pear.p.val,1000,979,0.979,0.00453420334788814,0.9680776648195845,0.9869548077096123
Poisson,negative binomial,calibrated,1000,1.5,1.2,Ref.p.val,1000,970,0.97,0.0053944415837044735,0.9574485975299709,0.9796695143168904
Poisson,negative binomial,calibrated,1000,1.5,1.35,DHA.p.val,1000,1000,1,0,0.9963179161031344,1
Poisson,negative binomial,calibrated,1000,1.5,1.35,Pear.p.val,1000,1000,1,0,0.9963179161031344,1
Poisson,negative binomial,calibrated,1000,1.5,1.35,Ref.p.val,1000,1000,1,0,0.9963179161031344,1
Poisson,negative binomial,calibrated,1000,1.5,1.5,DHA.p.val,1000,1000,1,0,0.9963179161031344,1
Poisson,negative binomial,calibrated,1000,1.5,1.5,Pear.p.val,1000,1000,1,0,0.9963179161031344,1
Poisson,negative binomial,calibrated,1000,1.5,1.5,Ref.p.val,1000,1000,1,0,0.9963179161031344,1
Poisson,negative binomial,calibrated,1000,1.5,1.75,DHA.p.val,1000,1000,1,0,0.9963179161031344,1
Poisson,negative binomial,calibrated,1000,1.5,1.75,Pear.p.val,1000,1000,1,0,0.9963179161031344,1
Poisson,negative binomial,calibrated,1000,1.5,1.75,Ref.p.val,1000,1000,1,0,0.9963179161031344,1
Poisson,negative binomial,calibrated,1000,1.5,2,DHA.p.val,1000,1000,1,0,0.9963179161031344,1
Poisson,negative binomial,calibrated,1000,1.5,2,Pear.p.val,1000,1000,1,0,0.9963179161031344,1
Poisson,negative binomial,calibrated,1000,1.5,2,Ref.p.val,1000,1000,1,0,0.9963179161031344,1
Poisson,negative binomial,calibrated,1000,1.5,2.5,DHA.p.val,1000,1000,1,0,0.9963179161031344,1
Poisson,negative binomial,calibrated,1000,1.5,2.5,Pear.p.val,1000,1000,1,0,0.9963179161031344,1
Poisson,negative binomial,calibrated,1000,1.5,2.5,Ref.p.val,1000,1000,1,0,0.9963179161031344,1
Poisson,negative binomial,calibrated,1000,1.5,3,DHA.p.val,1000,1000,1,0,0.9963179161031344,1
Poisson,negative binomial,calibrated,1000,1.5,3,Pear.p.val,1000,1000,1,0,0.9963179161031344,1
Poisson,negative binomial,calibrated,1000,1.5,3,Ref.p.val,1000,1000,1,0,0.9963179161031344,1
Poisson,negative binomial,calibrated,1000,1.5,4,DHA.p.val,1000,1000,1,0,0.9963179161031344,1
Poisson,negative binomial,calibrated,1000,1.5,4,Pear.p.val,1000,1000,1,0,0.9963179161031344,1
Poisson,negative binomial,calibrated,1000,1.5,4,Ref.p.val,1000,1000,1,0,0.9963179161031344,1
Poisson,negative binomial,calibrated,1000,1.5,5,DHA.p.val,1000,1000,1,0,0.9963179161031344,1
Poisson,negative binomial,calibrated,1000,1.5,5,Pear.p.val,1000,1000,1,0,0.9963179161031344,1
Poisson,negative binomial,calibrated,1000,1.5,5,Ref.p.val,1000,1000,1,0,0.9963179161031344,1
Poisson,negative binomial,calibrated,1000,3,1,DHA.p.val,1000,52,0.052,0.007021111023192838,0.0390765349439805,0.06763501405050731
Poisson,negative binomial,calibrated,1000,3,1,Pear.p.val,1000,53,0.053,0.00708456067798138,0.03994925236001938,0.06875518328996322
Poisson,negative binomial,calibrated,1000,3,1,Ref.p.val,1000,44,0.044,0.006485676526007136,0.03214949701087143,0.058620419206330876
Poisson,negative binomial,calibrated,1000,3,1.1,DHA.p.val,1000,445,0.445,0.015715438269421567,0.41389911040428434,0.4764255906520587
Poisson,negative binomial,calibrated,1000,3,1.1,Pear.p.val,1000,611,0.611,0.015416841440450765,0.5799927371969104,0.6413516947282136
Poisson,negative binomial,calibrated,1000,3,1.1,Ref.p.val,1000,580,0.58,0.015607690412101338,0.5487112303838113,0.6108164097773805
Poisson,negative binomial,calibrated,1000,3,1.2,DHA.p.val,1000,926,0.926,0.008277922444671728,0.9079882639857509,0.9414505557393473
Poisson,negative binomial,calibrated,1000,3,1.2,Pear.p.val,1000,976,0.976,0.004839834707921338,0.9644993614686408,0.9845636167664915
Poisson,negative binomial,calibrated,1000,3,1.2,Ref.p.val,1000,974,0.974,0.005032295698784007,0.9621348775210785,0.9829472136543705
Poisson,negative binomial,calibrated,1000,3,1.35,DHA.p.val,1000,1000,1,0,0.9963179161031344,1
Poisson,negative binomial,calibrated,1000,3,1.35,Pear.p.val,1000,1000,1,0,0.9963179161031344,1
Poisson,negative binomial,calibrated,1000,3,1.35,Ref.p.val,1000,1000,1,0,0.9963179161031344,1
Poisson,negative binomial,calibrated,1000,3,1.5,DHA.p.val,1000,1000,1,0,0.9963179161031344,1
Poisson,negative binomial,calibrated,1000,3,1.5,Pear.p.val,1000,1000,1,0,0.9963179161031344,1
Poisson,negative binomial,calibrated,1000,3,1.5,Ref.p.val,1000,1000,1,0,0.9963179161031344,1
Poisson,negative binomial,calibrated,1000,3,1.75,DHA.p.val,1000,1000,1,0,0.9963179161031344,1
Poisson,negative binomial,calibrated,1000,3,1.75,Pear.p.val,1000,1000,1,0,0.9963179161031344,1
Poisson,negative binomial,calibrated,1000,3,1.75,Ref.p.val,1000,1000,1,0,0.9963179161031344,1
Poisson,negative binomial,calibrated,1000,3,2,DHA.p.val,1000,1000,1,0,0.9963179161031344,1
Poisson,negative binomial,calibrated,1000,3,2,Pear.p.val,1000,1000,1,0,0.9963179161031344,1
Poisson,negative binomial,calibrated,1000,3,2,Ref.p.val,1000,1000,1,0,0.9963179161031344,1
Poisson,negative binomial,calibrated,1000,3,2.5,DHA.p.val,1000,1000,1,0,0.9963179161031344,1
Poisson,negative binomial,calibrated,1000,3,2.5,Pear.p.val,1000,1000,1,0,0.9963179161031344,1
Poisson,negative binomial,calibrated,1000,3,2.5,Ref.p.val,1000,1000,1,0,0.9963179161031344,1
Poisson,negative binomial,calibrated,1000,3,3,DHA.p.val,1000,1000,1,0,0.9963179161031344,1
Poisson,negative binomial,calibrated,1000,3,3,Pear.p.val,1000,1000,1,0,0.9963179161031344,1
Poisson,negative binomial,calibrated,1000,3,3,Ref.p.val,1000,1000,1,0,0.9963179161031344,1
Poisson,negative binomial,calibrated,1000,3,4,DHA.p.val,1000,1000,1,0,0.9963179161031344,1
Poisson,negative binomial,calibrated,1000,3,4,Pear.p.val,1000,1000,1,0,0.9963179161031344,1
Poisson,negative binomial,calibrated,1000,3,4,Ref.p.val,1000,1000,1,0,0.9963179161031344,1
Poisson,negative binomial,calibrated,1000,3,5,DHA.p.val,1000,1000,1,0,0.9963179161031344,1
Poisson,negative binomial,calibrated,1000,3,5,Pear.p.val,1000,1000,1,0,0.9963179161031344,1
Poisson,negative binomial,calibrated,1000,3,5,Ref.p.val,1000,1000,1,0,0.9963179161031344,1
Binomial,beta-binomial,calibrated,10,-1.5,1,DHA.p.val,1000,54,0.054,0.007147307185227175,0.04082335112563071,0.06987400557706736
Binomial,beta-binomial,calibrated,10,-1.5,1,Pear.p.val,1000,48,0.048,0.006759881655768835,0.035600265342883276,0.06314011540150921
Binomial,beta-binomial,calibrated,10,-1.5,1,Ref.p.val,1000,47,0.047,0.006692607862410586,0.03473506226679596,0.062012630693305204
Binomial,beta-binomial,calibrated,10,-1.5,1.1,DHA.p.val,1000,51,0.051,0.00695693898205238,0.038205236774686166,0.06651346159493476
Binomial,beta-binomial,calibrated,10,-1.5,1.1,Pear.p.val,1000,58,0.058,0.007391616873188166,0.044332860252820704,0.07433649538235165
Binomial,beta-binomial,calibrated,10,-1.5,1.1,Ref.p.val,1000,48,0.048,0.006759881655768835,0.035600265342883276,0.06314011540150921
Binomial,beta-binomial,calibrated,10,-1.5,1.2,DHA.p.val,1000,72,0.072,0.008174105455644672,0.056758687554561725,0.08981574917535085
Binomial,beta-binomial,calibrated,10,-1.5,1.2,Pear.p.val,1000,90,0.09,0.009049861877399014,0.07299046645662287,0.10946657313833918
Binomial,beta-binomial,calibrated,10,-1.5,1.2,Ref.p.val,1000,72,0.072,0.008174105455644672,0.056758687554561725,0.08981574917535085
Binomial,beta-binomial,calibrated,10,-1.5,1.35,DHA.p.val,1000,109,0.109,0.00985489725973843,0.09035814767691946,0.12997836534293516
Binomial,beta-binomial,calibrated,10,-1.5,1.35,Pear.p.val,1000,130,0.13,0.010634848376916336,0.1097693124537045,0.15243649460044018
Binomial,beta-binomial,calibrated,10,-1.5,1.35,Ref.p.val,1000,109,0.109,0.00985489725973843,0.09035814767691946,0.12997836534293516
Binomial,beta-binomial,calibrated,10,-1.5,1.5,DHA.p.val,1000,133,0.133,0.010738295954200556,0.1125579643868474,0.1556293270471284
Binomial,beta-binomial,calibrated,10,-1.5,1.5,Pear.p.val,1000,180,0.18,0.012149074038789953,0.156658101671014,0.2052424940277866
Binomial,beta-binomial,calibrated,10,-1.5,1.5,Ref.p.val,1000,151,0.151,0.01132249972400088,0.12936136200265355,0.174715466038191
Binomial,beta-binomial,calibrated,10,-1.5,1.75,DHA.p.val,1000,221,0.221,0.013120937466507492,0.19563537445283838,0.2480184632116429
Binomial,beta-binomial,calibrated,10,-1.5,1.75,Pear.p.val,1000,288,0.288,0.014319776534569246,0.2600922071007793,0.3171618867161927
Binomial,beta-binomial,calibrated,10,-1.5,1.75,Ref.p.val,1000,238,0.238,0.01346684818359515,0.21190840581377113,0.26564368072325595
Binomial,beta-binomial,calibrated,10,-1.5,2,DHA.p.val,1000,301,0.301,0.014505137021069467,0.27269124387933186,0.33048560805544913
Binomial,beta-binomial,calibrated,10,-1.5,2,Pear.p.val,1000,383,0.383,0.015372410351015223,0.3527529065148019,0.41393813972081606
Binomial,beta-binomial,calibrated,10,-1.5,2,Ref.p.val,1000,337,0.337,0.014947608504372866,0.3077195058402128,0.3672438112476699
Binomial,beta-binomial,calibrated,10,-1.5,2.5,DHA.p.val,1000,468,0.468,0.015778973350633434,0.43670699654393563,0.4994819047092036
Binomial,beta-binomial,calibrated,10,-1.5,2.5,Pear.p.val,1000,563,0.563,0.01568537535413163,0.5316095614887726,0.5940184934750994
Binomial,beta-binomial,calibrated,10,-1.5,2.5,Ref.p.val,1000,506,0.506,0.015810249839898167,0.4745336899550641,0.5374308925028031
Binomial,beta-binomial,calibrated,10,-1.5,3,DHA.p.val,1000,600,0.6,0.015491933384829668,0.5688784459558931,0.6305310124510876
Binomial,beta-binomial,calibrated,10,-1.5,3,Pear.p.val,1000,690,0.69,0.014625320509308506,0.6603061689626798,0.7185704096369193
Binomial,beta-binomial,calibrated,10,-1.5,3,Ref.p.val,1000,642,0.642,0.01516034300403523,0.6114024906519153,0.671758556007076
Binomial,beta-binomial,calibrated,10,-1.5,4,DHA.p.val,1000,742,0.742,0.013836039895866157,0.7136943868315392,0.7688729230250864
Binomial,beta-binomial,calibrated,10,-1.5,4,Pear.p.val,1000,821,0.821,0.012122664723566351,0.7958060898416877,0.844287265442077
Binomial,beta-binomial,calibrated,10,-1.5,4,Ref.p.val,1000,783,0.783,0.013034991369387246,0.7561375247466816,0.8081846551453902
Binomial,beta-binomial,calibrated,10,-1.5,5,DHA.p.val,999,825,0.8258258258258259,0.01199922967267717,0.8008570303235233,0.8488567992171736
Binomial,beta-binomial,calibrated,10,-1.5,5,Pear.p.val,1000,884,0.884,0.010126401137620413,0.8625132494504362,0.9031940447302415
Binomial,beta-binomial,calibrated,10,-1.5,5,Ref.p.val,1000,868,0.868,0.010704017937204702,0.8454345533915462,0.8883719870272047
Binomial,beta-binomial,calibrated,10,0,1,DHA.p.val,1000,52,0.052,0.007021111023192838,0.0390765349439805,0.06763501405050731
Binomial,beta-binomial,calibrated,10,0,1,Pear.p.val,1000,53,0.053,0.00708456067798138,0.03994925236001938,0.06875518328996322
Binomial,beta-binomial,calibrated,10,0,1,Ref.p.val,1000,44,0.044,0.006485676526007136,0.03214949701087143,0.058620419206330876
Binomial,beta-binomial,calibrated,10,0,1.1,DHA.p.val,1000,52,0.052,0.007021111023192838,0.0390765349439805,0.06763501405050731
Binomial,beta-binomial,calibrated,10,0,1.1,Pear.p.val,1000,49,0.049,0.006826346021115542,0.03646705917204781,0.06426605314016964
Binomial,beta-binomial,calibrated,10,0,1.1,Ref.p.val,1000,41,0.041,0.006270486424512854,0.02958016853403611,0.05521245931529928
Binomial,beta-binomial,calibrated,10,0,1.2,DHA.p.val,1000,78,0.078,0.008480330182251162,0.06214121313271406,0.096393633402583
Binomial,beta-binomial,calibrated,10,0,1.2,Pear.p.val,1000,88,0.088,0.008958571314668427,0.07117513428528653,0.10729476503500857
Binomial,beta-binomial,calibrated,10,0,1.2,Ref.p.val,1000,64,0.064,0.007739767438366608,0.04963308929184902,0.080995074367051
Binomial,beta-binomial,calibrated,10,0,1.35,DHA.p.val,1000,116,0.116,0.010126401137620413,0.09680595526975852,0.13748675054956383
Binomial,beta-binomial,calibrated,10,0,1.35,Pear.p.val,1000,140,0.14,0.010972693379476163,0.1190784973813558,0.1630657152009547
Binomial,beta-binomial,calibrated,10,0,1.35,Ref.p.val,1000,114,0.114,0.010050074626588601,0.09496128197328355,0.13534391307160787
Binomial,beta-binomial,calibrated,10,0,1.5,DHA.p.val,1000,175,0.175,0.012015614840697915,0.15193403290953064,0.19999682556933696
Binomial,beta-binomial,calibrated,10,0,1.5,Pear.p.val,1000,193,0.193,0.012480024038438387,0.16897210326979484,0.21885000358205464
Binomial,beta-binomial,calibrated,10,0,1.5,Ref.p.val,1000,137,0.137,0.010873407929439602,0.11628168943368122,0.15988096510541738
Binomial,beta-binomial,calibrated,10,0,1.75,DHA.p.val,1000,261,0.261,0.013888088421377507,0.2340163968420651,0.28939840889365154
Binomial,beta-binomial,calibrated,10,0,1.75,Pear.p.val,1000,294,0.294,0.014407081592050487,0.2659037142365126,0.3233147195188709
Binomial,beta-binomial,calibrated,10,0,1.75,Ref.p.val,1000,240,0.24,0.013505554412907307,0.21382677447450602,0.2677133583471021
Binomial,beta-binomial,calibrated,10,0,2,DHA.p.val,1000,399,0.399,0.015485444778888335,0.36848462811503946,0.43011182413134885
Binomial,beta-binomial,calibrated,10,0,2,Pear.p.val,1000,440,0.44,0.015697133496278867,0.40894966035038377,0.47140456752225623
Binomial,beta-binomial,calibrated,10,0,2,Ref.p.val,1000,385,0.385,0.015387494922826133,0.35471750301773197,0.4159617164035918
Binomial,beta-binomial,calibrated,10,0,2.5,DHA.p.val,1000,584,0.584,0.015586660963785668,0.5527405274301045,0.6147634808153211
Binomial,beta-binomial,calibrated,10,0,2.5,Pear.p.val,1000,645,0.645,0.015131919904625453,0.614449176764294,0.6746941111019715
Binomial,beta-binomial,calibrated,10,0,2.5,Ref.p.val,1000,584,0.584,0.015586660963785668,0.5527405274301045,0.6147634808153211
Binomial,beta-binomial,calibrated,10,0,3,DHA.p.val,1000,713,0.713,0.01430492922037715,0.6838641639245253,0.7408757971772888
Binomial,beta-binomial,calibrated,10,0,3,Pear.p.val,1000,782,0.782,0.013056645817360598,0.7550982005417549,0.8072299765403573
Binomial,beta-binomial,calibrated,10,0,3,Ref.p.val,1000,728,0.728,0.014071815803228808,0.6992752220636205,0.755375498730961
Binomial,beta-binomial,calibrated,10,0,4,DHA.p.val,1000,894,0.894,0.009734680272099335,0.8732469912184375,0.912397634930788
Binomial,beta-binomial,calibrated,10,0,4,Pear.p.val,1000,937,0.937,0.007683163410991592,0.9201119581266455,0.9512530724434194
Binomial,beta-binomial,calibrated,10,0,4,Ref.p.val,1000,915,0.915,0.008819013550278736,0.8959680142216228,0.9315427212290098
Binomial,beta-binomial,calibrated,10,0,5,DHA.p.val,1000,947,0.947,0.007084560677981384,0.9312448167100368,0.9600507476399807
Binomial,beta-binomial,calibrated,10,0,5,Pear.p.val,1000,975,0.975,0.004937104414532877,0.963315176948077,0.9837574643031177
Binomial,beta-binomial,calibrated,10,0,5,Ref.p.val,1000,961,0.961,0.006122009474020767,0.947069064214555,0.9721228512046636
Binomial,beta-binomial,calibrated,10,1.5,1,DHA.p.val,1000,53,0.053,0.00708456067798138,0.03994925236001938,0.06875518328996322
Binomial,beta-binomial,calibrated,10,1.5,1,Pear.p.val,1000,44,0.044,0.006485676526007136,0.03214949701087143,0.058620419206330876
Binomial,beta-binomial,calibrated,10,1.5,1,Ref.p.val,1000,38,0.038,0.006046155803483731,0.027028815982983928,0.05178710362196415
Binomial,beta-binomial,calibrated,10,1.5,1.1,DHA.p.val,1000,47,0.047,0.006692607862410586,0.03473506226679596,0.062012630693305204
Binomial,beta-binomial,calibrated,10,1.5,1.1,Pear.p.val,1000,50,0.05,0.006892024376045111,0.03733539760466177,0.06539048791549362
Binomial,beta-binomial,calibrated,10,1.5,1.1,Ref.p.val,1000,45,0.045,0.0065555320150236475,0.03300962543114875,0.05975283269340781
Binomial,beta-binomial,calibrated,10,1.5,1.2,DHA.p.val,1000,70,0.07,0.008068457101577725,0.05497152491916995,0.0876162334892846
Binomial,beta-binomial,calibrated,10,1.5,1.2,Pear.p.val,1000,79,0.079,0.008529888627643388,0.06304120280945995,0.09748709490690122
Binomial,beta-binomial,calibrated,10,1.5,1.2,Ref.p.val,1000,60,0.06,0.007509993342207435,0.04609503542248433,0.07656049040393476
Binomial,beta-binomial,calibrated,10,1.5,1.35,DHA.p.val,1000,106,0.106,0.009734680272099337,0.08760236506921207,0.12675300878156248
Binomial,beta-binomial,calibrated,10,1.5,1.35,Pear.p.val,1000,137,0.137,0.010873407929439602,0.11628168943368122,0.15988096510541738
Binomial,beta-binomial,calibrated,10,1.5,1.35,Ref.p.val,1000,102,0.102,0.009570579919733181,0.08393546004048683,0.12244515106555798
Binomial,beta-binomial,calibrated,10,1.5,1.5,DHA.p.val,1000,143,0.143,0.011070275515993266,0.12187864287589155,0.16624715659672173
Binomial,beta-binomial,calibrated,10,1.5,1.5,Pear.p.val,1000,165,0.165,0.011737759581794134,0.14250731760552257,0.18948420837970903
Binomial,beta-binomial,calibrated,10,1.5,1.5,Ref.p.val,1000,128,0.128,0.010564847372300274,0.10791224133119763,0.1503059285748708
Binomial,beta-binomial,calibrated,10,1.5,1.75,DHA.p.val,1000,236,0.236,0.013427732496590778,0.20999083876861574,0.26357320486642377
Binomial,beta-binomial,calibrated,10,1.5,1.75,Pear.p.val,1000,289,0.289,0.0143345387090063,0.261060378013249,0.31818777122711506
Binomial,beta-binomial,calibrated,10,1.5,1.75,Ref.p.val,1000,230,0.23,0.013307892395116516,0.20424301848561774,0.25735691750323
Binomial,beta-binomial,calibrated,10,1.5,2,DHA.p.val,1000,318,0.318,0.014726710426975875,0.2892076550639287,0.3478683003282046
Binomial,beta-binomial,calibrated,10,1.5,2,Pear.p.val,1000,381,0.381,0.015357050498061143,0.35078884853297654,0.41191402530041954
Binomial,beta-binomial,calibrated,10,1.5,2,Ref.p.val,1000,326,0.326,0.01482309009619789,0.296995524239567,0.3560329892828511
Binomial,beta-binomial,calibrated,10,1.5,2.5,DHA.p.val,1000,493,0.493,0.015809838708854686,0.4615728627540435,0.5244684577338623
Binomial,beta-binomial,calibrated,10,1.5,2.5,Pear.p.val,1000,581,0.581,0.015602531845825537,0.54971836159974,0.6118033707732207
Binomial,beta-binomial,calibrated,10,1.5,2.5,Ref.p.val,1000,498,0.498,0.01581126180922952,0.4665553231858496,0.5294564826459982
Binomial,beta-binomial,calibrated,10,1.5,3,DHA.p.val,1000,595,0.595,0.015523369479594306,0.5638317636619659,0.6256072456340387
Binomial,beta-binomial,calibrated,10,1.5,3,Pear.p.val,1000,697,0.697,0.014532412050310162,0.6674670123954286,0.7253680121243788
Binomial,beta-binomial,calibrated,10,1.5,3,Ref.p.val,1000,628,0.628,0.015284501954594399,0.597201187979319,0.6580427038308247
Binomial,beta-binomial,calibrated,10,1.5,4,DHA.p.val,1000,738,0.738,0.013905250806799567,0.7095710241553304,0.7650201302447011
Binomial,beta-binomial,calibrated,10,1.5,4,Pear.p.val,1000,820,0.82,0.012149074038789953,0.7947575059722134,0.843341898328986
Binomial,beta-binomial,calibrated,10,1.5,4,Ref.p.val,1000,774,0.774,0.013225883713385657,0.7467913971040484,0.7995847203178666
Binomial,beta-binomial,calibrated,10,1.5,5,DHA.p.val,1000,837,0.837,0.011680368144883107,0.812621856215511,0.8593744596403597
Binomial,beta-binomial,calibrated,10,1.5,5,Pear.p.val,1000,891,0.891,0.009854897259738428,0.8700216346570648,0.9096418523230805
Binomial,beta-binomial,calibrated,10,1.5,5,Ref.p.val,1000,858,0.858,0.011037934589405756,0.8348129616464028,0.8790551042902568
Binomial,beta-binomial,calibrated,50,-1.5,1,DHA.p.val,1000,54,0.054,0.007147307185227175,0.04082335112563071,0.06987400557706736
Binomial,beta-binomial,calibrated,50,-1.5,1,Pear.p.val,1000,51,0.051,0.00695693898205238,0.038205236774686166,0.06651346159493476
Binomial,beta-binomial,calibrated,50,-1.5,1,Ref.p.val,1000,50,0.05,0.006892024376045111,0.03733539760466177,0.06539048791549362
Binomial,beta-binomial,calibrated,50,-1.5,1.1,DHA.p.val,1000,80,0.08,0.008579044235810887,0.06394198284667334,0.09857977904790216
Binomial,beta-binomial,calibrated,50,-1.5,1.1,Pear.p.val,1000,92,0.092,0.00913980306133562,0.07480844517785548,0.11163577251831969
Binomial,beta-binomial,calibrated,50,-1.5,1.1,Ref.p.val,1000,93,0.093,0.009184280047995052,0.07571840260686478,0.11271941770115601
Binomial,beta-binomial,calibrated,50,-1.5,1.2,DHA.p.val,1000,177,0.177,0.012069424178476784,0.15382282670139608,0.2020959213077811
Binomial,beta-binomial,calibrated,50,-1.5,1.2,Pear.p.val,1000,173,0.173,0.011961229033840962,0.1500463682386288,0.1978966080927047
Binomial,beta-binomial,calibrated,50,-1.5,1.2,Ref.p.val,1000,174,0.174,0.011988494484296182,0.1509900584760256,0.19894685799303646
Binomial,beta-binomial,calibrated,50,-1.5,1.35,DHA.p.val,1000,363,0.363,0.015206281596761254,0.3331368399380181,0.3936725204750732
Binomial,beta-binomial,calibrated,50,-1.5,1.35,Pear.p.val,1000,382,0.382,0.01536476488593301,0.35177081010815975,0.41292614982733233
Binomial,beta-binomial,calibrated,50,-1.5,1.35,Ref.p.val,1000,390,0.39,0.01542400726140908,0.3596313399726173,0.4210183157288174
Binomial,beta-binomial,calibrated,50,-1.5,1.5,DHA.p.val,1000,551,0.551,0.015728922404284407,0.5195598572878697,0.5821390616137204
Binomial,beta-binomial,calibrated,50,-1.5,1.5,Pear.p.val,1000,591,0.591,0.015547314880711718,0.5597967691447996,0.6216658781236122
Binomial,beta-binomial,calibrated,50,-1.5,1.5,Ref.p.val,1000,595,0.595,0.015523369479594306,0.5638317636619659,0.6256072456340387
Binomial,beta-binomial,calibrated,50,-1.5,1.75,DHA.p.val,1000,801,0.801,0.012625331678811452,0.7748840900369928,0.8253299436678188
Binomial,beta-binomial,calibrated,50,-1.5,1.75,Pear.p.val,1000,828,0.828,0.011933817494833748,0.8031539260552609,0.8508970358520214
Binomial,beta-binomial,calibrated,50,-1.5,1.75,Ref.p.val,1000,827,0.827,0.011961229033840963,0.8021033919072953,0.8499536317613712
Binomial,beta-binomial,calibrated,50,-1.5,2,DHA.p.val,1000,907,0.907,0.009184280047995052,0.887280582298844,0.9242815973931352
Binomial,beta-binomial,calibrated,50,-1.5,2,Pear.p.val,1000,935,0.935,0.0077958322198467015,0.917898930078629,0.949479690310382
Binomial,beta-binomial,calibrated,50,-1.5,2,Ref.p.val,1000,933,0.933,0.007906389820898028,0.9156899628975586,0.9477021635999548
Binomial,beta-binomial,calibrated,50,-1.5,2.5,DHA.p.val,1000,986,0.986,0.0037153734670958734,0.9766218439896855,0.9923254984349792
Binomial,beta-binomial,calibrated,50,-1.5,2.5,Pear.p.val,1000,996,0.996,0.0019959959919799443,0.9897903353160701,0.9989090920122741
Binomial,beta-binomial,calibrated,50,-1.5,2.5,Ref.p.val,1000,996,0.996,0.0019959959919799443,0.9897903353160701,0.9989090920122741
Binomial,beta-binomial,calibrated,50,-1.5,3,DHA.p.val,1000,1000,1,0,0.9963179161031344,1
Binomial,beta-binomial,calibrated,50,-1.5,3,Pear.p.val,1000,998,0.998,0.0014127986409959495,0.9927941610885425,0.9997576988831227
Binomial,beta-binomial,calibrated,50,-1.5,3,Ref.p.val,1000,998,0.998,0.0014127986409959495,0.9927941610885425,0.9997576988831227
Binomial,beta-binomial,calibrated,50,-1.5,4,DHA.p.val,1000,1000,1,0,0.9963179161031344,1
Binomial,beta-binomial,calibrated,50,-1.5,4,Pear.p.val,1000,1000,1,0,0.9963179161031344,1
Binomial,beta-binomial,calibrated,50,-1.5,4,Ref.p.val,1000,1000,1,0,0.9963179161031344,1
Binomial,beta-binomial,calibrated,50,-1.5,5,DHA.p.val,1000,1000,1,0,0.9963179161031344,1
Binomial,beta-binomial,calibrated,50,-1.5,5,Pear.p.val,1000,1000,1,0,0.9963179161031344,1
Binomial,beta-binomial,calibrated,50,-1.5,5,Ref.p.val,1000,1000,1,0,0.9963179161031344,1
Binomial,beta-binomial,calibrated,50,0,1,DHA.p.val,1000,40,0.04,0.0061967733539318665,0.028727625285890793,0.05407269681936844
Binomial,beta-binomial,calibrated,50,0,1,Pear.p.val,1000,42,0.042,0.0063431853196954605,0.030434706263140012,0.05635029157574478
Binomial,beta-binomial,calibrated,50,0,1,Ref.p.val,1000,42,0.042,0.0063431853196954605,0.030434706263140012,0.05635029157574478
Binomial,beta-binomial,calibrated,50,0,1.1,DHA.p.val,1000,80,0.08,0.008579044235810887,0.06394198284667334,0.09857977904790216
Binomial,beta-binomial,calibrated,50,0,1.1,Pear.p.val,1000,77,0.077,0.00843036179532053,0.061242027783549015,0.09529938097825963
Binomial,beta-binomial,calibrated,50,0,1.1,Ref.p.val,1000,96,0.096,0.009315793041926168,0.07845203624742246,0.11596664336287676
Binomial,beta-binomial,calibrated,50,0,1.2,DHA.p.val,1000,179,0.179,0.01212266472356635,0.15571273455792303,0.20419391015831234
Binomial,beta-binomial,calibrated,50,0,1.2,Pear.p.val,1000,178,0.178,0.012096115078817662,0.15476764229594311,0.20314505318223774
Binomial,beta-binomial,calibrated,50,0,1.2,Ref.p.val,1000,192,0.192,0.012455360291858283,0.16802331747153565,0.21780481775628424
Binomial,beta-binomial,calibrated,50,0,1.35,DHA.p.val,1000,377,0.377,0.01532550162311172,0.3468623546595492,0.40786417678951004
Binomial,beta-binomial,calibrated,50,0,1.35,Pear.p.val,1000,396,0.396,0.01546557467409472,0.36553234064374673,0.427081844548873
Binomial,beta-binomial,calibrated,50,0,1.35,Ref.p.val,1000,426,0.426,0.015637263187655313,0.39510805262228954,0.4573288630343598
Binomial,beta-binomial,calibrated,50,0,1.5,DHA.p.val,1000,622,0.622,0.015333492752794452,0.5911231581097955,0.6521562251530795
Binomial,beta-binomial,calibrated,50,0,1.5,Pear.p.val,1000,630,0.63,0.015267612779999367,0.5992282896178014,0.6600037699688277
Binomial,beta-binomial,calibrated,50,0,1.5,Ref.p.val,1000,653,0.653,0.01505293991218991,0.6225798930217138,0.6825160263170542
Binomial,beta-binomial,calibrated,50,0,1.75,DHA.p.val,1000,841,0.841,0.011563693181678596,0.8168376651825233,0.8631343076614678
Binomial,beta-binomial,calibrated,50,0,1.75,Pear.p.val,1000,850,0.85,0.011291589790636216,0.826341871432964,0.8715751888838272
Binomial,beta-binomial,calibrated,50,0,1.75,Ref.p.val,1000,860,0.86,0.010972693379476163,0.8369342847990453,0.8809215026186442
Binomial,beta-binomial,calibrated,50,0,2,DHA.p.val,1000,960,0.96,0.00619677335393187,0.9459273031806316,0.9712723747141092
Binomial,beta-binomial,calibrated,50,0,2,Pear.p.val,1000,962,0.962,0.006046155803483734,0.9482128963780359,0.9729711840170161
Binomial,beta-binomial,calibrated,50,0,2,Ref.p.val,1000,966,0.966,0.005730968504537434,0.9528105613842925,0.9763413518924032
Binomial,beta-binomial,calibrated,50,0,2.5,DHA.p.val,1000,997,0.997,0.0017294507798720387,0.9912579767615217,0.9993809000683505
Binomial,beta-binomial,calibrated,50,0,2.5,Pear.p.val,1000,998,0.998,0.0014127986409959495,0.9927941610885425,0.9997576988831227
Binomial,beta-binomial,calibrated,50,0,2.5,Ref.p.val,1000,998,0.998,0.0014127986409959495,0.9927941610885425,0.9997576988831227
Binomial,beta-binomial,calibrated,50,0,3,DHA.p.val,1000,1000,1,0,0.9963179161031344,1
Binomial,beta-binomial,calibrated,50,0,3,Pear.p.val,1000,1000,1,0,0.9963179161031344,1
Binomial,beta-binomial,calibrated,50,0,3,Ref.p.val,1000,1000,1,0,0.9963179161031344,1
Binomial,beta-binomial,calibrated,50,0,4,DHA.p.val,1000,1000,1,0,0.9963179161031344,1
Binomial,beta-binomial,calibrated,50,0,4,Pear.p.val,1000,1000,1,0,0.9963179161031344,1
Binomial,beta-binomial,calibrated,50,0,4,Ref.p.val,1000,1000,1,0,0.9963179161031344,1
Binomial,beta-binomial,calibrated,50,0,5,DHA.p.val,1000,1000,1,0,0.9963179161031344,1
Binomial,beta-binomial,calibrated,50,0,5,Pear.p.val,1000,1000,1,0,0.9963179161031344,1
Binomial,beta-binomial,calibrated,50,0,5,Ref.p.val,1000,1000,1,0,0.9963179161031344,1
Binomial,beta-binomial,calibrated,50,1.5,1,DHA.p.val,1000,52,0.052,0.007021111023192838,0.0390765349439805,0.06763501405050731
Binomial,beta-binomial,calibrated,50,1.5,1,Pear.p.val,1000,58,0.058,0.007391616873188166,0.044332860252820704,0.07433649538235165
Binomial,beta-binomial,calibrated,50,1.5,1,Ref.p.val,1000,56,0.056,0.007270763371201128,0.04257554968661718,0.07210774628325278
Binomial,beta-binomial,calibrated,50,1.5,1.1,DHA.p.val,1000,79,0.079,0.008529888627643388,0.06304120280945995,0.09748709490690122
Binomial,beta-binomial,calibrated,50,1.5,1.1,Pear.p.val,1000,94,0.094,0.009228434320078352,0.07662899292737785,0.11380243871897455
Binomial,beta-binomial,calibrated,50,1.5,1.1,Ref.p.val,1000,94,0.094,0.009228434320078352,0.07662899292737785,0.11380243871897455
Binomial,beta-binomial,calibrated,50,1.5,1.2,DHA.p.val,1000,192,0.192,0.012455360291858283,0.16802331747153565,0.21780481775628424
Binomial,beta-binomial,calibrated,50,1.5,1.2,Pear.p.val,1000,179,0.179,0.01212266472356635,0.15571273455792303,0.20419391015831234
Binomial,beta-binomial,calibrated,50,1.5,1.2,Ref.p.val,1000,173,0.173,0.011961229033840962,0.1500463682386288,0.1978966080927047
Binomial,beta-binomial,calibrated,50,1.5,1.35,DHA.p.val,1000,345,0.345,0.015032464867745409,0.31552992327567253,0.3753860023048645
Binomial,beta-binomial,calibrated,50,1.5,1.35,Pear.p.val,1000,363,0.363,0.015206281596761254,0.3331368399380181,0.3936725204750732
Binomial,beta-binomial,calibrated,50,1.5,1.35,Ref.p.val,1000,355,0.355,0.015131919904625453,0.32530588889802853,0.385550823235706
Binomial,beta-binomial,calibrated,50,1.5,1.5,DHA.p.val,1000,588,0.588,0.01556457516284977,0.5567718885375105,0.6187084856913778
Binomial,beta-binomial,calibrated,50,1.5,1.5,Pear.p.val,1000,604,0.604,0.01546557467409472,0.572918155451127,0.6344676593562533
Binomial,beta-binomial,calibrated,50,1.5,1.5,Ref.p.val,1000,596,0.596,0.015517216245190372,0.5648408383487339,0.6265922610801002
Binomial,beta-binomial,calibrated,50,1.5,1.75,DHA.p.val,1000,798,0.798,0.01269629867323544,0.7717544218601166,0.8224776638277916
Binomial,beta-binomial,calibrated,50,1.5,1.75,Pear.p.val,1000,835,0.835,0.011737759581794136,0.810515791620291,0.8574926823944774
Binomial,beta-binomial,calibrated,50,1.5,1.75,Ref.p.val,1000,818,0.818,0.01220147532063234,0.7926611505098348,0.841450346688562
Binomial,beta-binomial,calibrated,50,1.5,2,DHA.p.val,1000,923,0.923,0.008430361795320529,0.9047006190217404,0.938757972216451
Binomial,beta-binomial,calibrated,50,1.5,2,Pear.p.val,1000,950,0.95,0.006892024376045114,0.9346095120845064,0.9626646023953382
Binomial,beta-binomial,calibrated,50,1.5,2,Ref.p.val,1000,950,0.95,0.006892024376045114,0.9346095120845064,0.9626646023953382
Binomial,beta-binomial,calibrated,50,1.5,2.5,DHA.p.val,1000,989,0.989,0.0032983329122452166,0.9804033717779835,0.9944964058076864
Binomial,beta-binomial,calibrated,50,1.5,2.5,Pear.p.val,1000,990,0.99,0.003146426544510456,0.9816867569448876,0.9951944893089507
Binomial,beta-binomial,calibrated,50,1.5,2.5,Ref.p.val,1000,989,0.989,0.0032983329122452166,0.9804033717779835,0.9944964058076864
Binomial,beta-binomial,calibrated,50,1.5,3,DHA.p.val,1000,1000,1,0,0.9963179161031344,1
Binomial,beta-binomial,calibrated,50,1.5,3,Pear.p.val,1000,1000,1,0,0.9963179161031344,1
Binomial,beta-binomial,calibrated,50,1.5,3,Ref.p.val,1000,1000,1,0,0.9963179161031344,1
Binomial,beta-binomial,calibrated,50,1.5,4,DHA.p.val,1000,1000,1,0,0.9963179161031344,1
Binomial,beta-binomial,calibrated,50,1.5,4,Pear.p.val,1000,1000,1,0,0.9963179161031344,1
Binomial,beta-binomial,calibrated,50,1.5,4,Ref.p.val,1000,1000,1,0,0.9963179161031344,1
Binomial,beta-binomial,calibrated,50,1.5,5,DHA.p.val,1000,1000,1,0,0.9963179161031344,1
Binomial,beta-binomial,calibrated,50,1.5,5,Pear.p.val,1000,1000,1,0,0.9963179161031344,1
Binomial,beta-binomial,calibrated,50,1.5,5,Ref.p.val,1000,1000,1,0,0.9963179161031344,1
Binomial,beta-binomial,calibrated,100,-1.5,1,DHA.p.val,1000,50,0.05,0.006892024376045111,0.03733539760466177,0.06539048791549362
Binomial,beta-binomial,calibrated,100,-1.5,1,Pear.p.val,1000,54,0.054,0.007147307185227175,0.04082335112563071,0.06987400557706736
Binomial,beta-binomial,calibrated,100,-1.5,1,Ref.p.val,1000,46,0.046,0.006624499981130651,0.033871498547677924,0.060883552713742684
Binomial,beta-binomial,calibrated,100,-1.5,1.1,DHA.p.val,1000,131,0.131,0.010669536072388528,0.11069846103121972,0.15350117040015687
Binomial,beta-binomial,calibrated,100,-1.5,1.1,Pear.p.val,1000,137,0.137,0.010873407929439602,0.11628168943368122,0.15988096510541738
Binomial,beta-binomial,calibrated,100,-1.5,1.1,Ref.p.val,1000,109,0.109,0.00985489725973843,0.09035814767691946,0.12997836534293516
Binomial,beta-binomial,calibrated,100,-1.5,1.2,DHA.p.val,1000,285,0.285,0.014274978108564651,0.25718869625611684,0.3140832343383536
Binomial,beta-binomial,calibrated,100,-1.5,1.2,Pear.p.val,1000,288,0.288,0.014319776534569246,0.2600922071007793,0.3171618867161927
Binomial,beta-binomial,calibrated,100,-1.5,1.2,Ref.p.val,1000,258,0.258,0.013836039895866157,0.2311270769749137,0.2863056131684608
Binomial,beta-binomial,calibrated,100,-1.5,1.35,DHA.p.val,1000,587,0.587,0.015570195888298902,0.5557638542852988,0.6177224286509531
Binomial,beta-binomial,calibrated,100,-1.5,1.35,Pear.p.val,1000,633,0.633,0.015241751867813621,0.6022699716904012,0.6629443378664157
Binomial,beta-binomial,calibrated,100,-1.5,1.35,Ref.p.val,1000,598,0.598,0.015504708962118573,0.5668593800648497,0.628561899167521
Binomial,beta-binomial,calibrated,100,-1.5,1.5,DHA.p.val,1000,816,0.816,0.012253326079069309,0.7905658665854713,0.839557716815212
Binomial,beta-binomial,calibrated,100,-1.5,1.5,Pear.p.val,1000,842,0.842,0.011534123287012326,0.8178923975121415,0.8640734838150352
Binomial,beta-binomial,calibrated,100,-1.5,1.5,Ref.p.val,1000,815,0.815,0.012279047194306243,0.7895186222266537,0.8386110018212143
Binomial,beta-binomial,calibrated,100,-1.5,1.75,DHA.p.val,1000,965,0.965,0.005811626278418119,0.9516576183857783,0.9755024721052413
Binomial,beta-binomial,calibrated,100,-1.5,1.75,Pear.p.val,1000,982,0.982,0.004204283529925166,0.9717009587509808,0.9892980520705853
Binomial,beta-binomial,calibrated,100,-1.5,1.75,Ref.p.val,1000,976,0.976,0.004839834707921338,0.9644993614686408,0.9845636167664915
Binomial,beta-binomial,calibrated,100,-1.5,2,DHA.p.val,1000,997,0.997,0.0017294507798720387,0.9912579767615217,0.9993809000683505
Binomial,beta-binomial,calibrated,100,-1.5,2,Pear.p.val,1000,999,0.999,9.994998749374613e-4,0.9944410757201734,0.9999746825125088
Binomial,beta-binomial,calibrated,100,-1.5,2,Ref.p.val,1000,998,0.998,0.0014127986409959495,0.9927941610885425,0.9997576988831227
Binomial,beta-binomial,calibrated,100,-1.5,2.5,DHA.p.val,1000,999,0.999,9.994998749374613e-4,0.9944410757201734,0.9999746825125088
Binomial,beta-binomial,calibrated,100,-1.5,2.5,Pear.p.val,1000,1000,1,0,0.9963179161031344,1
Binomial,beta-binomial,calibrated,100,-1.5,2.5,Ref.p.val,1000,1000,1,0,0.9963179161031344,1
Binomial,beta-binomial,calibrated,100,-1.5,3,DHA.p.val,1000,1000,1,0,0.9963179161031344,1
Binomial,beta-binomial,calibrated,100,-1.5,3,Pear.p.val,1000,1000,1,0,0.9963179161031344,1
Binomial,beta-binomial,calibrated,100,-1.5,3,Ref.p.val,1000,1000,1,0,0.9963179161031344,1
Binomial,beta-binomial,calibrated,100,-1.5,4,DHA.p.val,1000,1000,1,0,0.9963179161031344,1
Binomial,beta-binomial,calibrated,100,-1.5,4,Pear.p.val,1000,1000,1,0,0.9963179161031344,1
Binomial,beta-binomial,calibrated,100,-1.5,4,Ref.p.val,1000,1000,1,0,0.9963179161031344,1
Binomial,beta-binomial,calibrated,100,-1.5,5,DHA.p.val,1000,1000,1,0,0.9963179161031344,1
Binomial,beta-binomial,calibrated,100,-1.5,5,Pear.p.val,1000,1000,1,0,0.9963179161031344,1
Binomial,beta-binomial,calibrated,100,-1.5,5,Ref.p.val,1000,1000,1,0,0.9963179161031344,1
Binomial,beta-binomial,calibrated,100,0,1,DHA.p.val,1000,32,0.032,0.005565608681896348,0.02198884960564242,0.04487590283500931
Binomial,beta-binomial,calibrated,100,0,1,Pear.p.val,1000,39,0.039,0.006122009474020765,0.02787714879533642,0.052930935785445055
Binomial,beta-binomial,calibrated,100,0,1,Ref.p.val,1000,32,0.032,0.005565608681896348,0.02198884960564242,0.04487590283500931
Binomial,beta-binomial,calibrated,100,0,1.1,DHA.p.val,1000,110,0.11,0.009894442884771228,0.09127777445946614,0.13105246363748768
Binomial,beta-binomial,calibrated,100,0,1.1,Pear.p.val,1000,110,0.11,0.009894442884771228,0.09127777445946614,0.13105246363748768
Binomial,beta-binomial,calibrated,100,0,1.1,Ref.p.val,1000,100,0.1,0.009486832980505138,0.08210533435558,0.12028793651869263
Binomial,beta-binomial,calibrated,100,0,1.2,DHA.p.val,1000,271,0.271,0.014055568291606,0.24365923756561741,0.2996959955145062
Binomial,beta-binomial,calibrated,100,0,1.2,Pear.p.val,1000,280,0.28,0.014198591479439079,0.2523528830034036,0.30894878601906306
Binomial,beta-binomial,calibrated,100,0,1.2,Ref.p.val,1000,267,0.267,0.013989674763910703,0.2397999512068854,0.2955791034114016
Binomial,beta-binomial,calibrated,100,0,1.35,DHA.p.val,1000,613,0.613,0.015402305022301045,0.5820152430808955,0.6433173635457232
Binomial,beta-binomial,calibrated,100,0,1.35,Pear.p.val,1000,627,0.627,0.015292841462592882,0.5961878424018664,0.6570619651881671
Binomial,beta-binomial,calibrated,100,0,1.35,Ref.p.val,1000,608,0.608,0.015438134602341048,0.5769599775296484,0.6384021909745194
Binomial,beta-binomial,calibrated,100,0,1.5,DHA.p.val,1000,851,0.851,0.011260506205317771,0.8273995464191747,0.872511399551687
Binomial,beta-binomial,calibrated,100,0,1.5,Pear.p.val,1000,878,0.878,0.010349685985574635,0.8560957805725833,0.8976488625599233
Binomial,beta-binomial,calibrated,100,0,1.5,Ref.p.val,1000,857,0.857,0.011070275515993268,0.8337528434032783,0.8781213571241084
Binomial,beta-binomial,calibrated,100,0,1.75,DHA.p.val,1000,986,0.986,0.0037153734670958734,0.9766218439896855,0.9923254984349792
Binomial,beta-binomial,calibrated,100,0,1.75,Pear.p.val,1000,992,0.992,0.0028170906978654425,0.9842979508239253,0.9965400238346707
Binomial,beta-binomial,calibrated,100,0,1.75,Ref.p.val,1000,986,0.986,0.0037153734670958734,0.9766218439896855,0.9923254984349792
Binomial,beta-binomial,calibrated,100,0,2,DHA.p.val,1000,1000,1,0,0.9963179161031344,1
Binomial,beta-binomial,calibrated,100,0,2,Pear.p.val,1000,1000,1,0,0.9963179161031344,1
Binomial,beta-binomial,calibrated,100,0,2,Ref.p.val,1000,1000,1,0,0.9963179161031344,1
Binomial,beta-binomial,calibrated,100,0,2.5,DHA.p.val,1000,1000,1,0,0.9963179161031344,1
Binomial,beta-binomial,calibrated,100,0,2.5,Pear.p.val,1000,1000,1,0,0.9963179161031344,1
Binomial,beta-binomial,calibrated,100,0,2.5,Ref.p.val,1000,1000,1,0,0.9963179161031344,1
Binomial,beta-binomial,calibrated,100,0,3,DHA.p.val,1000,1000,1,0,0.9963179161031344,1
Binomial,beta-binomial,calibrated,100,0,3,Pear.p.val,1000,1000,1,0,0.9963179161031344,1
Binomial,beta-binomial,calibrated,100,0,3,Ref.p.val,1000,1000,1,0,0.9963179161031344,1
Binomial,beta-binomial,calibrated,100,0,4,DHA.p.val,1000,1000,1,0,0.9963179161031344,1
Binomial,beta-binomial,calibrated,100,0,4,Pear.p.val,1000,1000,1,0,0.9963179161031344,1
Binomial,beta-binomial,calibrated,100,0,4,Ref.p.val,1000,1000,1,0,0.9963179161031344,1
Binomial,beta-binomial,calibrated,100,0,5,DHA.p.val,1000,1000,1,0,0.9963179161031344,1
Binomial,beta-binomial,calibrated,100,0,5,Pear.p.val,1000,1000,1,0,0.9963179161031344,1
Binomial,beta-binomial,calibrated,100,0,5,Ref.p.val,1000,1000,1,0,0.9963179161031344,1
Binomial,beta-binomial,calibrated,100,1.5,1,DHA.p.val,1000,48,0.048,0.006759881655768835,0.035600265342883276,0.06314011540150921
Binomial,beta-binomial,calibrated,100,1.5,1,Pear.p.val,1000,45,0.045,0.0065555320150236475,0.03300962543114875,0.05975283269340781
Binomial,beta-binomial,calibrated,100,1.5,1,Ref.p.val,1000,47,0.047,0.006692607862410586,0.03473506226679596,0.062012630693305204
Binomial,beta-binomial,calibrated,100,1.5,1.1,DHA.p.val,1000,113,0.113,0.01001154333756789,0.09403966675438757,0.1342717808035384
Binomial,beta-binomial,calibrated,100,1.5,1.1,Pear.p.val,1000,118,0.118,0.01020176455325254,0.09865251639489678,0.13962772053444028
Binomial,beta-binomial,calibrated,100,1.5,1.1,Ref.p.val,1000,101,0.101,0.009528850927577786,0.08302011391180232,0.12136682351196837
Binomial,beta-binomial,calibrated,100,1.5,1.2,DHA.p.val,1000,272,0.272,0.014071815803228808,0.244624501269039,0.30072477793637953
Binomial,beta-binomial,calibrated,100,1.5,1.2,Pear.p.val,1000,297,0.297,0.014449602070645405,0.26881168337948175,0.32638892683218723
Binomial,beta-binomial,calibrated,100,1.5,1.2,Ref.p.val,1000,279,0.279,0.014183053267896867,0.2513862309732198,0.3079213873519786
Binomial,beta-binomial,calibrated,100,1.5,1.35,DHA.p.val,1000,557,0.557,0.015708309902723462,0.5255824403525774,0.5880810481233184
Binomial,beta-binomial,calibrated,100,1.5,1.35,Pear.p.val,1000,590,0.59,0.01555313473226539,0.5587883458252498,0.6206802105715514
Binomial,beta-binomial,calibrated,100,1.5,1.35,Ref.p.val,1000,573,0.573,0.015641962792437528,0.5416649025861003,0.6039040887125664
Binomial,beta-binomial,calibrated,100,1.5,1.5,DHA.p.val,1000,828,0.828,0.011933817494833748,0.8031539260552609,0.8508970358520214
Binomial,beta-binomial,calibrated,100,1.5,1.5,Pear.p.val,1000,868,0.868,0.010704017937204702,0.8454345533915462,0.8883719870272047
Binomial,beta-binomial,calibrated,100,1.5,1.5,Ref.p.val,1000,857,0.857,0.011070275515993268,0.8337528434032783,0.8781213571241084
Binomial,beta-binomial,calibrated,100,1.5,1.75,DHA.p.val,1000,967,0.967,0.005648982209212561,0.9539660181829769,0.9771776166505404
Binomial,beta-binomial,calibrated,100,1.5,1.75,Pear.p.val,1000,986,0.986,0.0037153734670958734,0.9766218439896855,0.9923254984349792
Binomial,beta-binomial,calibrated,100,1.5,1.75,Ref.p.val,1000,981,0.981,0.004317290817167639,0.9704875983749022,0.988522963006899
Binomial,beta-binomial,calibrated,100,1.5,2,DHA.p.val,1000,994,0.994,0.002442130217658347,0.9869865767290255,0.9977950175148487
Binomial,beta-binomial,calibrated,100,1.5,2,Pear.p.val,1000,998,0.998,0.0014127986409959495,0.9927941610885425,0.9997576988831227
Binomial,beta-binomial,calibrated,100,1.5,2,Ref.p.val,1000,998,0.998,0.0014127986409959495,0.9927941610885425,0.9997576988831227
Binomial,beta-binomial,calibrated,100,1.5,2.5,DHA.p.val,1000,1000,1,0,0.9963179161031344,1
Binomial,beta-binomial,calibrated,100,1.5,2.5,Pear.p.val,1000,1000,1,0,0.9963179161031344,1
Binomial,beta-binomial,calibrated,100,1.5,2.5,Ref.p.val,1000,1000,1,0,0.9963179161031344,1
Binomial,beta-binomial,calibrated,100,1.5,3,DHA.p.val,1000,1000,1,0,0.9963179161031344,1
Binomial,beta-binomial,calibrated,100,1.5,3,Pear.p.val,1000,1000,1,0,0.9963179161031344,1
Binomial,beta-binomial,calibrated,100,1.5,3,Ref.p.val,1000,1000,1,0,0.9963179161031344,1
Binomial,beta-binomial,calibrated,100,1.5,4,DHA.p.val,1000,1000,1,0,0.9963179161031344,1
Binomial,beta-binomial,calibrated,100,1.5,4,Pear.p.val,1000,1000,1,0,0.9963179161031344,1
Binomial,beta-binomial,calibrated,100,1.5,4,Ref.p.val,1000,1000,1,0,0.9963179161031344,1
Binomial,beta-binomial,calibrated,100,1.5,5,DHA.p.val,1000,1000,1,0,0.9963179161031344,1
Binomial,beta-binomial,calibrated,100,1.5,5,Pear.p.val,1000,1000,1,0,0.9963179161031344,1
Binomial,beta-binomial,calibrated,100,1.5,5,Ref.p.val,1000,1000,1,0,0.9963179161031344,1
Binomial,beta-binomial,calibrated,200,-1.5,1,DHA.p.val,1000,58,0.058,0.007391616873188166,0.044332860252820704,0.07433649538235165
Binomial,beta-binomial,calibrated,200,-1.5,1,Pear.p.val,1000,56,0.056,0.007270763371201128,0.04257554968661718,0.07210774628325278
Binomial,beta-binomial,calibrated,200,-1.5,1,Ref.p.val,1000,51,0.051,0.00695693898205238,0.038205236774686166,0.06651346159493476
Binomial,beta-binomial,calibrated,200,-1.5,1.1,DHA.p.val,1000,189,0.189,0.012380589646701001,0.16517848646712344,0.2146677427489162
Binomial,beta-binomial,calibrated,200,-1.5,1.1,Pear.p.val,1000,198,0.198,0.012601428490452978,0.17371978110414948,0.2240722051716183
Binomial,beta-binomial,calibrated,200,-1.5,1.1,Ref.p.val,1000,178,0.178,0.012096115078817662,0.15476764229594311,0.20314505318223774
Binomial,beta-binomial,calibrated,200,-1.5,1.2,DHA.p.val,1000,497,0.497,0.01581110369329099,0.465558583771077,0.5284591249803341
Binomial,beta-binomial,calibrated,200,-1.5,1.2,Pear.p.val,1000,510,0.51,0.0158082257068907,0.47852584132188763,0.5414151292858822
Binomial,beta-binomial,calibrated,200,-1.5,1.2,Ref.p.val,1000,481,0.481,0.01579996835439869,0.4496275781166067,0.5124845789334569
Binomial,beta-binomial,calibrated,200,-1.5,1.35,DHA.p.val,1000,862,0.862,0.01090669519148674,0.8390570783886684,0.8827864176914192
Binomial,beta-binomial,calibrated,200,-1.5,1.35,Pear.p.val,1000,890,0.89,0.009894442884771228,0.8689475363625123,0.9087222255405338
Binomial,beta-binomial,calibrated,200,-1.5,1.35,Ref.p.val,1000,869,0.869,0.010669536072388528,0.8464988295998431,0.8893015389687803
Binomial,beta-binomial,calibrated,200,-1.5,1.5,DHA.p.val,1000,979,0.979,0.00453420334788814,0.9680776648195845,0.9869548077096123
Binomial,beta-binomial,calibrated,200,-1.5,1.5,Pear.p.val,1000,988,0.988,0.003443254274665176,0.9791323204089636,0.9937844744404047
Binomial,beta-binomial,calibrated,200,-1.5,1.5,Ref.p.val,1000,985,0.985,0.0038438262187565153,0.9753802999029588,0.9915809502499656
Binomial,beta-binomial,calibrated,200,-1.5,1.75,DHA.p.val,1000,1000,1,0,0.9963179161031344,1
Binomial,beta-binomial,calibrated,200,-1.5,1.75,Pear.p.val,1000,1000,1,0,0.9963179161031344,1
Binomial,beta-binomial,calibrated,200,-1.5,1.75,Ref.p.val,1000,1000,1,0,0.9963179161031344,1
Binomial,beta-binomial,calibrated,200,-1.5,2,DHA.p.val,1000,1000,1,0,0.9963179161031344,1
Binomial,beta-binomial,calibrated,200,-1.5,2,Pear.p.val,1000,1000,1,0,0.9963179161031344,1
Binomial,beta-binomial,calibrated,200,-1.5,2,Ref.p.val,1000,1000,1,0,0.9963179161031344,1
Binomial,beta-binomial,calibrated,200,-1.5,2.5,DHA.p.val,1000,1000,1,0,0.9963179161031344,1
Binomial,beta-binomial,calibrated,200,-1.5,2.5,Pear.p.val,1000,1000,1,0,0.9963179161031344,1
Binomial,beta-binomial,calibrated,200,-1.5,2.5,Ref.p.val,1000,1000,1,0,0.9963179161031344,1
Binomial,beta-binomial,calibrated,200,-1.5,3,DHA.p.val,1000,1000,1,0,0.9963179161031344,1
Binomial,beta-binomial,calibrated,200,-1.5,3,Pear.p.val,1000,1000,1,0,0.9963179161031344,1
Binomial,beta-binomial,calibrated,200,-1.5,3,Ref.p.val,1000,1000,1,0,0.9963179161031344,1
Binomial,beta-binomial,calibrated,200,-1.5,4,DHA.p.val,1000,1000,1,0,0.9963179161031344,1
Binomial,beta-binomial,calibrated,200,-1.5,4,Pear.p.val,1000,1000,1,0,0.9963179161031344,1
Binomial,beta-binomial,calibrated,200,-1.5,4,Ref.p.val,1000,1000,1,0,0.9963179161031344,1
Binomial,beta-binomial,calibrated,200,-1.5,5,DHA.p.val,1000,1000,1,0,0.9963179161031344,1
Binomial,beta-binomial,calibrated,200,-1.5,5,Pear.p.val,1000,1000,1,0,0.9963179161031344,1
Binomial,beta-binomial,calibrated,200,-1.5,5,Ref.p.val,1000,1000,1,0,0.9963179161031344,1
Binomial,beta-binomial,calibrated,200,0,1,DHA.p.val,1000,46,0.046,0.006624499981130651,0.033871498547677924,0.060883552713742684
Binomial,beta-binomial,calibrated,200,0,1,Pear.p.val,1000,45,0.045,0.0065555320150236475,0.03300962543114875,0.05975283269340781
Binomial,beta-binomial,calibrated,200,0,1,Ref.p.val,1000,46,0.046,0.006624499981130651,0.033871498547677924,0.060883552713742684
Binomial,beta-binomial,calibrated,200,0,1.1,DHA.p.val,1000,139,0.139,0.010939789760319894,0.11814585276496606,0.16200450385549015
Binomial,beta-binomial,calibrated,200,0,1.1,Pear.p.val,1000,149,0.149,0.01126050620531777,0.12748860044831303,0.17260045358082532
Binomial,beta-binomial,calibrated,200,0,1.1,Ref.p.val,1000,159,0.159,0.011563693181678594,0.13686569233853219,0.18316233481747668
Binomial,beta-binomial,calibrated,200,0,1.2,DHA.p.val,1000,460,0.46,0.015760710643876435,0.4287663165026693,0.491469815697787
Binomial,beta-binomial,calibrated,200,0,1.2,Pear.p.val,1000,495,0.495,0.01581059771166163,0.46356547592009395,0.5264640386850032
Binomial,beta-binomial,calibrated,200,0,1.2,Ref.p.val,1000,520,0.52,0.0157987341265052,0.4885148824521587,0.5513670573054663
Binomial,beta-binomial,calibrated,200,0,1.35,DHA.p.val,1000,887,0.887,0.010011543337567888,0.8657282191964616,0.9059603332456124
Binomial,beta-binomial,calibrated,200,0,1.35,Pear.p.val,1000,906,0.906,0.009228434320078352,0.8861975612810254,0.9233710070726222
Binomial,beta-binomial,calibrated,200,0,1.35,Ref.p.val,1000,909,0.909,0.009094998625618366,0.8894485058981307,0.9261008700575203
Binomial,beta-binomial,calibrated,200,0,1.5,DHA.p.val,1000,980,0.98,0.0044271887242357325,0.9692799673173909,0.9877417320275936
Binomial,beta-binomial,calibrated,200,0,1.5,Pear.p.val,1000,987,0.987,0.0035820385257559714,0.9778721963632215,0.9930603824971486
Binomial,beta-binomial,calibrated,200,0,1.5,Ref.p.val,1000,987,0.987,0.0035820385257559714,0.9778721963632215,0.9930603824971486
Binomial,beta-binomial,calibrated,200,0,1.75,DHA.p.val,1000,999,0.999,9.994998749374613e-4,0.9944410757201734,0.9999746825125088
Binomial,beta-binomial,calibrated,200,0,1.75,Pear.p.val,1000,1000,1,0,0.9963179161031344,1
Binomial,beta-binomial,calibrated,200,0,1.75,Ref.p.val,1000,999,0.999,9.994998749374613e-4,0.9944410757201734,0.9999746825125088
Binomial,beta-binomial,calibrated,200,0,2,DHA.p.val,1000,1000,1,0,0.9963179161031344,1
Binomial,beta-binomial,calibrated,200,0,2,Pear.p.val,1000,1000,1,0,0.9963179161031344,1
Binomial,beta-binomial,calibrated,200,0,2,Ref.p.val,1000,1000,1,0,0.9963179161031344,1
Binomial,beta-binomial,calibrated,200,0,2.5,DHA.p.val,1000,1000,1,0,0.9963179161031344,1
Binomial,beta-binomial,calibrated,200,0,2.5,Pear.p.val,1000,1000,1,0,0.9963179161031344,1
Binomial,beta-binomial,calibrated,200,0,2.5,Ref.p.val,1000,1000,1,0,0.9963179161031344,1
Binomial,beta-binomial,calibrated,200,0,3,DHA.p.val,1000,1000,1,0,0.9963179161031344,1
Binomial,beta-binomial,calibrated,200,0,3,Pear.p.val,1000,1000,1,0,0.9963179161031344,1
Binomial,beta-binomial,calibrated,200,0,3,Ref.p.val,1000,1000,1,0,0.9963179161031344,1
Binomial,beta-binomial,calibrated,200,0,4,DHA.p.val,1000,1000,1,0,0.9963179161031344,1
Binomial,beta-binomial,calibrated,200,0,4,Pear.p.val,1000,1000,1,0,0.9963179161031344,1
Binomial,beta-binomial,calibrated,200,0,4,Ref.p.val,1000,1000,1,0,0.9963179161031344,1
Binomial,beta-binomial,calibrated,200,0,5,DHA.p.val,1000,1000,1,0,0.9963179161031344,1
Binomial,beta-binomial,calibrated,200,0,5,Pear.p.val,1000,1000,1,0,0.9963179161031344,1
Binomial,beta-binomial,calibrated,200,0,5,Ref.p.val,1000,1000,1,0,0.9963179161031344,1
Binomial,beta-binomial,calibrated,200,1.5,1,DHA.p.val,1000,50,0.05,0.006892024376045111,0.03733539760466177,0.06539048791549362
Binomial,beta-binomial,calibrated,200,1.5,1,Pear.p.val,1000,58,0.058,0.007391616873188166,0.044332860252820704,0.07433649538235165
Binomial,beta-binomial,calibrated,200,1.5,1,Ref.p.val,1000,57,0.057,0.007331507348424334,0.0434535819369586,0.07322272946066222
Binomial,beta-binomial,calibrated,200,1.5,1.1,DHA.p.val,1000,203,0.203,0.012719709116170857,0.17847357632401603,0.22928832325814108
Binomial,beta-binomial,calibrated,200,1.5,1.1,Pear.p.val,1000,210,0.21,0.01288021738946979,0.18513884636850597,0.2365809848578132
Binomial,beta-binomial,calibrated,200,1.5,1.1,Ref.p.val,1000,196,0.196,0.012553246592017541,0.17181996603357735,0.22198406428487183
Binomial,beta-binomial,calibrated,200,1.5,1.2,DHA.p.val,1000,501,0.501,0.015811356678033673,0.4695462833385422,0.5324478137462618
Binomial,beta-binomial,calibrated,200,1.5,1.2,Pear.p.val,1000,535,0.535,0.015772602828956293,0.5035216943730003,0.5662716931630222
Binomial,beta-binomial,calibrated,200,1.5,1.2,Ref.p.val,1000,522,0.522,0.015796075461962062,0.4905141770463021,0.5533559562375333
Binomial,beta-binomial,calibrated,200,1.5,1.35,DHA.p.val,1000,863,0.863,0.010873407929439602,0.8401190348945826,0.8837183105663188
Binomial,beta-binomial,calibrated,200,1.5,1.35,Pear.p.val,1000,888,0.888,0.00997276290703835,0.8668008344307598,0.9068814600783898
Binomial,beta-binomial,calibrated,200,1.5,1.35,Ref.p.val,1000,875,0.875,0.010458250331675944,0.8528930172212289,0.8948702384454075
Binomial,beta-binomial,calibrated,200,1.5,1.5,DHA.p.val,1000,980,0.98,0.0044271887242357325,0.9692799673173909,0.9877417320275936
Binomial,beta-binomial,calibrated,200,1.5,1.5,Pear.p.val,1000,990,0.99,0.003146426544510456,0.9816867569448876,0.9951944893089507
Binomial,beta-binomial,calibrated,200,1.5,1.5,Ref.p.val,1000,988,0.988,0.003443254274665176,0.9791323204089636,0.9937844744404047
Binomial,beta-binomial,calibrated,200,1.5,1.75,DHA.p.val,1000,999,0.999,9.994998749374613e-4,0.9944410757201734,0.9999746825125088
Binomial,beta-binomial,calibrated,200,1.5,1.75,Pear.p.val,1000,999,0.999,9.994998749374613e-4,0.9944410757201734,0.9999746825125088
Binomial,beta-binomial,calibrated,200,1.5,1.75,Ref.p.val,1000,999,0.999,9.994998749374613e-4,0.9944410757201734,0.9999746825125088
Binomial,beta-binomial,calibrated,200,1.5,2,DHA.p.val,1000,1000,1,0,0.9963179161031344,1
Binomial,beta-binomial,calibrated,200,1.5,2,Pear.p.val,1000,1000,1,0,0.9963179161031344,1
Binomial,beta-binomial,calibrated,200,1.5,2,Ref.p.val,1000,1000,1,0,0.9963179161031344,1
Binomial,beta-binomial,calibrated,200,1.5,2.5,DHA.p.val,1000,1000,1,0,0.9963179161031344,1
Binomial,beta-binomial,calibrated,200,1.5,2.5,Pear.p.val,1000,1000,1,0,0.9963179161031344,1
Binomial,beta-binomial,calibrated,200,1.5,2.5,Ref.p.val,1000,1000,1,0,0.9963179161031344,1
Binomial,beta-binomial,calibrated,200,1.5,3,DHA.p.val,1000,1000,1,0,0.9963179161031344,1
Binomial,beta-binomial,calibrated,200,1.5,3,Pear.p.val,1000,1000,1,0,0.9963179161031344,1
Binomial,beta-binomial,calibrated,200,1.5,3,Ref.p.val,1000,1000,1,0,0.9963179161031344,1
Binomial,beta-binomial,calibrated,200,1.5,4,DHA.p.val,1000,1000,1,0,0.9963179161031344,1
Binomial,beta-binomial,calibrated,200,1.5,4,Pear.p.val,1000,1000,1,0,0.9963179161031344,1
Binomial,beta-binomial,calibrated,200,1.5,4,Ref.p.val,1000,1000,1,0,0.9963179161031344,1
Binomial,beta-binomial,calibrated,200,1.5,5,DHA.p.val,1000,1000,1,0,0.9963179161031344,1
Binomial,beta-binomial,calibrated,200,1.5,5,Pear.p.val,1000,1000,1,0,0.9963179161031344,1
Binomial,beta-binomial,calibrated,200,1.5,5,Ref.p.val,1000,1000,1,0,0.9963179161031344,1
Binomial,beta-binomial,calibrated,500,-1.5,1,DHA.p.val,1000,49,0.049,0.006826346021115542,0.03646705917204781,0.06426605314016964
Binomial,beta-binomial,calibrated,500,-1.5,1,Pear.p.val,1000,57,0.057,0.007331507348424334,0.0434535819369586,0.07322272946066222
Binomial,beta-binomial,calibrated,500,-1.5,1,Ref.p.val,1000,58,0.058,0.007391616873188166,0.044332860252820704,0.07433649538235165
Binomial,beta-binomial,calibrated,500,-1.5,1.1,DHA.p.val,1000,318,0.318,0.014726710426975875,0.2892076550639287,0.3478683003282046
Binomial,beta-binomial,calibrated,500,-1.5,1.1,Pear.p.val,1000,361,0.361,0.01518812035770062,0.33117826248758137,0.39164293435298314
Binomial,beta-binomial,calibrated,500,-1.5,1.1,Ref.p.val,1000,308,0.308,0.014599178059055242,0.2794866299005828,0.3376486619974949
Binomial,beta-binomial,calibrated,500,-1.5,1.2,DHA.p.val,1000,802,0.802,0.012601428490452976,0.7759277948283817,0.8262802188958505
Binomial,beta-binomial,calibrated,500,-1.5,1.2,Pear.p.val,1000,866,0.866,0.010772372069326236,0.8433071845327004,0.8865116885457407
Binomial,beta-binomial,calibrated,500,-1.5,1.2,Ref.p.val,1000,831,0.831,0.011850696182081458,0.8063072536435564,0.8537255113063816
Binomial,beta-binomial,calibrated,500,-1.5,1.35,DHA.p.val,1000,995,0.995,0.002230470802319547,0.9883705294401879,0.9983745804824372
Binomial,beta-binomial,calibrated,500,-1.5,1.35,Pear.p.val,1000,998,0.998,0.0014127986409959495,0.9927941610885425,0.9997576988831227
Binomial,beta-binomial,calibrated,500,-1.5,1.35,Ref.p.val,1000,997,0.997,0.0017294507798720387,0.9912579767615217,0.9993809000683505
Binomial,beta-binomial,calibrated,500,-1.5,1.5,DHA.p.val,1000,1000,1,0,0.9963179161031344,1
Binomial,beta-binomial,calibrated,500,-1.5,1.5,Pear.p.val,1000,1000,1,0,0.9963179161031344,1
Binomial,beta-binomial,calibrated,500,-1.5,1.5,Ref.p.val,1000,1000,1,0,0.9963179161031344,1
Binomial,beta-binomial,calibrated,500,-1.5,1.75,DHA.p.val,1000,1000,1,0,0.9963179161031344,1
Binomial,beta-binomial,calibrated,500,-1.5,1.75,Pear.p.val,1000,1000,1,0,0.9963179161031344,1
Binomial,beta-binomial,calibrated,500,-1.5,1.75,Ref.p.val,1000,1000,1,0,0.9963179161031344,1
Binomial,beta-binomial,calibrated,500,-1.5,2,DHA.p.val,1000,1000,1,0,0.9963179161031344,1
Binomial,beta-binomial,calibrated,500,-1.5,2,Pear.p.val,1000,1000,1,0,0.9963179161031344,1
Binomial,beta-binomial,calibrated,500,-1.5,2,Ref.p.val,1000,1000,1,0,0.9963179161031344,1
Binomial,beta-binomial,calibrated,500,-1.5,2.5,DHA.p.val,1000,1000,1,0,0.9963179161031344,1
Binomial,beta-binomial,calibrated,500,-1.5,2.5,Pear.p.val,1000,1000,1,0,0.9963179161031344,1
Binomial,beta-binomial,calibrated,500,-1.5,2.5,Ref.p.val,1000,1000,1,0,0.9963179161031344,1
Binomial,beta-binomial,calibrated,500,-1.5,3,DHA.p.val,1000,1000,1,0,0.9963179161031344,1
Binomial,beta-binomial,calibrated,500,-1.5,3,Pear.p.val,1000,1000,1,0,0.9963179161031344,1
Binomial,beta-binomial,calibrated,500,-1.5,3,Ref.p.val,1000,1000,1,0,0.9963179161031344,1
Binomial,beta-binomial,calibrated,500,-1.5,4,DHA.p.val,1000,1000,1,0,0.9963179161031344,1
Binomial,beta-binomial,calibrated,500,-1.5,4,Pear.p.val,1000,1000,1,0,0.9963179161031344,1
Binomial,beta-binomial,calibrated,500,-1.5,4,Ref.p.val,1000,1000,1,0,0.9963179161031344,1
Binomial,beta-binomial,calibrated,500,-1.5,5,DHA.p.val,1000,1000,1,0,0.9963179161031344,1
Binomial,beta-binomial,calibrated,500,-1.5,5,Pear.p.val,1000,1000,1,0,0.9963179161031344,1
Binomial,beta-binomial,calibrated,500,-1.5,5,Ref.p.val,1000,1000,1,0,0.9963179161031344,1
Binomial,beta-binomial,calibrated,500,0,1,DHA.p.val,1000,46,0.046,0.006624499981130651,0.033871498547677924,0.060883552713742684
Binomial,beta-binomial,calibrated,500,0,1,Pear.p.val,1000,52,0.052,0.007021111023192838,0.0390765349439805,0.06763501405050731
Binomial,beta-binomial,calibrated,500,0,1,Ref.p.val,1000,45,0.045,0.0065555320150236475,0.03300962543114875,0.05975283269340781
Binomial,beta-binomial,calibrated,500,0,1.1,DHA.p.val,1000,387,0.387,0.015402305022301045,0.3566826364542767,0.4179847569191045
Binomial,beta-binomial,calibrated,500,0,1.1,Pear.p.val,1000,385,0.385,0.015387494922826133,0.35471750301773197,0.4159617164035918
Binomial,beta-binomial,calibrated,500,0,1.1,Ref.p.val,1000,346,0.346,0.015042739112276061,0.316506876628,0.3764031263493396
Binomial,beta-binomial,calibrated,500,0,1.2,DHA.p.val,1000,871,0.871,0.010599952830083727,0.8486285846850438,0.8911594287937652
Binomial,beta-binomial,calibrated,500,0,1.2,Pear.p.val,1000,871,0.871,0.010599952830083727,0.8486285846850438,0.8911594287937652
Binomial,beta-binomial,calibrated,500,0,1.2,Ref.p.val,1000,837,0.837,0.011680368144883107,0.812621856215511,0.8593744596403597
Binomial,beta-binomial,calibrated,500,0,1.35,DHA.p.val,1000,1000,1,0,0.9963179161031344,1
Binomial,beta-binomial,calibrated,500,0,1.35,Pear.p.val,1000,1000,1,0,0.9963179161031344,1
Binomial,beta-binomial,calibrated,500,0,1.35,Ref.p.val,1000,1000,1,0,0.9963179161031344,1
Binomial,beta-binomial,calibrated,500,0,1.5,DHA.p.val,1000,1000,1,0,0.9963179161031344,1
Binomial,beta-binomial,calibrated,500,0,1.5,Pear.p.val,1000,1000,1,0,0.9963179161031344,1
Binomial,beta-binomial,calibrated,500,0,1.5,Ref.p.val,1000,1000,1,0,0.9963179161031344,1
Binomial,beta-binomial,calibrated,500,0,1.75,DHA.p.val,1000,1000,1,0,0.9963179161031344,1
Binomial,beta-binomial,calibrated,500,0,1.75,Pear.p.val,1000,1000,1,0,0.9963179161031344,1
Binomial,beta-binomial,calibrated,500,0,1.75,Ref.p.val,1000,1000,1,0,0.9963179161031344,1
Binomial,beta-binomial,calibrated,500,0,2,DHA.p.val,1000,1000,1,0,0.9963179161031344,1
Binomial,beta-binomial,calibrated,500,0,2,Pear.p.val,1000,1000,1,0,0.9963179161031344,1
Binomial,beta-binomial,calibrated,500,0,2,Ref.p.val,1000,1000,1,0,0.9963179161031344,1
Binomial,beta-binomial,calibrated,500,0,2.5,DHA.p.val,1000,1000,1,0,0.9963179161031344,1
Binomial,beta-binomial,calibrated,500,0,2.5,Pear.p.val,1000,1000,1,0,0.9963179161031344,1
Binomial,beta-binomial,calibrated,500,0,2.5,Ref.p.val,1000,1000,1,0,0.9963179161031344,1
Binomial,beta-binomial,calibrated,500,0,3,DHA.p.val,1000,1000,1,0,0.9963179161031344,1
Binomial,beta-binomial,calibrated,500,0,3,Pear.p.val,1000,1000,1,0,0.9963179161031344,1
Binomial,beta-binomial,calibrated,500,0,3,Ref.p.val,1000,1000,1,0,0.9963179161031344,1
Binomial,beta-binomial,calibrated,500,0,4,DHA.p.val,1000,1000,1,0,0.9963179161031344,1
Binomial,beta-binomial,calibrated,500,0,4,Pear.p.val,1000,1000,1,0,0.9963179161031344,1
Binomial,beta-binomial,calibrated,500,0,4,Ref.p.val,1000,1000,1,0,0.9963179161031344,1
Binomial,beta-binomial,calibrated,500,0,5,DHA.p.val,1000,1000,1,0,0.9963179161031344,1
Binomial,beta-binomial,calibrated,500,0,5,Pear.p.val,1000,1000,1,0,0.9963179161031344,1
Binomial,beta-binomial,calibrated,500,0,5,Ref.p.val,1000,1000,1,0,0.9963179161031344,1
Binomial,beta-binomial,calibrated,500,1.5,1,DHA.p.val,1000,42,0.042,0.0063431853196954605,0.030434706263140012,0.05635029157574478
Binomial,beta-binomial,calibrated,500,1.5,1,Pear.p.val,1000,49,0.049,0.006826346021115542,0.03646705917204781,0.06426605314016964
Binomial,beta-binomial,calibrated,500,1.5,1,Ref.p.val,1000,47,0.047,0.006692607862410586,0.03473506226679596,0.062012630693305204
Binomial,beta-binomial,calibrated,500,1.5,1.1,DHA.p.val,1000,335,0.335,0.014925649064613574,0.30576835989020595,0.3652068081502916
Binomial,beta-binomial,calibrated,500,1.5,1.1,Pear.p.val,1000,393,0.393,0.015445096309184997,0.362581243010654,0.42405067664891793
Binomial,beta-binomial,calibrated,500,1.5,1.1,Ref.p.val,1000,331,0.331,0.014880826589944525,0.3018678360768295,0.36113103773118427
Binomial,beta-binomial,calibrated,500,1.5,1.2,DHA.p.val,1000,816,0.816,0.012253326079069309,0.7905658665854713,0.839557716815212
Binomial,beta-binomial,calibrated,500,1.5,1.2,Pear.p.val,1000,860,0.86,0.010972693379476163,0.8369342847990453,0.8809215026186442
Binomial,beta-binomial,calibrated,500,1.5,1.2,Ref.p.val,1000,833,0.833,0.01179453263168999,0.8084109298236908,0.8556096938052533
Binomial,beta-binomial,calibrated,500,1.5,1.35,DHA.p.val,1000,995,0.995,0.002230470802319547,0.9883705294401879,0.9983745804824372
Binomial,beta-binomial,calibrated,500,1.5,1.35,Pear.p.val,1000,998,0.998,0.0014127986409959495,0.9927941610885425,0.9997576988831227
Binomial,beta-binomial,calibrated,500,1.5,1.35,Ref.p.val,1000,995,0.995,0.002230470802319547,0.9883705294401879,0.9983745804824372
Binomial,beta-binomial,calibrated,500,1.5,1.5,DHA.p.val,1000,1000,1,0,0.9963179161031344,1
Binomial,beta-binomial,calibrated,500,1.5,1.5,Pear.p.val,1000,1000,1,0,0.9963179161031344,1
Binomial,beta-binomial,calibrated,500,1.5,1.5,Ref.p.val,1000,1000,1,0,0.9963179161031344,1
Binomial,beta-binomial,calibrated,500,1.5,1.75,DHA.p.val,1000,1000,1,0,0.9963179161031344,1
Binomial,beta-binomial,calibrated,500,1.5,1.75,Pear.p.val,1000,1000,1,0,0.9963179161031344,1
Binomial,beta-binomial,calibrated,500,1.5,1.75,Ref.p.val,1000,1000,1,0,0.9963179161031344,1
Binomial,beta-binomial,calibrated,500,1.5,2,DHA.p.val,1000,1000,1,0,0.9963179161031344,1
Binomial,beta-binomial,calibrated,500,1.5,2,Pear.p.val,1000,1000,1,0,0.9963179161031344,1
Binomial,beta-binomial,calibrated,500,1.5,2,Ref.p.val,1000,1000,1,0,0.9963179161031344,1
Binomial,beta-binomial,calibrated,500,1.5,2.5,DHA.p.val,1000,1000,1,0,0.9963179161031344,1
Binomial,beta-binomial,calibrated,500,1.5,2.5,Pear.p.val,1000,1000,1,0,0.9963179161031344,1
Binomial,beta-binomial,calibrated,500,1.5,2.5,Ref.p.val,1000,1000,1,0,0.9963179161031344,1
Binomial,beta-binomial,calibrated,500,1.5,3,DHA.p.val,1000,1000,1,0,0.9963179161031344,1
Binomial,beta-binomial,calibrated,500,1.5,3,Pear.p.val,1000,1000,1,0,0.9963179161031344,1
Binomial,beta-binomial,calibrated,500,1.5,3,Ref.p.val,1000,1000,1,0,0.9963179161031344,1
Binomial,beta-binomial,calibrated,500,1.5,4,DHA.p.val,1000,1000,1,0,0.9963179161031344,1
Binomial,beta-binomial,calibrated,500,1.5,4,Pear.p.val,1000,1000,1,0,0.9963179161031344,1
Binomial,beta-binomial,calibrated,500,1.5,4,Ref.p.val,1000,1000,1,0,0.9963179161031344,1
Binomial,beta-binomial,calibrated,500,1.5,5,DHA.p.val,1000,1000,1,0,0.9963179161031344,1
Binomial,beta-binomial,calibrated,500,1.5,5,Pear.p.val,1000,1000,1,0,0.9963179161031344,1
Binomial,beta-binomial,calibrated,500,1.5,5,Ref.p.val,1000,1000,1,0,0.9963179161031344,1
Binomial,beta-binomial,calibrated,1000,-1.5,1,DHA.p.val,1000,49,0.049,0.006826346021115542,0.03646705917204781,0.06426605314016964
Binomial,beta-binomial,calibrated,1000,-1.5,1,Pear.p.val,1000,45,0.045,0.0065555320150236475,0.03300962543114875,0.05975283269340781
Binomial,beta-binomial,calibrated,1000,-1.5,1,Ref.p.val,1000,40,0.04,0.0061967733539318665,0.028727625285890793,0.05407269681936844
Binomial,beta-binomial,calibrated,1000,-1.5,1.1,DHA.p.val,1000,551,0.551,0.015728922404284407,0.5195598572878697,0.5821390616137204
Binomial,beta-binomial,calibrated,1000,-1.5,1.1,Pear.p.val,1000,609,0.609,0.015431104950715617,0.5779707644429026,0.639385492047992
Binomial,beta-binomial,calibrated,1000,-1.5,1.1,Ref.p.val,1000,604,0.604,0.01546557467409472,0.572918155451127,0.6344676593562533
Binomial,beta-binomial,calibrated,1000,-1.5,1.2,DHA.p.val,1000,971,0.971,0.005306505441436956,0.958615280883598,0.9804940626756153
Binomial,beta-binomial,calibrated,1000,-1.5,1.2,Pear.p.val,1000,986,0.986,0.0037153734670958734,0.9766218439896855,0.9923254984349792
Binomial,beta-binomial,calibrated,1000,-1.5,1.2,Ref.p.val,1000,985,0.985,0.0038438262187565153,0.9753802999029588,0.9915809502499656
Binomial,beta-binomial,calibrated,1000,-1.5,1.35,DHA.p.val,1000,1000,1,0,0.9963179161031344,1
Binomial,beta-binomial,calibrated,1000,-1.5,1.35,Pear.p.val,1000,1000,1,0,0.9963179161031344,1
Binomial,beta-binomial,calibrated,1000,-1.5,1.35,Ref.p.val,1000,1000,1,0,0.9963179161031344,1
Binomial,beta-binomial,calibrated,1000,-1.5,1.5,DHA.p.val,1000,1000,1,0,0.9963179161031344,1
Binomial,beta-binomial,calibrated,1000,-1.5,1.5,Pear.p.val,1000,1000,1,0,0.9963179161031344,1
Binomial,beta-binomial,calibrated,1000,-1.5,1.5,Ref.p.val,1000,1000,1,0,0.9963179161031344,1
Binomial,beta-binomial,calibrated,1000,-1.5,1.75,DHA.p.val,1000,1000,1,0,0.9963179161031344,1
Binomial,beta-binomial,calibrated,1000,-1.5,1.75,Pear.p.val,1000,1000,1,0,0.9963179161031344,1
Binomial,beta-binomial,calibrated,1000,-1.5,1.75,Ref.p.val,1000,1000,1,0,0.9963179161031344,1
Binomial,beta-binomial,calibrated,1000,-1.5,2,DHA.p.val,1000,1000,1,0,0.9963179161031344,1
Binomial,beta-binomial,calibrated,1000,-1.5,2,Pear.p.val,1000,1000,1,0,0.9963179161031344,1
Binomial,beta-binomial,calibrated,1000,-1.5,2,Ref.p.val,1000,1000,1,0,0.9963179161031344,1
Binomial,beta-binomial,calibrated,1000,-1.5,2.5,DHA.p.val,1000,1000,1,0,0.9963179161031344,1
Binomial,beta-binomial,calibrated,1000,-1.5,2.5,Pear.p.val,1000,1000,1,0,0.9963179161031344,1
Binomial,beta-binomial,calibrated,1000,-1.5,2.5,Ref.p.val,1000,1000,1,0,0.9963179161031344,1
Binomial,beta-binomial,calibrated,1000,-1.5,3,DHA.p.val,1000,1000,1,0,0.9963179161031344,1
Binomial,beta-binomial,calibrated,1000,-1.5,3,Pear.p.val,1000,1000,1,0,0.9963179161031344,1
Binomial,beta-binomial,calibrated,1000,-1.5,3,Ref.p.val,1000,1000,1,0,0.9963179161031344,1
Binomial,beta-binomial,calibrated,1000,-1.5,4,DHA.p.val,1000,1000,1,0,0.9963179161031344,1
Binomial,beta-binomial,calibrated,1000,-1.5,4,Pear.p.val,1000,1000,1,0,0.9963179161031344,1
Binomial,beta-binomial,calibrated,1000,-1.5,4,Ref.p.val,1000,1000,1,0,0.9963179161031344,1
Binomial,beta-binomial,calibrated,1000,-1.5,5,DHA.p.val,1000,1000,1,0,0.9963179161031344,1
Binomial,beta-binomial,calibrated,1000,-1.5,5,Pear.p.val,1000,1000,1,0,0.9963179161031344,1
Binomial,beta-binomial,calibrated,1000,-1.5,5,Ref.p.val,1000,1000,1,0,0.9963179161031344,1
Binomial,beta-binomial,calibrated,1000,0,1,DHA.p.val,1000,40,0.04,0.0061967733539318665,0.028727625285890793,0.05407269681936844
Binomial,beta-binomial,calibrated,1000,0,1,Pear.p.val,1000,46,0.046,0.006624499981130651,0.033871498547677924,0.060883552713742684
Binomial,beta-binomial,calibrated,1000,0,1,Ref.p.val,1000,37,0.037,0.005969170796685248,0.026182708843737346,0.05064112305992485
Binomial,beta-binomial,calibrated,1000,0,1.1,DHA.p.val,1000,632,0.632,0.015250442616527561,0.6012559400774757,0.6619642863850408
Binomial,beta-binomial,calibrated,1000,0,1.1,Pear.p.val,1000,625,0.625,0.015309310892394862,0.594161560618944,0.6551000778787017
Binomial,beta-binomial,calibrated,1000,0,1.1,Ref.p.val,1000,598,0.598,0.015504708962118573,0.5668593800648497,0.628561899167521
Binomial,beta-binomial,calibrated,1000,0,1.2,DHA.p.val,1000,992,0.992,0.0028170906978654425,0.9842979508239253,0.9965400238346707
Binomial,beta-binomial,calibrated,1000,0,1.2,Pear.p.val,1000,993,0.993,0.002636474919281427,0.9856308050210814,0.9971811412403795
Binomial,beta-binomial,calibrated,1000,0,1.2,Ref.p.val,1000,989,0.989,0.0032983329122452166,0.9804033717779835,0.9944964058076864
Binomial,beta-binomial,calibrated,1000,0,1.35,DHA.p.val,1000,1000,1,0,0.9963179161031344,1
Binomial,beta-binomial,calibrated,1000,0,1.35,Pear.p.val,1000,1000,1,0,0.9963179161031344,1
Binomial,beta-binomial,calibrated,1000,0,1.35,Ref.p.val,1000,1000,1,0,0.9963179161031344,1
Binomial,beta-binomial,calibrated,1000,0,1.5,DHA.p.val,1000,1000,1,0,0.9963179161031344,1
Binomial,beta-binomial,calibrated,1000,0,1.5,Pear.p.val,1000,1000,1,0,0.9963179161031344,1
Binomial,beta-binomial,calibrated,1000,0,1.5,Ref.p.val,1000,1000,1,0,0.9963179161031344,1
Binomial,beta-binomial,calibrated,1000,0,1.75,DHA.p.val,1000,1000,1,0,0.9963179161031344,1
Binomial,beta-binomial,calibrated,1000,0,1.75,Pear.p.val,1000,1000,1,0,0.9963179161031344,1
Binomial,beta-binomial,calibrated,1000,0,1.75,Ref.p.val,1000,1000,1,0,0.9963179161031344,1
Binomial,beta-binomial,calibrated,1000,0,2,DHA.p.val,1000,1000,1,0,0.9963179161031344,1
Binomial,beta-binomial,calibrated,1000,0,2,Pear.p.val,1000,1000,1,0,0.9963179161031344,1
Binomial,beta-binomial,calibrated,1000,0,2,Ref.p.val,1000,1000,1,0,0.9963179161031344,1
Binomial,beta-binomial,calibrated,1000,0,2.5,DHA.p.val,1000,1000,1,0,0.9963179161031344,1
Binomial,beta-binomial,calibrated,1000,0,2.5,Pear.p.val,1000,1000,1,0,0.9963179161031344,1
Binomial,beta-binomial,calibrated,1000,0,2.5,Ref.p.val,1000,1000,1,0,0.9963179161031344,1
Binomial,beta-binomial,calibrated,1000,0,3,DHA.p.val,1000,1000,1,0,0.9963179161031344,1
Binomial,beta-binomial,calibrated,1000,0,3,Pear.p.val,1000,1000,1,0,0.9963179161031344,1
Binomial,beta-binomial,calibrated,1000,0,3,Ref.p.val,1000,1000,1,0,0.9963179161031344,1
Binomial,beta-binomial,calibrated,1000,0,4,DHA.p.val,1000,1000,1,0,0.9963179161031344,1
Binomial,beta-binomial,calibrated,1000,0,4,Pear.p.val,1000,1000,1,0,0.9963179161031344,1
Binomial,beta-binomial,calibrated,1000,0,4,Ref.p.val,1000,1000,1,0,0.9963179161031344,1
Binomial,beta-binomial,calibrated,1000,0,5,DHA.p.val,1000,1000,1,0,0.9963179161031344,1
Binomial,beta-binomial,calibrated,1000,0,5,Pear.p.val,1000,1000,1,0,0.9963179161031344,1
Binomial,beta-binomial,calibrated,1000,0,5,Ref.p.val,1000,1000,1,0,0.9963179161031344,1
Binomial,beta-binomial,calibrated,1000,1.5,1,DHA.p.val,1000,41,0.041,0.006270486424512854,0.02958016853403611,0.05521245931529928
Binomial,beta-binomial,calibrated,1000,1.5,1,Pear.p.val,1000,47,0.047,0.006692607862410586,0.03473506226679596,0.062012630693305204
Binomial,beta-binomial,calibrated,1000,1.5,1,Ref.p.val,1000,44,0.044,0.006485676526007136,0.03214949701087143,0.058620419206330876
Binomial,beta-binomial,calibrated,1000,1.5,1.1,DHA.p.val,1000,543,0.543,0.015752809273269323,0.5115367755816966,0.5742093796781236
Binomial,beta-binomial,calibrated,1000,1.5,1.1,Pear.p.val,1000,596,0.596,0.015517216245190372,0.5648408383487339,0.6265922610801002
Binomial,beta-binomial,calibrated,1000,1.5,1.1,Ref.p.val,1000,598,0.598,0.015504708962118573,0.5668593800648497,0.628561899167521
Binomial,beta-binomial,calibrated,1000,1.5,1.2,DHA.p.val,1000,970,0.97,0.0053944415837044735,0.9574485975299709,0.9796695143168904
Binomial,beta-binomial,calibrated,1000,1.5,1.2,Pear.p.val,1000,980,0.98,0.0044271887242357325,0.9692799673173909,0.9877417320275936
Binomial,beta-binomial,calibrated,1000,1.5,1.2,Ref.p.val,1000,979,0.979,0.00453420334788814,0.9680776648195845,0.9869548077096123
Binomial,beta-binomial,calibrated,1000,1.5,1.35,DHA.p.val,1000,1000,1,0,0.9963179161031344,1
Binomial,beta-binomial,calibrated,1000,1.5,1.35,Pear.p.val,1000,1000,1,0,0.9963179161031344,1
Binomial,beta-binomial,calibrated,1000,1.5,1.35,Ref.p.val,1000,1000,1,0,0.9963179161031344,1
Binomial,beta-binomial,calibrated,1000,1.5,1.5,DHA.p.val,1000,1000,1,0,0.9963179161031344,1
Binomial,beta-binomial,calibrated,1000,1.5,1.5,Pear.p.val,1000,1000,1,0,0.9963179161031344,1
Binomial,beta-binomial,calibrated,1000,1.5,1.5,Ref.p.val,1000,1000,1,0,0.9963179161031344,1
Binomial,beta-binomial,calibrated,1000,1.5,1.75,DHA.p.val,1000,1000,1,0,0.9963179161031344,1
Binomial,beta-binomial,calibrated,1000,1.5,1.75,Pear.p.val,1000,1000,1,0,0.9963179161031344,1
Binomial,beta-binomial,calibrated,1000,1.5,1.75,Ref.p.val,1000,1000,1,0,0.9963179161031344,1
Binomial,beta-binomial,calibrated,1000,1.5,2,DHA.p.val,1000,1000,1,0,0.9963179161031344,1
Binomial,beta-binomial,calibrated,1000,1.5,2,Pear.p.val,1000,1000,1,0,0.9963179161031344,1
Binomial,beta-binomial,calibrated,1000,1.5,2,Ref.p.val,1000,1000,1,0,0.9963179161031344,1
Binomial,beta-binomial,calibrated,1000,1.5,2.5,DHA.p.val,1000,1000,1,0,0.9963179161031344,1
Binomial,beta-binomial,calibrated,1000,1.5,2.5,Pear.p.val,1000,1000,1,0,0.9963179161031344,1
Binomial,beta-binomial,calibrated,1000,1.5,2.5,Ref.p.val,1000,1000,1,0,0.9963179161031344,1
Binomial,beta-binomial,calibrated,1000,1.5,3,DHA.p.val,1000,1000,1,0,0.9963179161031344,1
Binomial,beta-binomial,calibrated,1000,1.5,3,Pear.p.val,1000,1000,1,0,0.9963179161031344,1
Binomial,beta-binomial,calibrated,1000,1.5,3,Ref.p.val,1000,1000,1,0,0.9963179161031344,1
Binomial,beta-binomial,calibrated,1000,1.5,4,DHA.p.val,1000,1000,1,0,0.9963179161031344,1
Binomial,beta-binomial,calibrated,1000,1.5,4,Pear.p.val,1000,1000,1,0,0.9963179161031344,1
Binomial,beta-binomial,calibrated,1000,1.5,4,Ref.p.val,1000,1000,1,0,0.9963179161031344,1
Binomial,beta-binomial,calibrated,1000,1.5,5,DHA.p.val,1000,1000,1,0,0.9963179161031344,1
Binomial,beta-binomial,calibrated,1000,1.5,5,Pear.p.val,1000,1000,1,0,0.9963179161031344,1
Binomial,beta-binomial,calibrated,1000,1.5,5,Ref.p.val,1000,1000,1,0,0.9963179161031344,1
Poisson,negative binomial,greater,10,-1.5,1,DHA.p.val,972,2,0.00205761316872428,0.0014534545894498286,2.492837082245381e-4,0.007412856658264522
Poisson,negative binomial,greater,10,-1.5,1,Pear.p.val,1000,8,0.008,0.0028170906978654416,0.003459976165329311,0.01570204917607465
Poisson,negative binomial,greater,10,-1.5,1,Ref.p.val,1000,34,0.034,0.005730968504537431,0.02365864810759674,0.04718943861570746
Poisson,negative binomial,greater,10,-1.5,1.1,DHA.p.val,960,10,0.010416666666666666,0.0032768378625307073,0.005006181472550352,0.019072949623053836
Poisson,negative binomial,greater,10,-1.5,1.1,Pear.p.val,1000,24,0.024,0.004839834707921336,0.015436383233508485,0.03550063853135921
Poisson,negative binomial,greater,10,-1.5,1.1,Ref.p.val,1000,76,0.076,0.008379976133617566,0.06034366117990184,0.09420432364490217
Poisson,negative binomial,greater,10,-1.5,1.2,DHA.p.val,973,17,0.017471736896197326,0.004200337101191501,0.010210032329343132,0.027826961131061867
Poisson,negative binomial,greater,10,-1.5,1.2,Pear.p.val,1000,53,0.053,0.00708456067798138,0.03994925236001938,0.06875518328996322
Poisson,negative binomial,greater,10,-1.5,1.2,Ref.p.val,1000,91,0.091,0.009094998625618368,0.07389912994247971,0.11055149410186926
Poisson,negative binomial,greater,10,-1.5,1.35,DHA.p.val,953,32,0.033578174186778595,0.005835330429591744,0.02307857829640695,0.047073585887469904
Poisson,negative binomial,greater,10,-1.5,1.35,Pear.p.val,1000,59,0.059,0.007451107300260815,0.0452133544027966,0.07544907308424076
Poisson,negative binomial,greater,10,-1.5,1.35,Ref.p.val,1000,122,0.122,0.010349685985574635,0.10235113744007673,0.1439042194274167
Poisson,negative binomial,greater,10,-1.5,1.5,DHA.p.val,959,37,0.03858185610010428,0.006219255684736925,0.027308028889965984,0.052790121739259455
Poisson,negative binomial,greater,10,-1.5,1.5,Pear.p.val,1000,65,0.065,0.007795832219846705,0.05052030968961793,0.082101069921371
Poisson,negative binomial,greater,10,-1.5,1.5,Ref.p.val,1000,116,0.116,0.010126401137620413,0.09680595526975852,0.13748675054956383
Poisson,negative binomial,greater,10,-1.5,1.75,DHA.p.val,932,60,0.06437768240343347,0.008039147538495857,0.049482899947486024,0.08209336708753656
Poisson,negative binomial,greater,10,-1.5,1.75,Pear.p.val,1000,125,0.125,0.010458250331675944,0.10512976155459257,0.1471069827787711
Poisson,negative binomial,greater,10,-1.5,1.75,Ref.p.val,1000,187,0.187,0.012330085157856777,0.16328321992460096,0.21257507953142984
Poisson,negative binomial,greater,10,-1.5,2,DHA.p.val,932,97,0.10407725321888411,0.01000242344997629,0.08521208293218313,0.12548536060074977
Poisson,negative binomial,greater,10,-1.5,2,Pear.p.val,1000,133,0.133,0.010738295954200556,0.1125579643868474,0.1556293270471284
Poisson,negative binomial,greater,10,-1.5,2,Ref.p.val,1000,201,0.201,0.012672766075328622,0.1765713352288398,0.227202595101185
Poisson,negative binomial,greater,10,-1.5,2.5,DHA.p.val,926,127,0.13714902807775378,0.01130469293092505,0.11563412911112064,0.16100082581018482
Poisson,negative binomial,greater,10,-1.5,2.5,Pear.p.val,1000,167,0.167,0.01179453263168999,0.14439030619474666,0.19158907017630922
Poisson,negative binomial,greater,10,-1.5,2.5,Ref.p.val,1000,245,0.245,0.013600551459407815,0.21862615839386054,0.2728841044622733
Poisson,negative binomial,greater,10,-1.5,3,DHA.p.val,916,141,0.1539301310043668,0.011923869027752203,0.1311564571280108,0.17895407444385925
Poisson,negative binomial,greater,10,-1.5,3,Pear.p.val,1000,196,0.196,0.012553246592017541,0.17181996603357735,0.22198406428487183
Poisson,negative binomial,greater,10,-1.5,3,Ref.p.val,1000,263,0.263,0.013922320208930694,0.23594352468029337,0.291459361439264
Poisson,negative binomial,greater,10,-1.5,4,DHA.p.val,885,166,0.18757062146892656,0.013122107254238437,0.16236119528055287,0.2148789666195181
Poisson,negative binomial,greater,10,-1.5,4,Pear.p.val,1000,206,0.206,0.0127892142057282,0.18132871891030236,0.2324151440514931
Poisson,negative binomial,greater,10,-1.5,4,Ref.p.val,1000,277,0.277,0.014151713677148785,0.24945344200701017,0.30586607658417697
Poisson,negative binomial,greater,10,-1.5,5,DHA.p.val,869,156,0.17951668584579977,0.013018993178054973,0.1545458287676862,0.20668174306032328
Poisson,negative binomial,greater,10,-1.5,5,Pear.p.val,1000,186,0.186,0.012304633273690036,0.1623359776416084,0.21152835926993774
Poisson,negative binomial,greater,10,-1.5,5,Ref.p.val,1000,250,0.25,0.013693063937629153,0.2234304062646804,0.27805000622375553
Poisson,negative binomial,greater,10,0,1,DHA.p.val,1000,12,0.012,0.003443254274665175,0.006215525559595242,0.020867679591036414
Poisson,negative binomial,greater,10,0,1,Pear.p.val,1000,43,0.043,0.006414904519944158,0.0312911704560926,0.057486257961972376
Poisson,negative binomial,greater,10,0,1,Ref.p.val,1000,56,0.056,0.007270763371201128,0.04257554968661718,0.07210774628325278
Poisson,negative binomial,greater,10,0,1.1,DHA.p.val,1000,25,0.025,0.0049371044145328745,0.01624253569688223,0.036684823051923
Poisson,negative binomial,greater,10,0,1.1,Pear.p.val,1000,58,0.058,0.007391616873188166,0.044332860252820704,0.07433649538235165
Poisson,negative binomial,greater,10,0,1.1,Ref.p.val,1000,72,0.072,0.008174105455644672,0.056758687554561725,0.08981574917535085
Poisson,negative binomial,greater,10,0,1.2,DHA.p.val,1000,36,0.036,0.005891010100144117,0.025338914929837746,0.0494929117180124
Poisson,negative binomial,greater,10,0,1.2,Pear.p.val,1000,84,0.084,0.008771772910877254,0.0675527419705832,0.10294299899173498
Poisson,negative binomial,greater,10,0,1.2,Ref.p.val,1000,110,0.11,0.009894442884771228,0.09127777445946614,0.13105246363748768
Poisson,negative binomial,greater,10,0,1.35,DHA.p.val,1000,48,0.048,0.006759881655768835,0.035600265342883276,0.06314011540150921
Poisson,negative binomial,greater,10,0,1.35,Pear.p.val,1000,137,0.137,0.010873407929439602,0.11628168943368122,0.15988096510541738
Poisson,negative binomial,greater,10,0,1.35,Ref.p.val,1000,158,0.158,0.011534123287012324,0.1359265161849648,0.1821076024878585
Poisson,negative binomial,greater,10,0,1.5,DHA.p.val,1000,77,0.077,0.00843036179532053,0.061242027783549015,0.09529938097825963
Poisson,negative binomial,greater,10,0,1.5,Pear.p.val,1000,158,0.158,0.011534123287012324,0.1359265161849648,0.1821076024878585
Poisson,negative binomial,greater,10,0,1.5,Ref.p.val,1000,188,0.188,0.012355403676124872,0.16423072340131878,0.21362154016312895
Poisson,negative binomial,greater,10,0,1.75,DHA.p.val,1000,136,0.136,0.010839926199010766,0.11535017762388163,0.1588186309140217
Poisson,negative binomial,greater,10,0,1.75,Pear.p.val,1000,250,0.25,0.013693063937629153,0.2234304062646804,0.27805000622375553
Poisson,negative binomial,greater,10,0,1.75,Ref.p.val,1000,267,0.267,0.013989674763910703,0.2397999512068854,0.2955791034114016
Poisson,negative binomial,greater,10,0,2,DHA.p.val,1000,171,0.171,0.011906258858264422,0.1481598481831981,0.19579525359759042
Poisson,negative binomial,greater,10,0,2,Pear.p.val,1000,284,0.284,0.014259873772232347,0.25622119502375507,0.3130566821959463
Poisson,negative binomial,greater,10,0,2,Ref.p.val,1000,326,0.326,0.01482309009619789,0.296995524239567,0.3560329892828511
Poisson,negative binomial,greater,10,0,2.5,DHA.p.val,999,283,0.2832832832832833,0.014256125062488884,0.25551409515726636,0.3123359071505719
Poisson,negative binomial,greater,10,0,2.5,Pear.p.val,1000,411,0.411,0.015558888135082145,0.38030558695412015,0.44221994766286565
Poisson,negative binomial,greater,10,0,2.5,Ref.p.val,1000,449,0.449,0.015728922404284407,0.4178609383862796,0.4804401427121303
Poisson,negative binomial,greater,10,0,3,DHA.p.val,1000,340,0.34,0.014979986648859203,0.31064732250097155,0.37029822050232764
Poisson,negative binomial,greater,10,0,3,Pear.p.val,1000,468,0.468,0.015778973350633434,0.43670699654393563,0.4994819047092036
Poisson,negative binomial,greater,10,0,3,Ref.p.val,1000,511,0.511,0.015807561481771943,0.47952418842090033,0.5424108791915636
Poisson,negative binomial,greater,10,0,4,DHA.p.val,1000,407,0.407,0.015535475531827147,0.37636317728164365,0.4381859941406504
Poisson,negative binomial,greater,10,0,4,Pear.p.val,1000,527,0.527,0.01578831846651188,0.49551458399303044,0.5583260325172668
Poisson,negative binomial,greater,10,0,4,Ref.p.val,1000,571,0.571,0.015651166090742248,0.5396528166610542,0.6019279882136221
Poisson,negative binomial,greater,10,0,5,DHA.p.val,995,514,0.5165829145728643,0.015842345359089113,0.48501996204744857,0.5480474821877355
Poisson,negative binomial,greater,10,0,5,Pear.p.val,1000,606,0.606,0.015451990163082553,0.5749388017289369,0.6364351902727695
Poisson,negative binomial,greater,10,0,5,Ref.p.val,1000,663,0.663,0.014947608504372864,0.6327561887523301,0.6922804941597872
Poisson,negative binomial,greater,10,1.5,1,DHA.p.val,1000,17,0.017,0.004087909000944126,0.009933512592716536,0.027079496864851338
Poisson,negative binomial,greater,10,1.5,1,Pear.p.val,1000,43,0.043,0.006414904519944158,0.0312911704560926,0.057486257961972376
Poisson,negative binomial,greater,10,1.5,1,Ref.p.val,1000,41,0.041,0.006270486424512854,0.02958016853403611,0.05521245931529928
Poisson,negative binomial,greater,10,1.5,1.1,DHA.p.val,1000,27,0.027,0.00512552436341883,0.017866905925249688,0.03904174680597017
Poisson,negative binomial,greater,10,1.5,1.1,Pear.p.val,1000,68,0.068,0.007960904471226871,0.05318809976040198,0.08541305019143097
Poisson,negative binomial,greater,10,1.5,1.1,Ref.p.val,1000,68,0.068,0.007960904471226871,0.05318809976040198,0.08541305019143097
Poisson,negative binomial,greater,10,1.5,1.2,DHA.p.val,1000,51,0.051,0.00695693898205238,0.038205236774686166,0.06651346159493476
Poisson,negative binomial,greater,10,1.5,1.2,Pear.p.val,1000,110,0.11,0.009894442884771228,0.09127777445946614,0.13105246363748768
Poisson,negative binomial,greater,10,1.5,1.2,Ref.p.val,1000,112,0.112,0.00997276290703835,0.09311853992161026,0.13319916556924016
Poisson,negative binomial,greater,10,1.5,1.35,DHA.p.val,1000,81,0.081,0.008627803892068943,0.06484353970849499,0.09967169896848727
Poisson,negative binomial,greater,10,1.5,1.35,Pear.p.val,1000,159,0.159,0.011563693181678594,0.13686569233853219,0.18316233481747668
Poisson,negative binomial,greater,10,1.5,1.35,Ref.p.val,1000,168,0.168,0.011822690049223147,0.1453322492747272,0.19264105541450527
Poisson,negative binomial,greater,10,1.5,1.5,DHA.p.val,1000,121,0.121,0.010313049985334114,0.10142580723074802,0.14283576268156783
Poisson,negative binomial,greater,10,1.5,1.5,Pear.p.val,1000,221,0.221,0.013120937466507492,0.19563537445283838,0.2480184632116429
Poisson,negative binomial,greater,10,1.5,1.5,Ref.p.val,1000,217,0.217,0.013034991369387246,0.19181534485460988,0.2438624752533184
Poisson,negative binomial,greater,10,1.5,1.75,DHA.p.val,1000,196,0.196,0.012553246592017541,0.17181996603357735,0.22198406428487183
Poisson,negative binomial,greater,10,1.5,1.75,Pear.p.val,1000,335,0.335,0.014925649064613574,0.30576835989020595,0.3652068081502916
Poisson,negative binomial,greater,10,1.5,1.75,Ref.p.val,1000,327,0.327,0.014834790190629594,0.29796968761860143,0.35705289727642153
Poisson,negative binomial,greater,10,1.5,2,DHA.p.val,1000,283,0.283,0.014244683218660919,0.2552538625382425,0.3120299618316186
Poisson,negative binomial,greater,10,1.5,2,Pear.p.val,1000,442,0.442,0.01570464899321217,0.41092906177701044,0.4734133551087484
Poisson,negative binomial,greater,10,1.5,2,Ref.p.val,1000,436,0.436,0.015681326474504636,0.4049923751805499,0.46738547576542167
Poisson,negative binomial,greater,10,1.5,2.5,DHA.p.val,1000,379,0.379,0.015341414537127925,0.3488253306950418,0.40988937153697247
Poisson,negative binomial,greater,10,1.5,2.5,Pear.p.val,1000,559,0.559,0.015700923539715746,0.5275909755700006,0.5900607020952655
Poisson,negative binomial,greater,10,1.5,2.5,Ref.p.val,1000,550,0.55,0.015732132722552274,0.5185565333765935,0.5811482903200493
Poisson,negative binomial,greater,10,1.5,3,DHA.p.val,1000,502,0.502,0.01581126180922952,0.47054351735400174,0.5334446768141504
Poisson,negative binomial,greater,10,1.5,3,Pear.p.val,1000,666,0.666,0.014914556647785411,0.6358119134360835,0.6952069925690265
Poisson,negative binomial,greater,10,1.5,3,Ref.p.val,1000,658,0.658,0.01500119995200384,0.6276662332634243,0.6874000715953352
Poisson,negative binomial,greater,10,1.5,4,DHA.p.val,1000,652,0.652,0.015063067416698366,0.6215630555184662,0.681538785852142
Poisson,negative binomial,greater,10,1.5,4,Pear.p.val,1000,787,0.787,0.012947239087929132,0.7602970320738748,0.8120011481939204
Poisson,negative binomial,greater,10,1.5,4,Ref.p.val,1000,778,0.778,0.013142145943490354,0.7509430816188933,0.8034090737361161
Poisson,negative binomial,greater,10,1.5,5,DHA.p.val,1000,737,0.737,0.013922320208930694,0.708540638560736,0.7640564753197067
Poisson,negative binomial,greater,10,1.5,5,Pear.p.val,1000,857,0.857,0.011070275515993268,0.8337528434032783,0.8781213571241084
Poisson,negative binomial,greater,10,1.5,5,Ref.p.val,1000,858,0.858,0.011037934589405756,0.8348129616464028,0.8790551042902568
Poisson,negative binomial,greater,10,3,1,DHA.p.val,1000,23,0.023,0.004740358636221525,0.014634582325176759,0.03431233761285435
Poisson,negative binomial,greater,10,3,1,Pear.p.val,1000,51,0.051,0.00695693898205238,0.038205236774686166,0.06651346159493476
Poisson,negative binomial,greater,10,3,1,Ref.p.val,1000,58,0.058,0.007391616873188166,0.044332860252820704,0.07433649538235165
Poisson,negative binomial,greater,10,3,1.1,DHA.p.val,1000,41,0.041,0.006270486424512854,0.02958016853403611,0.05521245931529928
Poisson,negative binomial,greater,10,3,1.1,Pear.p.val,1000,73,0.073,0.008226238508577295,0.05765362522793264,0.0909141753945012
Poisson,negative binomial,greater,10,3,1.1,Ref.p.val,1000,80,0.08,0.008579044235810887,0.06394198284667334,0.09857977904790216
Poisson,negative binomial,greater,10,3,1.2,DHA.p.val,1000,53,0.053,0.00708456067798138,0.03994925236001938,0.06875518328996322
Poisson,negative binomial,greater,10,3,1.2,Pear.p.val,1000,109,0.109,0.00985489725973843,0.09035814767691946,0.12997836534293516
Poisson,negative binomial,greater,10,3,1.2,Ref.p.val,1000,114,0.114,0.010050074626588601,0.09496128197328355,0.13534391307160787
Poisson,negative binomial,greater,10,3,1.35,DHA.p.val,1000,125,0.125,0.010458250331675944,0.10512976155459257,0.1471069827787711
Poisson,negative binomial,greater,10,3,1.35,Pear.p.val,1000,194,0.194,0.012504559168559283,0.16992114094753663,0.21989493897314083
Poisson,negative binomial,greater,10,3,1.35,Ref.p.val,1000,199,0.199,0.012625331678811452,0.17467005633218127,0.22511590996300723
Poisson,negative binomial,greater,10,3,1.5,DHA.p.val,1000,148,0.148,0.011229247525992114,0.12655273282842225,0.17154243829517657
Poisson,negative binomial,greater,10,3,1.5,Pear.p.val,1000,237,0.237,0.013447341744746431,0.2109495216531266,0.26460854300542413
Poisson,negative binomial,greater,10,3,1.5,Ref.p.val,1000,245,0.245,0.013600551459407815,0.21862615839386054,0.2728841044622733
Poisson,negative binomial,greater,10,3,1.75,DHA.p.val,1000,185,0.185,0.012279047194306243,0.1613889981787857,0.2104813777733463
Poisson,negative binomial,greater,10,3,1.75,Pear.p.val,1000,303,0.303,0.014532412050310162,0.2746319878756212,0.3325329876045714
Poisson,negative binomial,greater,10,3,1.75,Ref.p.val,1000,310,0.31,0.014625320509308504,0.2814295903630807,0.3396938310373202
Poisson,negative binomial,greater,10,3,2,DHA.p.val,1000,311,0.311,0.014638271755914358,0.28240130538824093,0.3407161813762112
Poisson,negative binomial,greater,10,3,2,Pear.p.val,1000,478,0.478,0.015796075461962062,0.4466440437624667,0.5094858229536978
Poisson,negative binomial,greater,10,3,2,Ref.p.val,1000,485,0.485,0.01580427157448264,0.4536073588353028,0.5164811857084031
Poisson,negative binomial,greater,10,3,2.5,DHA.p.val,1000,457,0.457,0.015752809273269323,0.4257906203218765,0.48846322441830337
Poisson,negative binomial,greater,10,3,2.5,Pear.p.val,1000,602,0.602,0.015478888849009803,0.5708980373110477,0.63249959962615
Poisson,negative binomial,greater,10,3,2.5,Ref.p.val,1000,610,0.61,0.01542400726140908,0.5789816842711826,0.6403686600273827
Poisson,negative binomial,greater,10,3,3,DHA.p.val,1000,563,0.563,0.01568537535413163,0.5316095614887726,0.5940184934750994
Poisson,negative binomial,greater,10,3,3,Pear.p.val,1000,709,0.709,0.014363808687113596,0.6797609561045029,0.7370027823142384
Poisson,negative binomial,greater,10,3,3,Ref.p.val,1000,717,0.717,0.014244683218660919,0.6879700381683814,0.7447461374617574
Poisson,negative binomial,greater,10,3,4,DHA.p.val,1000,737,0.737,0.013922320208930694,0.708540638560736,0.7640564753197067
Poisson,negative binomial,greater,10,3,4,Pear.p.val,1000,846,0.846,0.011414201680362933,0.8221145194721243,0.8678269716273468
Poisson,negative binomial,greater,10,3,4,Ref.p.val,1000,846,0.846,0.011414201680362933,0.8221145194721243,0.8678269716273468
Poisson,negative binomial,greater,10,3,5,DHA.p.val,1000,838,0.838,0.011651437679531227,0.8136753450752311,0.8603148884154221
Poisson,negative binomial,greater,10,3,5,Pear.p.val,1000,918,0.918,0.008676174272108645,0.8992371325846886,0.9342541397281681
Poisson,negative binomial,greater,10,3,5,Ref.p.val,1000,921,0.921,0.008529888627643386,0.9025129050930988,0.9369587971905401
Poisson,negative binomial,greater,50,-1.5,1,DHA.p.val,1000,7,0.007,0.0026364749192814255,0.0028188587596205223,0.014369194978918642
Poisson,negative binomial,greater,50,-1.5,1,Pear.p.val,1000,49,0.049,0.006826346021115542,0.03646705917204781,0.06426605314016964
Poisson,negative binomial,greater,50,-1.5,1,Ref.p.val,1000,51,0.051,0.00695693898205238,0.038205236774686166,0.06651346159493476
Poisson,negative binomial,greater,50,-1.5,1.1,DHA.p.val,1000,38,0.038,0.006046155803483731,0.027028815982983928,0.05178710362196415
Poisson,negative binomial,greater,50,-1.5,1.1,Pear.p.val,1000,121,0.121,0.010313049985334114,0.10142580723074802,0.14283576268156783
Poisson,negative binomial,greater,50,-1.5,1.1,Ref.p.val,1000,111,0.111,0.00993373041711924,0.09219790720419103,0.13212606175869213
Poisson,negative binomial,greater,50,-1.5,1.2,DHA.p.val,1000,98,0.098,0.009401914698613257,0.08027750545100507,0.1181284544312361
Poisson,negative binomial,greater,50,-1.5,1.2,Pear.p.val,1000,233,0.233,0.013368283360252356,0.20711600666527016,0.26046597912452674
Poisson,negative binomial,greater,50,-1.5,1.2,Ref.p.val,1000,226,0.226,0.013225883713385657,0.20041527968213338,0.2532086028959516
Poisson,negative binomial,greater,50,-1.5,1.35,DHA.p.val,1000,193,0.193,0.012480024038438387,0.16897210326979484,0.21885000358205464
Poisson,negative binomial,greater,50,-1.5,1.35,Pear.p.val,1000,332,0.332,0.014892145580808697,0.30284274519020854,0.3621502016852709
Poisson,negative binomial,greater,50,-1.5,1.35,Ref.p.val,1000,318,0.318,0.014726710426975875,0.2892076550639287,0.3478683003282046
Poisson,negative binomial,greater,50,-1.5,1.5,DHA.p.val,999,263,0.26326326326326327,0.013933767162780768,0.23618384432881973,0.29174541649700747
Poisson,negative binomial,greater,50,-1.5,1.5,Pear.p.val,1000,423,0.423,0.015622771841129857,0.3921452443599397,0.4543093928523898
Poisson,negative binomial,greater,50,-1.5,1.5,Ref.p.val,1000,417,0.417,0.015592017188292218,0.38622309357684914,0.448266990006302
Poisson,negative binomial,greater,50,-1.5,1.75,DHA.p.val,1000,365,0.365,0.015224158433227107,0.33509597380777084,0.3957015511460872
Poisson,negative binomial,greater,50,-1.5,1.75,Pear.p.val,1000,525,0.525,0.015791611697353755,0.4935140489638566,0.5563383743642378
Poisson,negative binomial,greater,50,-1.5,1.75,Ref.p.val,1000,514,0.514,0.015805189021330938,0.482519972167083,0.5453973863574204
Poisson,negative binomial,greater,50,-1.5,2,DHA.p.val,1000,485,0.485,0.01580427157448264,0.4536073588353028,0.5164811857084031
Poisson,negative binomial,greater,50,-1.5,2,Pear.p.val,1000,624,0.624,0.015317441039547044,0.5931486239758621,0.6541189296540859
Poisson,negative binomial,greater,50,-1.5,2,Ref.p.val,1000,604,0.604,0.01546557467409472,0.572918155451127,0.6344676593562533
Poisson,negative binomial,greater,50,-1.5,2.5,DHA.p.val,999,644,0.6446446446446447,0.015142893845287105,0.6140725037207948,0.674361313711252
Poisson,negative binomial,greater,50,-1.5,2.5,Pear.p.val,1000,735,0.735,0.013956181426163821,0.706480408795717,0.7621286221063013
Poisson,negative binomial,greater,50,-1.5,2.5,Ref.p.val,1000,722,0.722,0.01416742743055351,0.6931061822718084,0.7495802495485977
Poisson,negative binomial,greater,50,-1.5,3,DHA.p.val,999,692,0.6926926926926927,0.014597349375541819,0.6630444858675983,0.7212003443619474
Poisson,negative binomial,greater,50,-1.5,3,Pear.p.val,1000,766,0.766,0.013388203763014663,0.7384980761844333,0.7919259196245902
Poisson,negative binomial,greater,50,-1.5,3,Ref.p.val,1000,759,0.759,0.013524755080961725,0.7312521000445973,0.785213742746001
Poisson,negative binomial,greater,50,-1.5,4,DHA.p.val,998,739,0.7404809619238477,0.013876383353819006,0.7120985908944699,0.7674368171140684
Poisson,negative binomial,greater,50,-1.5,4,Pear.p.val,1000,804,0.804,0.01255324659201754,0.7780159357151282,0.8281800339664227
Poisson,negative binomial,greater,50,-1.5,4,Ref.p.val,1000,798,0.798,0.01269629867323544,0.7717544218601166,0.8224776638277916
Poisson,negative binomial,greater,50,-1.5,5,DHA.p.val,998,782,0.7835671342685371,0.013035702491297225,0.7566988665373339,0.8087507741641881
Poisson,negative binomial,greater,50,-1.5,5,Pear.p.val,1000,826,0.826,0.011988494484296184,0.8010531420069635,0.8490099415239745
Poisson,negative binomial,greater,50,-1.5,5,Ref.p.val,1000,838,0.838,0.011651437679531227,0.8136753450752311,0.8603148884154221
Poisson,negative binomial,greater,50,0,1,DHA.p.val,1000,22,0.022,0.0046385342512479085,0.01383741417207386,0.03311966451498782
Poisson,negative binomial,greater,50,0,1,Pear.p.val,1000,51,0.051,0.00695693898205238,0.038205236774686166,0.06651346159493476
Poisson,negative binomial,greater,50,0,1,Ref.p.val,1000,52,0.052,0.007021111023192838,0.0390765349439805,0.06763501405050731
Poisson,negative binomial,greater,50,0,1.1,DHA.p.val,1000,67,0.067,0.007906389820898032,0.052297836400045185,0.08431003710244145
Poisson,negative binomial,greater,50,0,1.1,Pear.p.val,1000,118,0.118,0.01020176455325254,0.09865251639489678,0.13962772053444028
Poisson,negative binomial,greater,50,0,1.1,Ref.p.val,1000,130,0.13,0.010634848376916336,0.1097693124537045,0.15243649460044018
Poisson,negative binomial,greater,50,0,1.2,DHA.p.val,1000,155,0.155,0.011444430960078356,0.13311091275596743,0.17894149488665512
Poisson,negative binomial,greater,50,0,1.2,Pear.p.val,1000,244,0.244,0.013581752464244074,0.21766588926154612,0.271850345986017
Poisson,negative binomial,greater,50,0,1.2,Ref.p.val,1000,248,0.248,0.01365635383255721,0.22150812983746682,0.2759842205130937
Poisson,negative binomial,greater,50,0,1.35,DHA.p.val,1000,265,0.265,0.013956181426163821,0.23787137789369872,0.29351959120428295
Poisson,negative binomial,greater,50,0,1.35,Pear.p.val,1000,402,0.402,0.015504708962118573,0.37143810083247897,0.4331406199351503
Poisson,negative binomial,greater,50,0,1.35,Ref.p.val,1000,405,0.405,0.015523369479594306,0.37439275436596126,0.43616823633803414
Poisson,negative binomial,greater,50,0,1.5,DHA.p.val,1000,411,0.411,0.015558888135082145,0.38030558695412015,0.44221994766286565
Poisson,negative binomial,greater,50,0,1.5,Pear.p.val,1000,548,0.548,0.015738360778683402,0.5165502619409909,0.5791663711234443
Poisson,negative binomial,greater,50,0,1.5,Ref.p.val,1000,553,0.553,0.01572230899073034,0.521566881877328,0.5841202272039961
Poisson,negative binomial,greater,50,0,1.75,DHA.p.val,1000,639,0.639,0.01518812035770062,0.6083570656470169,0.6688217375124186
Poisson,negative binomial,greater,50,0,1.75,Pear.p.val,1000,766,0.766,0.013388203763014663,0.7384980761844333,0.7919259196245902
Poisson,negative binomial,greater,50,0,1.75,Ref.p.val,1000,769,0.769,0.01332812815064441,0.7416065231117422,0.7947995252096367
Poisson,negative binomial,greater,50,0,2,DHA.p.val,1000,773,0.773,0.013246546719805883,0.7457540049781715,0.7986281005145829
Poisson,negative binomial,greater,50,0,2,Pear.p.val,1000,866,0.866,0.010772372069326236,0.8433071845327004,0.8865116885457407
Poisson,negative binomial,greater,50,0,2,Ref.p.val,1000,873,0.873,0.010529529904036551,0.8507599696651419,0.8930156730505466
Poisson,negative binomial,greater,50,0,2.5,DHA.p.val,1000,913,0.913,0.008912407082264588,0.8937921420429787,0.9297315139286214
Poisson,negative binomial,greater,50,0,2.5,Pear.p.val,1000,962,0.962,0.006046155803483734,0.9482128963780359,0.9729711840170161
Poisson,negative binomial,greater,50,0,2.5,Ref.p.val,1000,959,0.959,0.006270486424512857,0.9447875406847007,0.9704198314659639
Poisson,negative binomial,greater,50,0,3,DHA.p.val,1000,964,0.964,0.005891010100144119,0.9505070882819876,0.9746610850701622
Poisson,negative binomial,greater,50,0,3,Pear.p.val,1000,977,0.977,0.004740358636221528,0.9656876623871457,0.9853654176748232
Poisson,negative binomial,greater,50,0,3,Ref.p.val,1000,974,0.974,0.005032295698784007,0.9621348775210785,0.9829472136543705
Poisson,negative binomial,greater,50,0,4,DHA.p.val,1000,989,0.989,0.0032983329122452166,0.9804033717779835,0.9944964058076864
Poisson,negative binomial,greater,50,0,4,Pear.p.val,1000,992,0.992,0.0028170906978654425,0.9842979508239253,0.9965400238346707
Poisson,negative binomial,greater,50,0,4,Ref.p.val,1000,993,0.993,0.002636474919281427,0.9856308050210814,0.9971811412403795
Poisson,negative binomial,greater,50,0,5,DHA.p.val,1000,994,0.994,0.002442130217658347,0.9869865767290255,0.9977950175148487
Poisson,negative binomial,greater,50,0,5,Pear.p.val,1000,998,0.998,0.0014127986409959495,0.9927941610885425,0.9997576988831227
Poisson,negative binomial,greater,50,0,5,Ref.p.val,1000,997,0.997,0.0017294507798720387,0.9912579767615217,0.9993809000683505
Poisson,negative binomial,greater,50,1.5,1,DHA.p.val,1000,36,0.036,0.005891010100144117,0.025338914929837746,0.0494929117180124
Poisson,negative binomial,greater,50,1.5,1,Pear.p.val,1000,45,0.045,0.0065555320150236475,0.03300962543114875,0.05975283269340781
Poisson,negative binomial,greater,50,1.5,1,Ref.p.val,1000,41,0.041,0.006270486424512854,0.02958016853403611,0.05521245931529928
Poisson,negative binomial,greater,50,1.5,1.1,DHA.p.val,1000,85,0.085,0.008819013550278738,0.06845727877099016,0.10403198577837725
Poisson,negative binomial,greater,50,1.5,1.1,Pear.p.val,1000,128,0.128,0.010564847372300274,0.10791224133119763,0.1503059285748708
Poisson,negative binomial,greater,50,1.5,1.1,Ref.p.val,1000,132,0.132,0.010704017937204702,0.11162801297279534,0.15456544660845384
Poisson,negative binomial,greater,50,1.5,1.2,DHA.p.val,1000,170,0.17,0.011878552100319299,0.14721702235246859,0.19474414507120374
Poisson,negative binomial,greater,50,1.5,1.2,Pear.p.val,1000,242,0.242,0.013543854695026818,0.21574593786816482,0.2697822445473692
Poisson,negative binomial,greater,50,1.5,1.2,Ref.p.val,1000,238,0.238,0.01346684818359515,0.21190840581377113,0.26564368072325595
Poisson,negative binomial,greater,50,1.5,1.35,DHA.p.val,1000,331,0.331,0.014880826589944525,0.3018678360768295,0.36113103773118427
Poisson,negative binomial,greater,50,1.5,1.35,Pear.p.val,1000,463,0.463,0.015768037290671277,0.43174313655264623,0.49447528364059623
Poisson,negative binomial,greater,50,1.5,1.35,Ref.p.val,1000,460,0.46,0.015760710643876435,0.4287663165026693,0.491469815697787
Poisson,negative binomial,greater,50,1.5,1.5,DHA.p.val,1000,457,0.457,0.015752809273269323,0.4257906203218765,0.48846322441830337
Poisson,negative binomial,greater,50,1.5,1.5,Pear.p.val,1000,617,0.617,0.015372410351015223,0.5860618602791839,0.6472470934851982
Poisson,negative binomial,greater,50,1.5,1.5,Ref.p.val,1000,612,0.612,0.015409607392792329,0.581003923404605,0.6423345959638971
Poisson,negative binomial,greater,50,1.5,1.75,DHA.p.val,1000,742,0.742,0.013836039895866157,0.7136943868315392,0.7688729230250864
Poisson,negative binomial,greater,50,1.5,1.75,Pear.p.val,1000,847,0.847,0.011383804285035824,0.8231708606539101,0.8687645266540973
Poisson,negative binomial,greater,50,1.5,1.75,Ref.p.val,1000,843,0.843,0.01150439046625244,0.8189474466392858,0.8650123407930691
Poisson,negative binomial,greater,50,1.5,2,DHA.p.val,1000,869,0.869,0.010669536072388528,0.8464988295998431,0.8893015389687803
Poisson,negative binomial,greater,50,1.5,2,Pear.p.val,1000,945,0.945,0.007209368904418752,0.9290084844579425,0.958301204920464
Poisson,negative binomial,greater,50,1.5,2,Ref.p.val,1000,942,0.942,0.007391616873188169,0.9256635046176483,0.9556671397471793
Poisson,negative binomial,greater,50,1.5,2.5,DHA.p.val,1000,967,0.967,0.005648982209212561,0.9539660181829769,0.9771776166505404
Poisson,negative binomial,greater,50,1.5,2.5,Pear.p.val,1000,988,0.988,0.003443254274665176,0.9791323204089636,0.9937844744404047
Poisson,negative binomial,greater,50,1.5,2.5,Ref.p.val,1000,989,0.989,0.0032983329122452166,0.9804033717779835,0.9944964058076864
Poisson,negative binomial,greater,50,1.5,3,DHA.p.val,1000,994,0.994,0.002442130217658347,0.9869865767290255,0.9977950175148487
Poisson,negative binomial,greater,50,1.5,3,Pear.p.val,1000,1000,1,0,0.9963179161031344,1
Poisson,negative binomial,greater,50,1.5,3,Ref.p.val,1000,1000,1,0,0.9963179161031344,1
Poisson,negative binomial,greater,50,1.5,4,DHA.p.val,1000,999,0.999,9.994998749374613e-4,0.9944410757201734,0.9999746825125088
Poisson,negative binomial,greater,50,1.5,4,Pear.p.val,1000,1000,1,0,0.9963179161031344,1
Poisson,negative binomial,greater,50,1.5,4,Ref.p.val,1000,1000,1,0,0.9963179161031344,1
Poisson,negative binomial,greater,50,1.5,5,DHA.p.val,1000,1000,1,0,0.9963179161031344,1
Poisson,negative binomial,greater,50,1.5,5,Pear.p.val,1000,1000,1,0,0.9963179161031344,1
Poisson,negative binomial,greater,50,1.5,5,Ref.p.val,1000,1000,1,0,0.9963179161031344,1
Poisson,negative binomial,greater,50,3,1,DHA.p.val,1000,44,0.044,0.006485676526007136,0.03214949701087143,0.058620419206330876
Poisson,negative binomial,greater,50,3,1,Pear.p.val,1000,58,0.058,0.007391616873188166,0.044332860252820704,0.07433649538235165
Poisson,negative binomial,greater,50,3,1,Ref.p.val,1000,64,0.064,0.007739767438366608,0.04963308929184902,0.080995074367051
Poisson,negative binomial,greater,50,3,1.1,DHA.p.val,1000,96,0.096,0.009315793041926168,0.07845203624742246,0.11596664336287676
Poisson,negative binomial,greater,50,3,1.1,Pear.p.val,1000,139,0.139,0.010939789760319894,0.11814585276496606,0.16200450385549015
Poisson,negative binomial,greater,50,3,1.1,Ref.p.val,1000,127,0.127,0.010529529904036551,0.1069843269494534,0.1492400303348581
Poisson,negative binomial,greater,50,3,1.2,DHA.p.val,1000,181,0.181,0.0121753439376471,0.1576037418442294,0.20629080655756926
Poisson,negative binomial,greater,50,3,1.2,Pear.p.val,1000,241,0.241,0.013524755080961725,0.21478625725399902,0.2687478999554027
Poisson,negative binomial,greater,50,3,1.2,Ref.p.val,1000,251,0.251,0.013711272734505722,0.22439183078968353,0.2790826138860387
Poisson,negative binomial,greater,50,3,1.35,DHA.p.val,1000,341,0.341,0.01499063040702425,0.3116235528478317,0.37131606607365897
Poisson,negative binomial,greater,50,3,1.35,Pear.p.val,1000,453,0.453,0.015741378592740853,0.4218247766291605,0.4844526857305389
Poisson,negative binomial,greater,50,3,1.35,Ref.p.val,1000,464,0.464,0.015770351930125086,0.43273565937394065,0.4954768569281256
Poisson,negative binomial,greater,50,3,1.5,DHA.p.val,1000,501,0.501,0.015811356678033673,0.4695462833385422,0.5324478137462618
Poisson,negative binomial,greater,50,3,1.5,Pear.p.val,1000,659,0.659,0.014990630407024249,0.628683933926341,0.6883764471521683
Poisson,negative binomial,greater,50,3,1.5,Ref.p.val,1000,668,0.668,0.014892145580808697,0.6378497983147291,0.6971572548097915
Poisson,negative binomial,greater,50,3,1.75,DHA.p.val,1000,740,0.74,0.013870832707519763,0.7116323400836536,0.766946893382749
Poisson,negative binomial,greater,50,3,1.75,Pear.p.val,1000,861,0.861,0.010939789760319894,0.8379954961445099,0.881854147235034
Poisson,negative binomial,greater,50,3,1.75,Ref.p.val,1000,868,0.868,0.010704017937204702,0.8454345533915462,0.8883719870272047
Poisson,negative binomial,greater,50,3,2,DHA.p.val,1000,896,0.896,0.009653186002558947,0.8753998434301015,0.9142321773743625
Poisson,negative binomial,greater,50,3,2,Pear.p.val,1000,960,0.96,0.00619677335393187,0.9459273031806316,0.9712723747141092
Poisson,negative binomial,greater,50,3,2,Ref.p.val,1000,958,0.958,0.006343185319695463,0.9436497084242552,0.96956529373686
Poisson,negative binomial,greater,50,3,2.5,DHA.p.val,1000,981,0.981,0.004317290817167639,0.9704875983749022,0.988522963006899
Poisson,negative binomial,greater,50,3,2.5,Pear.p.val,1000,994,0.994,0.002442130217658347,0.9869865767290255,0.9977950175148487
Poisson,negative binomial,greater,50,3,2.5,Ref.p.val,1000,992,0.992,0.0028170906978654425,0.9842979508239253,0.9965400238346707
Poisson,negative binomial,greater,50,3,3,DHA.p.val,1000,997,0.997,0.0017294507798720387,0.9912579767615217,0.9993809000683505
Poisson,negative binomial,greater,50,3,3,Pear.p.val,1000,999,0.999,9.994998749374613e-4,0.9944410757201734,0.9999746825125088
Poisson,negative binomial,greater,50,3,3,Ref.p.val,1000,999,0.999,9.994998749374613e-4,0.9944410757201734,0.9999746825125088
Poisson,negative binomial,greater,50,3,4,DHA.p.val,1000,1000,1,0,0.9963179161031344,1
Poisson,negative binomial,greater,50,3,4,Pear.p.val,1000,1000,1,0,0.9963179161031344,1
Poisson,negative binomial,greater,50,3,4,Ref.p.val,1000,1000,1,0,0.9963179161031344,1
Poisson,negative binomial,greater,50,3,5,DHA.p.val,1000,1000,1,0,0.9963179161031344,1
Poisson,negative binomial,greater,50,3,5,Pear.p.val,1000,1000,1,0,0.9963179161031344,1
Poisson,negative binomial,greater,50,3,5,Ref.p.val,1000,1000,1,0,0.9963179161031344,1
Poisson,negative binomial,greater,100,-1.5,1,DHA.p.val,1000,16,0.016,0.003967870965643918,0.00917231926922208,0.02585324908137343
Poisson,negative binomial,greater,100,-1.5,1,Pear.p.val,1000,62,0.062,0.007626008130076967,0.04786184811336121,0.07877994966103252
Poisson,negative binomial,greater,100,-1.5,1,Ref.p.val,1000,54,0.054,0.007147307185227175,0.04082335112563071,0.06987400557706736
Poisson,negative binomial,greater,100,-1.5,1.1,DHA.p.val,1000,70,0.07,0.008068457101577725,0.05497152491916995,0.0876162334892846
Poisson,negative binomial,greater,100,-1.5,1.1,Pear.p.val,1000,156,0.156,0.011474493452871897,0.13404912388910878,0.17999718498898631
Poisson,negative binomial,greater,100,-1.5,1.1,Ref.p.val,1000,141,0.141,0.011005407761641547,0.12001151279686956,0.16412655895160866
Poisson,negative binomial,greater,100,-1.5,1.2,DHA.p.val,1000,160,0.16,0.01159310139695155,0.13780518522188337,0.1842167527585027
Poisson,negative binomial,greater,100,-1.5,1.2,Pear.p.val,1000,325,0.325,0.014811313243598625,0.29602151106131647,0.35501293143742974
Poisson,negative binomial,greater,100,-1.5,1.2,Ref.p.val,1000,325,0.325,0.014811313243598625,0.29602151106131647,0.35501293143742974
Poisson,negative binomial,greater,100,-1.5,1.35,DHA.p.val,1000,307,0.307,0.01458598642533305,0.2785153853064898,0.33662584246127203
Poisson,negative binomial,greater,100,-1.5,1.35,Pear.p.val,1000,508,0.508,0.015809364313595912,0.47652951825712453,0.5394232582990013
Poisson,negative binomial,greater,100,-1.5,1.35,Ref.p.val,1000,473,0.473,0.01578831846651188,0.4416739674827332,0.5044854160069696
Poisson,negative binomial,greater,100,-1.5,1.5,DHA.p.val,1000,470,0.47,0.015782902141241326,0.43869341194103906,0.5014836820760213
Poisson,negative binomial,greater,100,-1.5,1.5,Pear.p.val,1000,680,0.68,0.014751271131668619,0.6500896181471334,0.7088462891186513
Poisson,negative binomial,greater,100,-1.5,1.5,Ref.p.val,1000,649,0.649,0.015093011627902497,0.6185133989073751,0.6786062068810231
Poisson,negative binomial,greater,100,-1.5,1.75,DHA.p.val,1000,684,0.684,0.014701836619960105,0.6541743923933121,0.712737788048678
Poisson,negative binomial,greater,100,-1.5,1.75,Pear.p.val,1000,815,0.815,0.012279047194306243,0.7895186222266537,0.8386110018212143
Poisson,negative binomial,greater,100,-1.5,1.75,Ref.p.val,1000,783,0.783,0.013034991369387246,0.7561375247466816,0.8081846551453902
Poisson,negative binomial,greater,100,-1.5,2,DHA.p.val,1000,804,0.804,0.01255324659201754,0.7780159357151282,0.8281800339664227
Poisson,negative binomial,greater,100,-1.5,2,Pear.p.val,1000,895,0.895,0.009694070352540258,0.8743231515446638,0.9133151751754599
Poisson,negative binomial,greater,100,-1.5,2,Ref.p.val,1000,875,0.875,0.010458250331675944,0.8528930172212289,0.8948702384454075
Poisson,negative binomial,greater,100,-1.5,2.5,DHA.p.val,1000,877,0.877,0.010386096475577337,0.8550277613264315,0.8967230903585823
Poisson,negative binomial,greater,100,-1.5,2.5,Pear.p.val,1000,933,0.933,0.007906389820898028,0.9156899628975586,0.9477021635999548
Poisson,negative binomial,greater,100,-1.5,2.5,Ref.p.val,1000,907,0.907,0.009184280047995052,0.887280582298844,0.9242815973931352
Poisson,negative binomial,greater,100,-1.5,3,DHA.p.val,1000,939,0.939,0.007568289106528638,0.9223292259508764,0.9530221244589198
Poisson,negative binomial,greater,100,-1.5,3,Pear.p.val,1000,968,0.968,0.005565608681896351,0.9551240971649907,0.9780111503943576
Poisson,negative binomial,greater,100,-1.5,3,Ref.p.val,1000,948,0.948,0.007021111023192843,0.9323649859494927,0.9609234650560194
Poisson,negative binomial,greater,100,-1.5,4,DHA.p.val,1000,941,0.941,0.007451107300260817,0.9245509269157592,0.9547866455972034
Poisson,negative binomial,greater,100,-1.5,4,Pear.p.val,1000,963,0.963,0.005969170796685251,0.9493588769400751,0.9738172911562627
Poisson,negative binomial,greater,100,-1.5,4,Ref.p.val,1000,946,0.946,0.0071473071852271785,0.9301259944229326,0.9591766488743693
Poisson,negative binomial,greater,100,-1.5,5,DHA.p.val,1000,957,0.957,0.006414904519944161,0.9425137420380276,0.9687088295439074
Poisson,negative binomial,greater,100,-1.5,5,Pear.p.val,1000,963,0.963,0.005969170796685251,0.9493588769400751,0.9738172911562627
Poisson,negative binomial,greater,100,-1.5,5,Ref.p.val,1000,948,0.948,0.007021111023192843,0.9323649859494927,0.9609234650560194
Poisson,negative binomial,greater,100,0,1,DHA.p.val,1000,38,0.038,0.006046155803483731,0.027028815982983928,0.05178710362196415
Poisson,negative binomial,greater,100,0,1,Pear.p.val,1000,55,0.055,0.00720936890441875,0.04169879507953599,0.07099151554205752
Poisson,negative binomial,greater,100,0,1,Ref.p.val,1000,58,0.058,0.007391616873188166,0.044332860252820704,0.07433649538235165
Poisson,negative binomial,greater,100,0,1.1,DHA.p.val,1000,111,0.111,0.00993373041711924,0.09219790720419103,0.13212606175869213
Poisson,negative binomial,greater,100,0,1.1,Pear.p.val,1000,176,0.176,0.012042591083317577,0.15287828961643138,0.20104651271780782
Poisson,negative binomial,greater,100,0,1.1,Ref.p.val,1000,178,0.178,0.012096115078817662,0.15476764229594311,0.20314505318223774
Poisson,negative binomial,greater,100,0,1.2,DHA.p.val,1000,263,0.263,0.013922320208930694,0.23594352468029337,0.291459361439264
Poisson,negative binomial,greater,100,0,1.2,Pear.p.val,1000,383,0.383,0.015372410351015223,0.3527529065148019,0.41393813972081606
Poisson,negative binomial,greater,100,0,1.2,Ref.p.val,1000,403,0.403,0.01551099609954177,0.37242285435601563,0.43414995623572605
Poisson,negative binomial,greater,100,0,1.35,DHA.p.val,1000,495,0.495,0.01581059771166163,0.46356547592009395,0.5264640386850032
Poisson,negative binomial,greater,100,0,1.35,Pear.p.val,1000,631,0.631,0.015259062880793171,0.6002420461305636,0.6609840970077635
Poisson,negative binomial,greater,100,0,1.35,Ref.p.val,1000,641,0.641,0.01516967369457893,0.6103872092040982,0.6707797565396463
Poisson,negative binomial,greater,100,0,1.5,DHA.p.val,1000,674,0.674,0.01482309009619789,0.6439670107171489,0.703004475760433
Poisson,negative binomial,greater,100,0,1.5,Pear.p.val,1000,816,0.816,0.012253326079069309,0.7905658665854713,0.839557716815212
Poisson,negative binomial,greater,100,0,1.5,Ref.p.val,1000,820,0.82,0.012149074038789953,0.7947575059722134,0.843341898328986
Poisson,negative binomial,greater,100,0,1.75,DHA.p.val,1000,893,0.893,0.009775019181566856,0.872171355882932,0.9114795633574837
Poisson,negative binomial,greater,100,0,1.75,Pear.p.val,1000,952,0.952,0.006759881655768837,0.9368598845984908,0.9643997346571167
Poisson,negative binomial,greater,100,0,1.75,Ref.p.val,1000,953,0.953,0.00669260786241059,0.9379873693066948,0.9652649377332041
Poisson,negative binomial,greater,100,0,2,DHA.p.val,1000,967,0.967,0.005648982209212561,0.9539660181829769,0.9771776166505404
Poisson,negative binomial,greater,100,0,2,Pear.p.val,1000,984,0.984,0.00396787096564392,0.9741467509186266,0.9908276807307779
Poisson,negative binomial,greater,100,0,2,Ref.p.val,1000,985,0.985,0.0038438262187565153,0.9753802999029588,0.9915809502499656
Poisson,negative binomial,greater,100,0,2.5,DHA.p.val,1000,994,0.994,0.002442130217658347,0.9869865767290255,0.9977950175148487
Poisson,negative binomial,greater,100,0,2.5,Pear.p.val,1000,998,0.998,0.0014127986409959495,0.9927941610885425,0.9997576988831227
Poisson,negative binomial,greater,100,0,2.5,Ref.p.val,1000,998,0.998,0.0014127986409959495,0.9927941610885425,0.9997576988831227
Poisson,negative binomial,greater,100,0,3,DHA.p.val,1000,997,0.997,0.0017294507798720387,0.9912579767615217,0.9993809000683505
Poisson,negative binomial,greater,100,0,3,Pear.p.val,1000,999,0.999,9.994998749374613e-4,0.9944410757201734,0.9999746825125088
Poisson,negative binomial,greater,100,0,3,Ref.p.val,1000,999,0.999,9.994998749374613e-4,0.9944410757201734,0.9999746825125088
Poisson,negative binomial,greater,100,0,4,DHA.p.val,1000,1000,1,0,0.9963179161031344,1
Poisson,negative binomial,greater,100,0,4,Pear.p.val,1000,1000,1,0,0.9963179161031344,1
Poisson,negative binomial,greater,100,0,4,Ref.p.val,1000,1000,1,0,0.9963179161031344,1
Poisson,negative binomial,greater,100,0,5,DHA.p.val,1000,1000,1,0,0.9963179161031344,1
Poisson,negative binomial,greater,100,0,5,Pear.p.val,1000,1000,1,0,0.9963179161031344,1
Poisson,negative binomial,greater,100,0,5,Ref.p.val,1000,1000,1,0,0.9963179161031344,1
Poisson,negative binomial,greater,100,1.5,1,DHA.p.val,1000,38,0.038,0.006046155803483731,0.027028815982983928,0.05178710362196415
Poisson,negative binomial,greater,100,1.5,1,Pear.p.val,1000,59,0.059,0.007451107300260815,0.0452133544027966,0.07544907308424076
Poisson,negative binomial,greater,100,1.5,1,Ref.p.val,1000,60,0.06,0.007509993342207435,0.04609503542248433,0.07656049040393476
Poisson,negative binomial,greater,100,1.5,1.1,DHA.p.val,1000,129,0.129,0.010599952830083727,0.10884057120623476,0.15137141531495624
Poisson,negative binomial,greater,100,1.5,1.1,Pear.p.val,1000,176,0.176,0.012042591083317577,0.15287828961643138,0.20104651271780782
Poisson,negative binomial,greater,100,1.5,1.1,Ref.p.val,1000,180,0.18,0.012149074038789953,0.156658101671014,0.2052424940277866
Poisson,negative binomial,greater,100,1.5,1.2,DHA.p.val,1000,290,0.29,0.01434921600645833,0.2620287150449473,0.31921349011847433
Poisson,negative binomial,greater,100,1.5,1.2,Pear.p.val,1000,372,0.372,0.015284501954594399,0.3419572961691752,0.402798812020681
Poisson,negative binomial,greater,100,1.5,1.2,Ref.p.val,1000,390,0.39,0.01542400726140908,0.3596313399726173,0.4210183157288174
Poisson,negative binomial,greater,100,1.5,1.35,DHA.p.val,1000,580,0.58,0.015607690412101338,0.5487112303838113,0.6108164097773805
Poisson,negative binomial,greater,100,1.5,1.35,Pear.p.val,1000,690,0.69,0.014625320509308506,0.6603061689626798,0.7185704096369193
Poisson,negative binomial,greater,100,1.5,1.35,Ref.p.val,1000,701,0.701,0.014477534320456644,0.6715624109864176,0.7292488588466131
Poisson,negative binomial,greater,100,1.5,1.5,DHA.p.val,1000,791,0.791,0.012857643641040918,0.7644601304459224,0.8158140321806084
Poisson,negative binomial,greater,100,1.5,1.5,Pear.p.val,1000,872,0.872,0.010564847372300274,0.8496940714251292,0.8920877586688024
Poisson,negative binomial,greater,100,1.5,1.5,Ref.p.val,1000,879,0.879,0.010313049985334114,0.8571642373184322,0.898574192769252
Poisson,negative binomial,greater,100,1.5,1.75,DHA.p.val,1000,947,0.947,0.007084560677981384,0.9312448167100368,0.9600507476399807
Poisson,negative binomial,greater,100,1.5,1.75,Pear.p.val,1000,984,0.984,0.00396787096564392,0.9741467509186266,0.9908276807307779
Poisson,negative binomial,greater,100,1.5,1.75,Ref.p.val,1000,984,0.984,0.00396787096564392,0.9741467509186266,0.9908276807307779
Poisson,negative binomial,greater,100,1.5,2,DHA.p.val,1000,986,0.986,0.0037153734670958734,0.9766218439896855,0.9923254984349792
Poisson,negative binomial,greater,100,1.5,2,Pear.p.val,1000,996,0.996,0.0019959959919799443,0.9897903353160701,0.9989090920122741
Poisson,negative binomial,greater,100,1.5,2,Ref.p.val,1000,995,0.995,0.002230470802319547,0.9883705294401879,0.9983745804824372
Poisson,negative binomial,greater,100,1.5,2.5,DHA.p.val,1000,1000,1,0,0.9963179161031344,1
Poisson,negative binomial,greater,100,1.5,2.5,Pear.p.val,1000,1000,1,0,0.9963179161031344,1
Poisson,negative binomial,greater,100,1.5,2.5,Ref.p.val,1000,1000,1,0,0.9963179161031344,1
Poisson,negative binomial,greater,100,1.5,3,DHA.p.val,1000,1000,1,0,0.9963179161031344,1
Poisson,negative binomial,greater,100,1.5,3,Pear.p.val,1000,1000,1,0,0.9963179161031344,1
Poisson,negative binomial,greater,100,1.5,3,Ref.p.val,1000,1000,1,0,0.9963179161031344,1
Poisson,negative binomial,greater,100,1.5,4,DHA.p.val,1000,1000,1,0,0.9963179161031344,1
Poisson,negative binomial,greater,100,1.5,4,Pear.p.val,1000,1000,1,0,0.9963179161031344,1
Poisson,negative binomial,greater,100,1.5,4,Ref.p.val,1000,1000,1,0,0.9963179161031344,1
Poisson,negative binomial,greater,100,1.5,5,DHA.p.val,1000,1000,1,0,0.9963179161031344,1
Poisson,negative binomial,greater,100,1.5,5,Pear.p.val,1000,1000,1,0,0.9963179161031344,1
Poisson,negative binomial,greater,100,1.5,5,Ref.p.val,1000,1000,1,0,0.9963179161031344,1
Poisson,negative binomial,greater,100,3,1,DHA.p.val,1000,37,0.037,0.005969170796685248,0.026182708843737346,0.05064112305992485
Poisson,negative binomial,greater,100,3,1,Pear.p.val,1000,38,0.038,0.006046155803483731,0.027028815982983928,0.05178710362196415
Poisson,negative binomial,greater,100,3,1,Ref.p.val,1000,43,0.043,0.006414904519944158,0.0312911704560926,0.057486257961972376
Poisson,negative binomial,greater,100,3,1.1,DHA.p.val,1000,114,0.114,0.010050074626588601,0.09496128197328355,0.13534391307160787
Poisson,negative binomial,greater,100,3,1.1,Pear.p.val,1000,172,0.172,0.011933817494833746,0.1491029641479786,0.19684607394473908
Poisson,negative binomial,greater,100,3,1.1,Ref.p.val,1000,173,0.173,0.011961229033840962,0.1500463682386288,0.1978966080927047
Poisson,negative binomial,greater,100,3,1.2,DHA.p.val,1000,278,0.278,0.01416742743055351,0.25041975045140225,0.3068938177281916
Poisson,negative binomial,greater,100,3,1.2,Pear.p.val,1000,382,0.382,0.01536476488593301,0.35177081010815975,0.41292614982733233
Poisson,negative binomial,greater,100,3,1.2,Ref.p.val,1000,378,0.378,0.015333492752794452,0.34784377484692053,0.40887684189020446
Poisson,negative binomial,greater,100,3,1.35,DHA.p.val,1000,546,0.546,0.015744332313566048,0.5145444918666211,0.577183950279601
Poisson,negative binomial,greater,100,3,1.35,Pear.p.val,1000,662,0.662,0.014958475858188226,0.6317379065986055,0.6913047013179057
Poisson,negative binomial,greater,100,3,1.35,Ref.p.val,1000,661,0.661,0.014969268519202933,0.6307197702849167,0.6903287623254493
Poisson,negative binomial,greater,100,3,1.5,DHA.p.val,1000,748,0.748,0.013729384545565033,0.7198849675753816,0.7746465548265207
Poisson,negative binomial,greater,100,3,1.5,Pear.p.val,1000,874,0.874,0.010493998284733994,0.8518262835289733,0.89394316773752025
Poisson,negative binomial,greater,100,3,1.5,Ref.p.val,1000,872,0.872,0.010564847372300274,0.8496940714251292,0.8920877586688024
Poisson,negative binomial,greater,100,3,1.75,DHA.p.val,1000,950,0.95,0.006892024376045114,0.9346095120845064,0.9626646023953382
Poisson,negative binomial,greater,100,3,1.75,Pear.p.val,1000,983,0.983,0.004087909000944127,0.9729205031351487,0.9900664874072834
Poisson,negative binomial,greater,100,3,1.75,Ref.p.val,1000,986,0.986,0.0037153734670958734,0.9766218439896855,0.9923254984349792
Poisson,negative binomial,greater,100,3,2,DHA.p.val,1000,993,0.993,0.002636474919281427,0.9856308050210814,0.9971811412403795
Poisson,negative binomial,greater,100,3,2,Pear.p.val,1000,1000,1,0,0.9963179161031344,1
Poisson,negative binomial,greater,100,3,2,Ref.p.val,1000,1000,1,0,0.9963179161031344,1
Poisson,negative binomial,greater,100,3,2.5,DHA.p.val,1000,1000,1,0,0.9963179161031344,1
Poisson,negative binomial,greater,100,3,2.5,Pear.p.val,1000,1000,1,0,0.9963179161031344,1
Poisson,negative binomial,greater,100,3,2.5,Ref.p.val,1000,1000,1,0,0.9963179161031344,1
Poisson,negative binomial,greater,100,3,3,DHA.p.val,1000,1000,1,0,0.9963179161031344,1
Poisson,negative binomial,greater,100,3,3,Pear.p.val,1000,1000,1,0,0.9963179161031344,1
Poisson,negative binomial,greater,100,3,3,Ref.p.val,1000,1000,1,0,0.9963179161031344,1
Poisson,negative binomial,greater,100,3,4,DHA.p.val,1000,1000,1,0,0.9963179161031344,1
Poisson,negative binomial,greater,100,3,4,Pear.p.val,1000,1000,1,0,0.9963179161031344,1
Poisson,negative binomial,greater,100,3,4,Ref.p.val,1000,1000,1,0,0.9963179161031344,1
Poisson,negative binomial,greater,100,3,5,DHA.p.val,1000,1000,1,0,0.9963179161031344,1
Poisson,negative binomial,greater,100,3,5,Pear.p.val,1000,1000,1,0,0.9963179161031344,1
Poisson,negative binomial,greater,100,3,5,Ref.p.val,1000,1000,1,0,0.9963179161031344,1
Poisson,negative binomial,greater,200,-1.5,1,DHA.p.val,1000,9,0.009,0.002986469487538756,0.004123395660342473,0.017015783069894597
Poisson,negative binomial,greater,200,-1.5,1,Pear.p.val,1000,48,0.048,0.006759881655768835,0.035600265342883276,0.06314011540150921
Poisson,negative binomial,greater,200,-1.5,1,Ref.p.val,1000,44,0.044,0.006485676526007136,0.03214949701087143,0.058620419206330876
Poisson,negative binomial,greater,200,-1.5,1.1,DHA.p.val,1000,84,0.084,0.008771772910877254,0.0675527419705832,0.10294299899173498
Poisson,negative binomial,greater,200,-1.5,1.1,Pear.p.val,1000,239,0.239,0.01348625225924534,0.2128674903759091,0.2666786188852103
Poisson,negative binomial,greater,200,-1.5,1.1,Ref.p.val,1000,215,0.215,0.012991343271578963,0.1899066518109149,0.2417831659105173
Poisson,negative binomial,greater,200,-1.5,1.2,DHA.p.val,1000,227,0.227,0.013246546719805883,0.20137189948541714,0.25424599502182854
Poisson,negative binomial,greater,200,-1.5,1.2,Pear.p.val,1000,466,0.466,0.01577479001445027,0.4347210788877279,0.49747962978973714
Poisson,negative binomial,greater,200,-1.5,1.2,Ref.p.val,1000,429,0.429,0.015651166090742248,0.3980720117863779,0.46034718333894575
Poisson,negative binomial,greater,200,-1.5,1.35,DHA.p.val,1000,498,0.498,0.01581126180922952,0.4665553231858496,0.5294564826459982
Poisson,negative binomial,greater,200,-1.5,1.35,Pear.p.val,1000,753,0.753,0.013637851736985557,0.7250489590629917,0.779452720521059
Poisson,negative binomial,greater,200,-1.5,1.35,Ref.p.val,1000,722,0.722,0.01416742743055351,0.6931061822718084,0.7495802495485977
Poisson,negative binomial,greater,200,-1.5,1.5,DHA.p.val,1000,737,0.737,0.013922320208930694,0.708540638560736,0.7640564753197067
Poisson,negative binomial,greater,200,-1.5,1.5,Pear.p.val,1000,882,0.882,0.01020176455325254,0.8603722794655597,0.9013474836051032
Poisson,negative binomial,greater,200,-1.5,1.5,Ref.p.val,1000,859,0.859,0.011005407761641547,0.8358734410483913,0.8799884872031305
Poisson,negative binomial,greater,200,-1.5,1.75,DHA.p.val,1000,900,0.9,0.009486832980505136,0.8797120634813074,0.91789466564442
Poisson,negative binomial,greater,200,-1.5,1.75,Pear.p.val,1000,964,0.964,0.005891010100144119,0.9505070882819876,0.9746610850701622
Poisson,negative binomial,greater,200,-1.5,1.75,Ref.p.val,1000,946,0.946,0.0071473071852271785,0.9301259944229326,0.9591766488743693
Poisson,negative binomial,greater,200,-1.5,2,DHA.p.val,1000,951,0.951,0.006826346021115546,0.9357339468598304,0.9635329408279522
Poisson,negative binomial,greater,200,-1.5,2,Pear.p.val,1000,984,0.984,0.00396787096564392,0.9741467509186266,0.9908276807307779
Poisson,negative binomial,greater,200,-1.5,2,Ref.p.val,1000,976,0.976,0.004839834707921338,0.9644993614686408,0.9845636167664915
Poisson,negative binomial,greater,200,-1.5,2.5,DHA.p.val,1000,993,0.993,0.002636474919281427,0.9856308050210814,0.9971811412403795
Poisson,negative binomial,greater,200,-1.5,2.5,Pear.p.val,1000,996,0.996,0.0019959959919799443,0.9897903353160701,0.9989090920122741
Poisson,negative binomial,greater,200,-1.5,2.5,Ref.p.val,1000,992,0.992,0.0028170906978654425,0.9842979508239253,0.9965400238346707
Poisson,negative binomial,greater,200,-1.5,3,DHA.p.val,1000,997,0.997,0.0017294507798720387,0.9912579767615217,0.9993809000683505
Poisson,negative binomial,greater,200,-1.5,3,Pear.p.val,1000,1000,1,0,0.9963179161031344,1
Poisson,negative binomial,greater,200,-1.5,3,Ref.p.val,1000,995,0.995,0.002230470802319547,0.9883705294401879,0.9983745804824372
Poisson,negative binomial,greater,200,-1.5,4,DHA.p.val,1000,1000,1,0,0.9963179161031344,1
Poisson,negative binomial,greater,200,-1.5,4,Pear.p.val,1000,999,0.999,9.994998749374613e-4,0.9944410757201734,0.9999746825125088
Poisson,negative binomial,greater,200,-1.5,4,Ref.p.val,1000,995,0.995,0.002230470802319547,0.9883705294401879,0.9983745804824372
Poisson,negative binomial,greater,200,-1.5,5,DHA.p.val,1000,998,0.998,0.0014127986409959495,0.9927941610885425,0.9997576988831227
Poisson,negative binomial,greater,200,-1.5,5,Pear.p.val,1000,1000,1,0,0.9963179161031344,1
Poisson,negative binomial,greater,200,-1.5,5,Ref.p.val,1000,997,0.997,0.0017294507798720387,0.9912579767615217,0.9993809000683505
Poisson,negative binomial,greater,200,0,1,DHA.p.val,1000,27,0.027,0.00512552436341883,0.017866905925249688,0.03904174680597017
Poisson,negative binomial,greater,200,0,1,Pear.p.val,1000,51,0.051,0.00695693898205238,0.038205236774686166,0.06651346159493476
Poisson,negative binomial,greater,200,0,1,Ref.p.val,1000,56,0.056,0.007270763371201128,0.04257554968661718,0.07210774628325278
Poisson,negative binomial,greater,200,0,1.1,DHA.p.val,1000,148,0.148,0.011229247525992114,0.12655273282842225,0.17154243829517657
Poisson,negative binomial,greater,200,0,1.1,Pear.p.val,1000,235,0.235,0.013408019988051927,0.2090323580446216,0.26253766543135415
Poisson,negative binomial,greater,200,0,1.1,Ref.p.val,1000,247,0.247,0.013637851736985557,0.22054727947894107,0.2749510409370083
Poisson,negative binomial,greater,200,0,1.2,DHA.p.val,1000,406,0.406,0.015529455882290275,0.37537790053797354,0.4371771804503598
Poisson,negative binomial,greater,200,0,1.2,Pear.p.val,1000,545,0.545,0.015747221977225064,0.513541794662829,0.5761925519209224
Poisson,negative binomial,greater,200,0,1.2,Ref.p.val,1000,562,0.562,0.01568935945155187,0.5306047253440984,0.5930292354341888
Poisson,negative binomial,greater,200,0,1.35,DHA.p.val,1000,746,0.746,0.013765318739498916,0.7178206949019686,0.7727227594807289
Poisson,negative binomial,greater,200,0,1.35,Pear.p.val,1000,866,0.866,0.010772372069326236,0.8433071845327004,0.8865116885457407
Poisson,negative binomial,greater,200,0,1.35,Ref.p.val,1000,875,0.875,0.010458250331675944,0.8528930172212289,0.8948702384454075
Poisson,negative binomial,greater,200,0,1.5,DHA.p.val,1000,921,0.921,0.008529888627643386,0.9025129050930988,0.9369587971905401
Poisson,negative binomial,greater,200,0,1.5,Pear.p.val,1000,973,0.973,0.005125524363418832,0.9609582531940298,0.9821330940747504
Poisson,negative binomial,greater,200,0,1.5,Ref.p.val,1000,976,0.976,0.004839834707921338,0.9644993614686408,0.9845636167664915
Poisson,negative binomial,greater,200,0,1.75,DHA.p.val,1000,994,0.994,0.002442130217658347,0.9869865767290255,0.9977950175148487
Poisson,negative binomial,greater,200,0,1.75,Pear.p.val,1000,1000,1,0,0.9963179161031344,1
Poisson,negative binomial,greater,200,0,1.75,Ref.p.val,1000,1000,1,0,0.9963179161031344,1
Poisson,negative binomial,greater,200,0,2,DHA.p.val,1000,1000,1,0,0.9963179161031344,1
Poisson,negative binomial,greater,200,0,2,Pear.p.val,1000,1000,1,0,0.9963179161031344,1
Poisson,negative binomial,greater,200,0,2,Ref.p.val,1000,1000,1,0,0.9963179161031344,1
Poisson,negative binomial,greater,200,0,2.5,DHA.p.val,1000,1000,1,0,0.9963179161031344,1
Poisson,negative binomial,greater,200,0,2.5,Pear.p.val,1000,1000,1,0,0.9963179161031344,1
Poisson,negative binomial,greater,200,0,2.5,Ref.p.val,1000,1000,1,0,0.9963179161031344,1
Poisson,negative binomial,greater,200,0,3,DHA.p.val,1000,1000,1,0,0.9963179161031344,1
Poisson,negative binomial,greater,200,0,3,Pear.p.val,1000,1000,1,0,0.9963179161031344,1
Poisson,negative binomial,greater,200,0,3,Ref.p.val,1000,1000,1,0,0.9963179161031344,1
Poisson,negative binomial,greater,200,0,4,DHA.p.val,1000,1000,1,0,0.9963179161031344,1
Poisson,negative binomial,greater,200,0,4,Pear.p.val,1000,1000,1,0,0.9963179161031344,1
Poisson,negative binomial,greater,200,0,4,Ref.p.val,1000,1000,1,0,0.9963179161031344,1
Poisson,negative binomial,greater,200,0,5,DHA.p.val,1000,1000,1,0,0.9963179161031344,1
Poisson,negative binomial,greater,200,0,5,Pear.p.val,1000,1000,1,0,0.9963179161031344,1
Poisson,negative binomial,greater,200,0,5,Ref.p.val,1000,1000,1,0,0.9963179161031344,1
Poisson,negative binomial,greater,200,1.5,1,DHA.p.val,1000,36,0.036,0.005891010100144117,0.025338914929837746,0.0494929117180124
Poisson,negative binomial,greater,200,1.5,1,Pear.p.val,1000,53,0.053,0.00708456067798138,0.03994925236001938,0.06875518328996322
Poisson,negative binomial,greater,200,1.5,1,Ref.p.val,1000,57,0.057,0.007331507348424334,0.0434535819369586,0.07322272946066222
Poisson,negative binomial,greater,200,1.5,1.1,DHA.p.val,1000,205,0.205,0.0127661662216971,0.18037676898868163,0.23137310493391994
Poisson,negative binomial,greater,200,1.5,1.1,Pear.p.val,1000,250,0.25,0.013693063937629153,0.2234304062646804,0.27805000622375553
Poisson,negative binomial,greater,200,1.5,1.1,Ref.p.val,1000,270,0.27,0.014039230748157109,0.24269415008759498,0.2986670374650473
Poisson,negative binomial,greater,200,1.5,1.2,DHA.p.val,1000,466,0.466,0.01577479001445027,0.4347210788877279,0.49747962978973714
Poisson,negative binomial,greater,200,1.5,1.2,Pear.p.val,1000,580,0.58,0.015607690412101338,0.5487112303838113,0.6108164097773805
Poisson,negative binomial,greater,200,1.5,1.2,Ref.p.val,1000,582,0.582,0.015597307459943206,0.5507256214269395,0.6127902030318293
Poisson,negative binomial,greater,200,1.5,1.35,DHA.p.val,1000,810,0.81,0.012405643876881197,0.7842863111483663,0.8338734924612126
Poisson,negative binomial,greater,200,1.5,1.35,Pear.p.val,1000,891,0.891,0.009854897259738428,0.8700216346570648,0.9096418523230805
Poisson,negative binomial,greater,200,1.5,1.35,Ref.p.val,1000,896,0.896,0.009653186002558947,0.8753998434301015,0.9142321773743625
Poisson,negative binomial,greater,200,1.5,1.5,DHA.p.val,1000,944,0.944,0.007270763371201131,0.9278922537167472,0.9574244503133829
Poisson,negative binomial,greater,200,1.5,1.5,Pear.p.val,1000,978,0.978,0.004638534251247911,0.9668803354850122,0.9861625858279262
Poisson,negative binomial,greater,200,1.5,1.5,Ref.p.val,1000,976,0.976,0.004839834707921338,0.9644993614686408,0.9845636167664915
Poisson,negative binomial,greater,200,1.5,1.75,DHA.p.val,1000,1000,1,0,0.9963179161031344,1
Poisson,negative binomial,greater,200,1.5,1.75,Pear.p.val,1000,1000,1,0,0.9963179161031344,1
Poisson,negative binomial,greater,200,1.5,1.75,Ref.p.val,1000,1000,1,0,0.9963179161031344,1
Poisson,negative binomial,greater,200,1.5,2,DHA.p.val,1000,1000,1,0,0.9963179161031344,1
Poisson,negative binomial,greater,200,1.5,2,Pear.p.val,1000,1000,1,0,0.9963179161031344,1
Poisson,negative binomial,greater,200,1.5,2,Ref.p.val,1000,1000,1,0,0.9963179161031344,1
Poisson,negative binomial,greater,200,1.5,2.5,DHA.p.val,1000,1000,1,0,0.9963179161031344,1
Poisson,negative binomial,greater,200,1.5,2.5,Pear.p.val,1000,1000,1,0,0.9963179161031344,1
Poisson,negative binomial,greater,200,1.5,2.5,Ref.p.val,1000,1000,1,0,0.9963179161031344,1
Poisson,negative binomial,greater,200,1.5,3,DHA.p.val,1000,1000,1,0,0.9963179161031344,1
Poisson,negative binomial,greater,200,1.5,3,Pear.p.val,1000,1000,1,0,0.9963179161031344,1
Poisson,negative binomial,greater,200,1.5,3,Ref.p.val,1000,1000,1,0,0.9963179161031344,1
Poisson,negative binomial,greater,200,1.5,4,DHA.p.val,1000,1000,1,0,0.9963179161031344,1
Poisson,negative binomial,greater,200,1.5,4,Pear.p.val,1000,1000,1,0,0.9963179161031344,1
Poisson,negative binomial,greater,200,1.5,4,Ref.p.val,1000,1000,1,0,0.9963179161031344,1
Poisson,negative binomial,greater,200,1.5,5,DHA.p.val,1000,1000,1,0,0.9963179161031344,1
Poisson,negative binomial,greater,200,1.5,5,Pear.p.val,1000,1000,1,0,0.9963179161031344,1
Poisson,negative binomial,greater,200,1.5,5,Ref.p.val,1000,1000,1,0,0.9963179161031344,1
Poisson,negative binomial,greater,200,3,1,DHA.p.val,1000,41,0.041,0.006270486424512854,0.02958016853403611,0.05521245931529928
Poisson,negative binomial,greater,200,3,1,Pear.p.val,1000,43,0.043,0.006414904519944158,0.0312911704560926,0.057486257961972376
Poisson,negative binomial,greater,200,3,1,Ref.p.val,1000,50,0.05,0.006892024376045111,0.03733539760466177,0.06539048791549362
Poisson,negative binomial,greater,200,3,1.1,DHA.p.val,1000,203,0.203,0.012719709116170857,0.17847357632401603,0.22928832325814108
Poisson,negative binomial,greater,200,3,1.1,Pear.p.val,1000,257,0.257,0.013818502089589886,0.23016433894637556,0.28527431402292436
Poisson,negative binomial,greater,200,3,1.1,Ref.p.val,1000,258,0.258,0.013836039895866157,0.2311270769749137,0.2863056131684608
Poisson,negative binomial,greater,200,3,1.2,DHA.p.val,1000,480,0.48,0.0157987341265052,0.4486329426945337,0.5114851175478413
Poisson,negative binomial,greater,200,3,1.2,Pear.p.val,1000,582,0.582,0.015597307459943206,0.5507256214269395,0.6127902030318293
Poisson,negative binomial,greater,200,3,1.2,Ref.p.val,1000,585,0.585,0.015581238718407468,0.5537481738680577,0.6157499260746571
Poisson,negative binomial,greater,200,3,1.35,DHA.p.val,1000,822,0.822,0.012096115078817663,0.7968549468177623,0.8452323577040569
Poisson,negative binomial,greater,200,3,1.35,Pear.p.val,1000,917,0.917,0.008724161850859943,0.8981467032446243,0.9333510681911211
Poisson,negative binomial,greater,200,3,1.35,Ref.p.val,1000,913,0.913,0.008912407082264588,0.8937921420429787,0.9297315139286214
Poisson,negative binomial,greater,200,3,1.5,DHA.p.val,1000,962,0.962,0.006046155803483734,0.9482128963780359,0.9729711840170161
Poisson,negative binomial,greater,200,3,1.5,Pear.p.val,1000,990,0.99,0.003146426544510456,0.9816867569448876,0.9951944893089507
Poisson,negative binomial,greater,200,3,1.5,Ref.p.val,1000,989,0.989,0.0032983329122452166,0.9804033717779835,0.9944964058076864
Poisson,negative binomial,greater,200,3,1.75,DHA.p.val,1000,1000,1,0,0.9963179161031344,1
Poisson,negative binomial,greater,200,3,1.75,Pear.p.val,1000,1000,1,0,0.9963179161031344,1
Poisson,negative binomial,greater,200,3,1.75,Ref.p.val,1000,1000,1,0,0.9963179161031344,1
Poisson,negative binomial,greater,200,3,2,DHA.p.val,1000,1000,1,0,0.9963179161031344,1
Poisson,negative binomial,greater,200,3,2,Pear.p.val,1000,1000,1,0,0.9963179161031344,1
Poisson,negative binomial,greater,200,3,2,Ref.p.val,1000,1000,1,0,0.9963179161031344,1
Poisson,negative binomial,greater,200,3,2.5,DHA.p.val,1000,1000,1,0,0.9963179161031344,1
Poisson,negative binomial,greater,200,3,2.5,Pear.p.val,1000,1000,1,0,0.9963179161031344,1
Poisson,negative binomial,greater,200,3,2.5,Ref.p.val,1000,1000,1,0,0.9963179161031344,1
Poisson,negative binomial,greater,200,3,3,DHA.p.val,1000,1000,1,0,0.9963179161031344,1
Poisson,negative binomial,greater,200,3,3,Pear.p.val,1000,1000,1,0,0.9963179161031344,1
Poisson,negative binomial,greater,200,3,3,Ref.p.val,1000,1000,1,0,0.9963179161031344,1
Poisson,negative binomial,greater,200,3,4,DHA.p.val,1000,1000,1,0,0.9963179161031344,1
Poisson,negative binomial,greater,200,3,4,Pear.p.val,1000,1000,1,0,0.9963179161031344,1
Poisson,negative binomial,greater,200,3,4,Ref.p.val,1000,1000,1,0,0.9963179161031344,1
Poisson,negative binomial,greater,200,3,5,DHA.p.val,1000,1000,1,0,0.9963179161031344,1
Poisson,negative binomial,greater,200,3,5,Pear.p.val,1000,1000,1,0,0.9963179161031344,1
Poisson,negative binomial,greater,200,3,5,Ref.p.val,1000,1000,1,0,0.9963179161031344,1
Poisson,negative binomial,greater,500,-1.5,1,DHA.p.val,1000,13,0.013,0.003582038525755969,0.006939617502851476,0.022127803636778465
Poisson,negative binomial,greater,500,-1.5,1,Pear.p.val,1000,49,0.049,0.006826346021115542,0.03646705917204781,0.06426605314016964
Poisson,negative binomial,greater,500,-1.5,1,Ref.p.val,1000,41,0.041,0.006270486424512854,0.02958016853403611,0.05521245931529928
Poisson,negative binomial,greater,500,-1.5,1.1,DHA.p.val,1000,205,0.205,0.0127661662216971,0.18037676898868163,0.23137310493391994
Poisson,negative binomial,greater,500,-1.5,1.1,Pear.p.val,1000,453,0.453,0.015741378592740853,0.4218247766291605,0.4844526857305389
Poisson,negative binomial,greater,500,-1.5,1.1,Ref.p.val,1000,408,0.408,0.015541428505771277,0.377348584444601,0.4391946775594001
Poisson,negative binomial,greater,500,-1.5,1.2,DHA.p.val,1000,525,0.525,0.015791611697353755,0.4935140489638566,0.5563383743642378
Poisson,negative binomial,greater,500,-1.5,1.2,Pear.p.val,1000,779,0.779,0.01312093746650749,0.7519815367883571,0.8043646255471616
Poisson,negative binomial,greater,500,-1.5,1.2,Ref.p.val,1000,742,0.742,0.013836039895866157,0.7136943868315392,0.7688729230250864
Poisson,negative binomial,greater,500,-1.5,1.35,DHA.p.val,1000,883,0.883,0.010164201887015036,0.8614425336094167,0.9022709975049334
Poisson,negative binomial,greater,500,-1.5,1.35,Pear.p.val,1000,967,0.967,0.005648982209212561,0.9539660181829769,0.9771776166505404
Poisson,negative binomial,greater,500,-1.5,1.35,Ref.p.val,1000,953,0.953,0.00669260786241059,0.9379873693066948,0.9652649377332041
Poisson,negative binomial,greater,500,-1.5,1.5,DHA.p.val,1000,982,0.982,0.004204283529925166,0.9717009587509808,0.9892980520705853
Poisson,negative binomial,greater,500,-1.5,1.5,Pear.p.val,1000,997,0.997,0.0017294507798720387,0.9912579767615217,0.9993809000683505
Poisson,negative binomial,greater,500,-1.5,1.5,Ref.p.val,1000,996,0.996,0.0019959959919799443,0.9897903353160701,0.9989090920122741
Poisson,negative binomial,greater,500,-1.5,1.75,DHA.p.val,1000,1000,1,0,0.9963179161031344,1
Poisson,negative binomial,greater,500,-1.5,1.75,Pear.p.val,1000,1000,1,0,0.9963179161031344,1
Poisson,negative binomial,greater,500,-1.5,1.75,Ref.p.val,1000,1000,1,0,0.9963179161031344,1
Poisson,negative binomial,greater,500,-1.5,2,DHA.p.val,1000,1000,1,0,0.9963179161031344,1
Poisson,negative binomial,greater,500,-1.5,2,Pear.p.val,1000,1000,1,0,0.9963179161031344,1
Poisson,negative binomial,greater,500,-1.5,2,Ref.p.val,1000,1000,1,0,0.9963179161031344,1
Poisson,negative binomial,greater,500,-1.5,2.5,DHA.p.val,1000,1000,1,0,0.9963179161031344,1
Poisson,negative binomial,greater,500,-1.5,2.5,Pear.p.val,1000,1000,1,0,0.9963179161031344,1
Poisson,negative binomial,greater,500,-1.5,2.5,Ref.p.val,1000,1000,1,0,0.9963179161031344,1
Poisson,negative binomial,greater,500,-1.5,3,DHA.p.val,1000,1000,1,0,0.9963179161031344,1
Poisson,negative binomial,greater,500,-1.5,3,Pear.p.val,1000,1000,1,0,0.9963179161031344,1
Poisson,negative binomial,greater,500,-1.5,3,Ref.p.val,1000,1000,1,0,0.9963179161031344,1
Poisson,negative binomial,greater,500,-1.5,4,DHA.p.val,1000,1000,1,0,0.9963179161031344,1
Poisson,negative binomial,greater,500,-1.5,4,Pear.p.val,1000,1000,1,0,0.9963179161031344,1
Poisson,negative binomial,greater,500,-1.5,4,Ref.p.val,1000,1000,1,0,0.9963179161031344,1
Poisson,negative binomial,greater,500,-1.5,5,DHA.p.val,1000,1000,1,0,0.9963179161031344,1
Poisson,negative binomial,greater,500,-1.5,5,Pear.p.val,1000,1000,1,0,0.9963179161031344,1
Poisson,negative binomial,greater,500,-1.5,5,Ref.p.val,1000,1000,1,0,0.9963179161031344,1
Poisson,negative binomial,greater,500,0,1,DHA.p.val,1000,39,0.039,0.006122009474020765,0.02787714879533642,0.052930935785445055
Poisson,negative binomial,greater,500,0,1,Pear.p.val,1000,59,0.059,0.007451107300260815,0.0452133544027966,0.07544907308424076
Poisson,negative binomial,greater,500,0,1,Ref.p.val,1000,51,0.051,0.00695693898205238,0.038205236774686166,0.06651346159493476
Poisson,negative binomial,greater,500,0,1.1,DHA.p.val,1000,288,0.288,0.014319776534569246,0.2600922071007793,0.3171618867161927
Poisson,negative binomial,greater,500,0,1.1,Pear.p.val,1000,437,0.437,0.01568537535413163,0.4059815065249006,0.4683904385112274
Poisson,negative binomial,greater,500,0,1.1,Ref.p.val,1000,411,0.411,0.015558888135082145,0.38030558695412015,0.44221994766286565
Poisson,negative binomial,greater,500,0,1.2,DHA.p.val,1000,731,0.731,0.014022802858202064,0.7023620968228451,0.7582707605480967
Poisson,negative binomial,greater,500,0,1.2,Pear.p.val,1000,868,0.868,0.010704017937204702,0.8454345533915462,0.8883719870272047
Poisson,negative binomial,greater,500,0,1.2,Ref.p.val,1000,848,0.848,0.011353237423748348,0.8242275312668873,0.869701749675018
Poisson,negative binomial,greater,500,0,1.35,DHA.p.val,1000,982,0.982,0.004204283529925166,0.9717009587509808,0.9892980520705853
Poisson,negative binomial,greater,500,0,1.35,Pear.p.val,1000,998,0.998,0.0014127986409959495,0.9927941610885425,0.9997576988831227
Poisson,negative binomial,greater,500,0,1.35,Ref.p.val,1000,998,0.998,0.0014127986409959495,0.9927941610885425,0.9997576988831227
Poisson,negative binomial,greater,500,0,1.5,DHA.p.val,1000,1000,1,0,0.9963179161031344,1
Poisson,negative binomial,greater,500,0,1.5,Pear.p.val,1000,1000,1,0,0.9963179161031344,1
Poisson,negative binomial,greater,500,0,1.5,Ref.p.val,1000,1000,1,0,0.9963179161031344,1
Poisson,negative binomial,greater,500,0,1.75,DHA.p.val,1000,1000,1,0,0.9963179161031344,1
Poisson,negative binomial,greater,500,0,1.75,Pear.p.val,1000,1000,1,0,0.9963179161031344,1
Poisson,negative binomial,greater,500,0,1.75,Ref.p.val,1000,1000,1,0,0.9963179161031344,1
Poisson,negative binomial,greater,500,0,2,DHA.p.val,1000,1000,1,0,0.9963179161031344,1
Poisson,negative binomial,greater,500,0,2,Pear.p.val,1000,1000,1,0,0.9963179161031344,1
Poisson,negative binomial,greater,500,0,2,Ref.p.val,1000,1000,1,0,0.9963179161031344,1
Poisson,negative binomial,greater,500,0,2.5,DHA.p.val,1000,1000,1,0,0.9963179161031344,1
Poisson,negative binomial,greater,500,0,2.5,Pear.p.val,1000,1000,1,0,0.9963179161031344,1
Poisson,negative binomial,greater,500,0,2.5,Ref.p.val,1000,1000,1,0,0.9963179161031344,1
Poisson,negative binomial,greater,500,0,3,DHA.p.val,1000,1000,1,0,0.9963179161031344,1
Poisson,negative binomial,greater,500,0,3,Pear.p.val,1000,1000,1,0,0.9963179161031344,1
Poisson,negative binomial,greater,500,0,3,Ref.p.val,1000,1000,1,0,0.9963179161031344,1
Poisson,negative binomial,greater,500,0,4,DHA.p.val,1000,1000,1,0,0.9963179161031344,1
Poisson,negative binomial,greater,500,0,4,Pear.p.val,1000,1000,1,0,0.9963179161031344,1
Poisson,negative binomial,greater,500,0,4,Ref.p.val,1000,1000,1,0,0.9963179161031344,1
Poisson,negative binomial,greater,500,0,5,DHA.p.val,1000,1000,1,0,0.9963179161031344,1
Poisson,negative binomial,greater,500,0,5,Pear.p.val,1000,1000,1,0,0.9963179161031344,1
Poisson,negative binomial,greater,500,0,5,Ref.p.val,1000,1000,1,0,0.9963179161031344,1
Poisson,negative binomial,greater,500,1.5,1,DHA.p.val,1000,43,0.043,0.006414904519944158,0.0312911704560926,0.057486257961972376
Poisson,negative binomial,greater,500,1.5,1,Pear.p.val,1000,43,0.043,0.006414904519944158,0.0312911704560926,0.057486257961972376
Poisson,negative binomial,greater,500,1.5,1,Ref.p.val,1000,50,0.05,0.006892024376045111,0.03733539760466177,0.06539048791549362
Poisson,negative binomial,greater,500,1.5,1.1,DHA.p.val,1000,377,0.377,0.01532550162311172,0.3468623546595492,0.40786417678951004
Poisson,negative binomial,greater,500,1.5,1.1,Pear.p.val,1000,499,0.499,0.015811356678033673,0.4675521862537382,0.5304537166614578
Poisson,negative binomial,greater,500,1.5,1.1,Ref.p.val,1000,506,0.506,0.015810249839898167,0.4745336899550641,0.5374308925028031
Poisson,negative binomial,greater,500,1.5,1.2,DHA.p.val,1000,797,0.797,0.012719709116170855,0.7707116767418589,0.8215264236759839
Poisson,negative binomial,greater,500,1.5,1.2,Pear.p.val,1000,885,0.885,0.010088359628799917,0.8635844321371672,0.9041166200267362
Poisson,negative binomial,greater,500,1.5,1.2,Ref.p.val,1000,890,0.89,0.009894442884771228,0.8689475363625123,0.9087222255405338
Poisson,negative binomial,greater,500,1.5,1.35,DHA.p.val,1000,993,0.993,0.002636474919281427,0.9856308050210814,0.9971811412403795
Poisson,negative binomial,greater,500,1.5,1.35,Pear.p.val,1000,996,0.996,0.0019959959919799443,0.9897903353160701,0.9989090920122741
Poisson,negative binomial,greater,500,1.5,1.35,Ref.p.val,1000,996,0.996,0.0019959959919799443,0.9897903353160701,0.9989090920122741
Poisson,negative binomial,greater,500,1.5,1.5,DHA.p.val,1000,1000,1,0,0.9963179161031344,1
Poisson,negative binomial,greater,500,1.5,1.5,Pear.p.val,1000,1000,1,0,0.9963179161031344,1
Poisson,negative binomial,greater,500,1.5,1.5,Ref.p.val,1000,1000,1,0,0.9963179161031344,1
Poisson,negative binomial,greater,500,1.5,1.75,DHA.p.val,1000,1000,1,0,0.9963179161031344,1
Poisson,negative binomial,greater,500,1.5,1.75,Pear.p.val,1000,1000,1,0,0.9963179161031344,1
Poisson,negative binomial,greater,500,1.5,1.75,Ref.p.val,1000,1000,1,0,0.9963179161031344,1
Poisson,negative binomial,greater,500,1.5,2,DHA.p.val,1000,1000,1,0,0.9963179161031344,1
Poisson,negative binomial,greater,500,1.5,2,Pear.p.val,1000,1000,1,0,0.9963179161031344,1
Poisson,negative binomial,greater,500,1.5,2,Ref.p.val,1000,1000,1,0,0.9963179161031344,1
Poisson,negative binomial,greater,500,1.5,2.5,DHA.p.val,1000,1000,1,0,0.9963179161031344,1
Poisson,negative binomial,greater,500,1.5,2.5,Pear.p.val,1000,1000,1,0,0.9963179161031344,1
Poisson,negative binomial,greater,500,1.5,2.5,Ref.p.val,1000,1000,1,0,0.9963179161031344,1
Poisson,negative binomial,greater,500,1.5,3,DHA.p.val,1000,1000,1,0,0.9963179161031344,1
Poisson,negative binomial,greater,500,1.5,3,Pear.p.val,1000,1000,1,0,0.9963179161031344,1
Poisson,negative binomial,greater,500,1.5,3,Ref.p.val,1000,1000,1,0,0.9963179161031344,1
Poisson,negative binomial,greater,500,1.5,4,DHA.p.val,1000,1000,1,0,0.9963179161031344,1
Poisson,negative binomial,greater,500,1.5,4,Pear.p.val,1000,1000,1,0,0.9963179161031344,1
Poisson,negative binomial,greater,500,1.5,4,Ref.p.val,1000,1000,1,0,0.9963179161031344,1
Poisson,negative binomial,greater,500,1.5,5,DHA.p.val,1000,1000,1,0,0.9963179161031344,1
Poisson,negative binomial,greater,500,1.5,5,Pear.p.val,1000,1000,1,0,0.9963179161031344,1
Poisson,negative binomial,greater,500,1.5,5,Ref.p.val,1000,1000,1,0,0.9963179161031344,1
Poisson,negative binomial,greater,500,3,1,DHA.p.val,1000,42,0.042,0.0063431853196954605,0.030434706263140012,0.05635029157574478
Poisson,negative binomial,greater,500,3,1,Pear.p.val,1000,41,0.041,0.006270486424512854,0.02958016853403611,0.05521245931529928
Poisson,negative binomial,greater,500,3,1,Ref.p.val,1000,44,0.044,0.006485676526007136,0.03214949701087143,0.058620419206330876
Poisson,negative binomial,greater,500,3,1.1,DHA.p.val,1000,376,0.376,0.015317441039547044,0.3458810703459141,0.4068513760241379
Poisson,negative binomial,greater,500,3,1.1,Pear.p.val,1000,455,0.455,0.015747221977225064,0.42380744807907755,0.486458205337171
Poisson,negative binomial,greater,500,3,1.1,Ref.p.val,1000,457,0.457,0.015752809273269323,0.4257906203218765,0.48846322441830337
Poisson,negative binomial,greater,500,3,1.2,DHA.p.val,1000,804,0.804,0.01255324659201754,0.7780159357151282,0.8281800339664227
Poisson,negative binomial,greater,500,3,1.2,Pear.p.val,1000,896,0.896,0.009653186002558947,0.8753998434301015,0.9142321773743625
Poisson,negative binomial,greater,500,3,1.2,Ref.p.val,1000,893,0.893,0.009775019181566856,0.872171355882932,0.9114795633574837
Poisson,negative binomial,greater,500,3,1.35,DHA.p.val,1000,990,0.99,0.003146426544510456,0.9816867569448876,0.9951944893089507
Poisson,negative binomial,greater,500,3,1.35,Pear.p.val,1000,994,0.994,0.002442130217658347,0.9869865767290255,0.9977950175148487
Poisson,negative binomial,greater,500,3,1.35,Ref.p.val,1000,994,0.994,0.002442130217658347,0.9869865767290255,0.9977950175148487
Poisson,negative binomial,greater,500,3,1.5,DHA.p.val,1000,1000,1,0,0.9963179161031344,1
Poisson,negative binomial,greater,500,3,1.5,Pear.p.val,1000,1000,1,0,0.9963179161031344,1
Poisson,negative binomial,greater,500,3,1.5,Ref.p.val,1000,1000,1,0,0.9963179161031344,1
Poisson,negative binomial,greater,500,3,1.75,DHA.p.val,1000,1000,1,0,0.9963179161031344,1
Poisson,negative binomial,greater,500,3,1.75,Pear.p.val,1000,1000,1,0,0.9963179161031344,1
Poisson,negative binomial,greater,500,3,1.75,Ref.p.val,1000,1000,1,0,0.9963179161031344,1
Poisson,negative binomial,greater,500,3,2,DHA.p.val,1000,1000,1,0,0.9963179161031344,1
Poisson,negative binomial,greater,500,3,2,Pear.p.val,1000,1000,1,0,0.9963179161031344,1
Poisson,negative binomial,greater,500,3,2,Ref.p.val,1000,1000,1,0,0.9963179161031344,1
Poisson,negative binomial,greater,500,3,2.5,DHA.p.val,1000,1000,1,0,0.9963179161031344,1
Poisson,negative binomial,greater,500,3,2.5,Pear.p.val,1000,1000,1,0,0.9963179161031344,1
Poisson,negative binomial,greater,500,3,2.5,Ref.p.val,1000,1000,1,0,0.9963179161031344,1
Poisson,negative binomial,greater,500,3,3,DHA.p.val,1000,1000,1,0,0.9963179161031344,1
Poisson,negative binomial,greater,500,3,3,Pear.p.val,1000,1000,1,0,0.9963179161031344,1
Poisson,negative binomial,greater,500,3,3,Ref.p.val,1000,1000,1,0,0.9963179161031344,1
Poisson,negative binomial,greater,500,3,4,DHA.p.val,1000,1000,1,0,0.9963179161031344,1
Poisson,negative binomial,greater,500,3,4,Pear.p.val,1000,1000,1,0,0.9963179161031344,1
Poisson,negative binomial,greater,500,3,4,Ref.p.val,1000,1000,1,0,0.9963179161031344,1
Poisson,negative binomial,greater,500,3,5,DHA.p.val,1000,1000,1,0,0.9963179161031344,1
Poisson,negative binomial,greater,500,3,5,Pear.p.val,1000,1000,1,0,0.9963179161031344,1
Poisson,negative binomial,greater,500,3,5,Ref.p.val,1000,1000,1,0,0.9963179161031344,1
Poisson,negative binomial,greater,1000,-1.5,1,DHA.p.val,1000,7,0.007,0.0026364749192814255,0.0028188587596205223,0.014369194978918642
Poisson,negative binomial,greater,1000,-1.5,1,Pear.p.val,1000,47,0.047,0.006692607862410586,0.03473506226679596,0.062012630693305204
Poisson,negative binomial,greater,1000,-1.5,1,Ref.p.val,1000,51,0.051,0.00695693898205238,0.038205236774686166,0.06651346159493476
Poisson,negative binomial,greater,1000,-1.5,1.1,DHA.p.val,1000,296,0.296,0.01443551176785915,0.26784219751988914,0.32536435340493397
Poisson,negative binomial,greater,1000,-1.5,1.1,Pear.p.val,1000,630,0.63,0.015267612779999367,0.5992282896178014,0.6600037699688277
Poisson,negative binomial,greater,1000,-1.5,1.1,Ref.p.val,1000,610,0.61,0.01542400726140908,0.5789816842711826,0.6403686600273827
Poisson,negative binomial,greater,1000,-1.5,1.2,DHA.p.val,1000,781,0.781,0.013078187947877183,0.7540590951943787,0.8062750780167759
Poisson,negative binomial,greater,1000,-1.5,1.2,Pear.p.val,1000,956,0.956,0.006485676526007139,0.9413795807936691,0.9678505029891286
Poisson,negative binomial,greater,1000,-1.5,1.2,Ref.p.val,1000,949,0.949,0.006956938982052382,0.9334865384050652,0.9617947632253139
Poisson,negative binomial,greater,1000,-1.5,1.35,DHA.p.val,1000,992,0.992,0.0028170906978654425,0.9842979508239253,0.9965400238346707
Poisson,negative binomial,greater,1000,-1.5,1.35,Pear.p.val,1000,1000,1,0,0.9963179161031344,1
Poisson,negative binomial,greater,1000,-1.5,1.35,Ref.p.val,1000,1000,1,0,0.9963179161031344,1
Poisson,negative binomial,greater,1000,-1.5,1.5,DHA.p.val,1000,1000,1,0,0.9963179161031344,1
Poisson,negative binomial,greater,1000,-1.5,1.5,Pear.p.val,1000,1000,1,0,0.9963179161031344,1
Poisson,negative binomial,greater,1000,-1.5,1.5,Ref.p.val,1000,1000,1,0,0.9963179161031344,1
Poisson,negative binomial,greater,1000,-1.5,1.75,DHA.p.val,1000,1000,1,0,0.9963179161031344,1
Poisson,negative binomial,greater,1000,-1.5,1.75,Pear.p.val,1000,1000,1,0,0.9963179161031344,1
Poisson,negative binomial,greater,1000,-1.5,1.75,Ref.p.val,1000,1000,1,0,0.9963179161031344,1
Poisson,negative binomial,greater,1000,-1.5,2,DHA.p.val,1000,1000,1,0,0.9963179161031344,1
Poisson,negative binomial,greater,1000,-1.5,2,Pear.p.val,1000,1000,1,0,0.9963179161031344,1
Poisson,negative binomial,greater,1000,-1.5,2,Ref.p.val,1000,1000,1,0,0.9963179161031344,1
Poisson,negative binomial,greater,1000,-1.5,2.5,DHA.p.val,1000,1000,1,0,0.9963179161031344,1
Poisson,negative binomial,greater,1000,-1.5,2.5,Pear.p.val,1000,1000,1,0,0.9963179161031344,1
Poisson,negative binomial,greater,1000,-1.5,2.5,Ref.p.val,1000,1000,1,0,0.9963179161031344,1
Poisson,negative binomial,greater,1000,-1.5,3,DHA.p.val,1000,1000,1,0,0.9963179161031344,1
Poisson,negative binomial,greater,1000,-1.5,3,Pear.p.val,1000,1000,1,0,0.9963179161031344,1
Poisson,negative binomial,greater,1000,-1.5,3,Ref.p.val,1000,1000,1,0,0.9963179161031344,1
Poisson,negative binomial,greater,1000,-1.5,4,DHA.p.val,1000,1000,1,0,0.9963179161031344,1
Poisson,negative binomial,greater,1000,-1.5,4,Pear.p.val,1000,1000,1,0,0.9963179161031344,1
Poisson,negative binomial,greater,1000,-1.5,4,Ref.p.val,1000,1000,1,0,0.9963179161031344,1
Poisson,negative binomial,greater,1000,-1.5,5,DHA.p.val,1000,1000,1,0,0.9963179161031344,1
Poisson,negative binomial,greater,1000,-1.5,5,Pear.p.val,1000,1000,1,0,0.9963179161031344,1
Poisson,negative binomial,greater,1000,-1.5,5,Ref.p.val,1000,1000,1,0,0.9963179161031344,1
Poisson,negative binomial,greater,1000,0,1,DHA.p.val,1000,24,0.024,0.004839834707921336,0.015436383233508485,0.03550063853135921
Poisson,negative binomial,greater,1000,0,1,Pear.p.val,1000,56,0.056,0.007270763371201128,0.04257554968661718,0.07210774628325278
Poisson,negative binomial,greater,1000,0,1,Ref.p.val,1000,57,0.057,0.007331507348424334,0.0434535819369586,0.07322272946066222
Poisson,negative binomial,greater,1000,0,1.1,DHA.p.val,1000,494,0.494,0.015810249839898167,0.46256910749719693,0.5254663100449359
Poisson,negative binomial,greater,1000,0,1.1,Pear.p.val,1000,683,0.683,0.014714312760030622,0.6531529694410998,0.7117651432741482
Poisson,negative binomial,greater,1000,0,1.1,Ref.p.val,1000,657,0.657,0.015011695440555674,0.6266486772044311,0.6864235511359629
Poisson,negative binomial,greater,1000,0,1.2,DHA.p.val,1000,929,0.929,0.008121514637061239,0.9112835591132127,0.9441353517501025
Poisson,negative binomial,greater,1000,0,1.2,Pear.p.val,1000,987,0.987,0.0035820385257559714,0.9778721963632215,0.9930603824971486
Poisson,negative binomial,greater,1000,0,1.2,Ref.p.val,1000,987,0.987,0.0035820385257559714,0.9778721963632215,0.9930603824971486
Poisson,negative binomial,greater,1000,0,1.35,DHA.p.val,1000,999,0.999,9.994998749374613e-4,0.9944410757201734,0.9999746825125088
Poisson,negative binomial,greater,1000,0,1.35,Pear.p.val,1000,1000,1,0,0.9963179161031344,1
Poisson,negative binomial,greater,1000,0,1.35,Ref.p.val,1000,1000,1,0,0.9963179161031344,1
Poisson,negative binomial,greater,1000,0,1.5,DHA.p.val,1000,1000,1,0,0.9963179161031344,1
Poisson,negative binomial,greater,1000,0,1.5,Pear.p.val,1000,1000,1,0,0.9963179161031344,1
Poisson,negative binomial,greater,1000,0,1.5,Ref.p.val,1000,1000,1,0,0.9963179161031344,1
Poisson,negative binomial,greater,1000,0,1.75,DHA.p.val,1000,1000,1,0,0.9963179161031344,1
Poisson,negative binomial,greater,1000,0,1.75,Pear.p.val,1000,1000,1,0,0.9963179161031344,1
Poisson,negative binomial,greater,1000,0,1.75,Ref.p.val,1000,1000,1,0,0.9963179161031344,1
Poisson,negative binomial,greater,1000,0,2,DHA.p.val,1000,1000,1,0,0.9963179161031344,1
Poisson,negative binomial,greater,1000,0,2,Pear.p.val,1000,1000,1,0,0.9963179161031344,1
Poisson,negative binomial,greater,1000,0,2,Ref.p.val,1000,1000,1,0,0.9963179161031344,1
Poisson,negative binomial,greater,1000,0,2.5,DHA.p.val,1000,1000,1,0,0.9963179161031344,1
Poisson,negative binomial,greater,1000,0,2.5,Pear.p.val,1000,1000,1,0,0.9963179161031344,1
Poisson,negative binomial,greater,1000,0,2.5,Ref.p.val,1000,1000,1,0,0.9963179161031344,1
Poisson,negative binomial,greater,1000,0,3,DHA.p.val,1000,1000,1,0,0.9963179161031344,1
Poisson,negative binomial,greater,1000,0,3,Pear.p.val,1000,1000,1,0,0.9963179161031344,1
Poisson,negative binomial,greater,1000,0,3,Ref.p.val,1000,1000,1,0,0.9963179161031344,1
Poisson,negative binomial,greater,1000,0,4,DHA.p.val,1000,1000,1,0,0.9963179161031344,1
Poisson,negative binomial,greater,1000,0,4,Pear.p.val,1000,1000,1,0,0.9963179161031344,1
Poisson,negative binomial,greater,1000,0,4,Ref.p.val,1000,1000,1,0,0.9963179161031344,1
Poisson,negative binomial,greater,1000,0,5,DHA.p.val,1000,1000,1,0,0.9963179161031344,1
Poisson,negative binomial,greater,1000,0,5,Pear.p.val,1000,1000,1,0,0.9963179161031344,1
Poisson,negative binomial,greater,1000,0,5,Ref.p.val,1000,1000,1,0,0.9963179161031344,1
Poisson,negative binomial,greater,1000,1.5,1,DHA.p.val,1000,41,0.041,0.006270486424512854,0.02958016853403611,0.05521245931529928
Poisson,negative binomial,greater,1000,1.5,1,Pear.p.val,1000,50,0.05,0.006892024376045111,0.03733539760466177,0.06539048791549362
Poisson,negative binomial,greater,1000,1.5,1,Ref.p.val,1000,42,0.042,0.0063431853196954605,0.030434706263140012,0.05635029157574478
Poisson,negative binomial,greater,1000,1.5,1.1,DHA.p.val,1000,543,0.543,0.015752809273269323,0.5115367755816966,0.5742093796781236
Poisson,negative binomial,greater,1000,1.5,1.1,Pear.p.val,1000,706,0.706,0.014407081592050489,0.6766852804811291,0.7340962857634874
Poisson,negative binomial,greater,1000,1.5,1.1,Ref.p.val,1000,681,0.681,0.01473902981881779,0.6511105827007778,0.7098193934227265
Poisson,negative binomial,greater,1000,1.5,1.2,DHA.p.val,1000,953,0.953,0.00669260786241059,0.9379873693066948,0.9652649377332041
Poisson,negative binomial,greater,1000,1.5,1.2,Pear.p.val,1000,991,0.991,0.0029864694875387575,0.9829842169301054,0.9958766043396575
Poisson,negative binomial,greater,1000,1.5,1.2,Ref.p.val,1000,988,0.988,0.003443254274665176,0.9791323204089636,0.9937844744404047
Poisson,negative binomial,greater,1000,1.5,1.35,DHA.p.val,1000,1000,1,0,0.9963179161031344,1
Poisson,negative binomial,greater,1000,1.5,1.35,Pear.p.val,1000,1000,1,0,0.9963179161031344,1
Poisson,negative binomial,greater,1000,1.5,1.35,Ref.p.val,1000,1000,1,0,0.9963179161031344,1
Poisson,negative binomial,greater,1000,1.5,1.5,DHA.p.val,1000,1000,1,0,0.9963179161031344,1
Poisson,negative binomial,greater,1000,1.5,1.5,Pear.p.val,1000,1000,1,0,0.9963179161031344,1
Poisson,negative binomial,greater,1000,1.5,1.5,Ref.p.val,1000,1000,1,0,0.9963179161031344,1
Poisson,negative binomial,greater,1000,1.5,1.75,DHA.p.val,1000,1000,1,0,0.9963179161031344,1
Poisson,negative binomial,greater,1000,1.5,1.75,Pear.p.val,1000,1000,1,0,0.9963179161031344,1
Poisson,negative binomial,greater,1000,1.5,1.75,Ref.p.val,1000,1000,1,0,0.9963179161031344,1
Poisson,negative binomial,greater,1000,1.5,2,DHA.p.val,1000,1000,1,0,0.9963179161031344,1
Poisson,negative binomial,greater,1000,1.5,2,Pear.p.val,1000,1000,1,0,0.9963179161031344,1
Poisson,negative binomial,greater,1000,1.5,2,Ref.p.val,1000,1000,1,0,0.9963179161031344,1
Poisson,negative binomial,greater,1000,1.5,2.5,DHA.p.val,1000,1000,1,0,0.9963179161031344,1
Poisson,negative binomial,greater,1000,1.5,2.5,Pear.p.val,1000,1000,1,0,0.9963179161031344,1
Poisson,negative binomial,greater,1000,1.5,2.5,Ref.p.val,1000,1000,1,0,0.9963179161031344,1
Poisson,negative binomial,greater,1000,1.5,3,DHA.p.val,1000,1000,1,0,0.9963179161031344,1
Poisson,negative binomial,greater,1000,1.5,3,Pear.p.val,1000,1000,1,0,0.9963179161031344,1
Poisson,negative binomial,greater,1000,1.5,3,Ref.p.val,1000,1000,1,0,0.9963179161031344,1
Poisson,negative binomial,greater,1000,1.5,4,DHA.p.val,1000,1000,1,0,0.9963179161031344,1
Poisson,negative binomial,greater,1000,1.5,4,Pear.p.val,1000,1000,1,0,0.9963179161031344,1
Poisson,negative binomial,greater,1000,1.5,4,Ref.p.val,1000,1000,1,0,0.9963179161031344,1
Poisson,negative binomial,greater,1000,1.5,5,DHA.p.val,1000,1000,1,0,0.9963179161031344,1
Poisson,negative binomial,greater,1000,1.5,5,Pear.p.val,1000,1000,1,0,0.9963179161031344,1
Poisson,negative binomial,greater,1000,1.5,5,Ref.p.val,1000,1000,1,0,0.9963179161031344,1
Poisson,negative binomial,greater,1000,3,1,DHA.p.val,1000,51,0.051,0.00695693898205238,0.038205236774686166,0.06651346159493476
Poisson,negative binomial,greater,1000,3,1,Pear.p.val,1000,56,0.056,0.007270763371201128,0.04257554968661718,0.07210774628325278
Poisson,negative binomial,greater,1000,3,1,Ref.p.val,1000,58,0.058,0.007391616873188166,0.044332860252820704,0.07433649538235165
Poisson,negative binomial,greater,1000,3,1.1,DHA.p.val,1000,602,0.602,0.015478888849009803,0.5708980373110477,0.63249959962615
Poisson,negative binomial,greater,1000,3,1.1,Pear.p.val,1000,711,0.711,0.0143345387090063,0.6818122287728849,0.738939621986751
Poisson,negative binomial,greater,1000,3,1.1,Ref.p.val,1000,705,0.705,0.01442133835675455,0.675660382207399,0.7331271256880654
Poisson,negative binomial,greater,1000,3,1.2,DHA.p.val,1000,961,0.961,0.006122009474020767,0.947069064214555,0.9721228512046636
Poisson,negative binomial,greater,1000,3,1.2,Pear.p.val,1000,987,0.987,0.0035820385257559714,0.9778721963632215,0.9930603824971486
Poisson,negative binomial,greater,1000,3,1.2,Ref.p.val,1000,987,0.987,0.0035820385257559714,0.9778721963632215,0.9930603824971486
Poisson,negative binomial,greater,1000,3,1.35,DHA.p.val,1000,1000,1,0,0.9963179161031344,1
Poisson,negative binomial,greater,1000,3,1.35,Pear.p.val,1000,1000,1,0,0.9963179161031344,1
Poisson,negative binomial,greater,1000,3,1.35,Ref.p.val,1000,1000,1,0,0.9963179161031344,1
Poisson,negative binomial,greater,1000,3,1.5,DHA.p.val,1000,1000,1,0,0.9963179161031344,1
Poisson,negative binomial,greater,1000,3,1.5,Pear.p.val,1000,1000,1,0,0.9963179161031344,1
Poisson,negative binomial,greater,1000,3,1.5,Ref.p.val,1000,1000,1,0,0.9963179161031344,1
Poisson,negative binomial,greater,1000,3,1.75,DHA.p.val,1000,1000,1,0,0.9963179161031344,1
Poisson,negative binomial,greater,1000,3,1.75,Pear.p.val,1000,1000,1,0,0.9963179161031344,1
Poisson,negative binomial,greater,1000,3,1.75,Ref.p.val,1000,1000,1,0,0.9963179161031344,1
Poisson,negative binomial,greater,1000,3,2,DHA.p.val,1000,1000,1,0,0.9963179161031344,1
Poisson,negative binomial,greater,1000,3,2,Pear.p.val,1000,1000,1,0,0.9963179161031344,1
Poisson,negative binomial,greater,1000,3,2,Ref.p.val,1000,1000,1,0,0.9963179161031344,1
Poisson,negative binomial,greater,1000,3,2.5,DHA.p.val,1000,1000,1,0,0.9963179161031344,1
Poisson,negative binomial,greater,1000,3,2.5,Pear.p.val,1000,1000,1,0,0.9963179161031344,1
Poisson,negative binomial,greater,1000,3,2.5,Ref.p.val,1000,1000,1,0,0.9963179161031344,1
Poisson,negative binomial,greater,1000,3,3,DHA.p.val,1000,1000,1,0,0.9963179161031344,1
Poisson,negative binomial,greater,1000,3,3,Pear.p.val,1000,1000,1,0,0.9963179161031344,1
Poisson,negative binomial,greater,1000,3,3,Ref.p.val,1000,1000,1,0,0.9963179161031344,1
Poisson,negative binomial,greater,1000,3,4,DHA.p.val,1000,1000,1,0,0.9963179161031344,1
Poisson,negative binomial,greater,1000,3,4,Pear.p.val,1000,1000,1,0,0.9963179161031344,1
Poisson,negative binomial,greater,1000,3,4,Ref.p.val,1000,1000,1,0,0.9963179161031344,1
Poisson,negative binomial,greater,1000,3,5,DHA.p.val,1000,1000,1,0,0.9963179161031344,1
Poisson,negative binomial,greater,1000,3,5,Pear.p.val,1000,1000,1,0,0.9963179161031344,1
Poisson,negative binomial,greater,1000,3,5,Ref.p.val,1000,1000,1,0,0.9963179161031344,1
Binomial,beta-binomial,greater,10,-1.5,1,DHA.p.val,1000,12,0.012,0.003443254274665175,0.006215525559595242,0.020867679591036414
Binomial,beta-binomial,greater,10,-1.5,1,Pear.p.val,1000,40,0.04,0.0061967733539318665,0.028727625285890793,0.05407269681936844
Binomial,beta-binomial,greater,10,-1.5,1,Ref.p.val,1000,45,0.045,0.0065555320150236475,0.03300962543114875,0.05975283269340781
Binomial,beta-binomial,greater,10,-1.5,1.1,DHA.p.val,1000,19,0.019,0.004317290817167636,0.011477036993100943,0.02951240162509783
Binomial,beta-binomial,greater,10,-1.5,1.1,Pear.p.val,1000,67,0.067,0.007906389820898032,0.052297836400045185,0.08431003710244145
Binomial,beta-binomial,greater,10,-1.5,1.1,Ref.p.val,1000,69,0.069,0.008014923580421713,0.05407933579325629,0.0865151093457116
Binomial,beta-binomial,greater,10,-1.5,1.2,DHA.p.val,1000,32,0.032,0.005565608681896348,0.02198884960564242,0.04487590283500931
Binomial,beta-binomial,greater,10,-1.5,1.2,Pear.p.val,1000,104,0.104,0.009653186002558949,0.08576782262563758,0.12460015656989853
Binomial,beta-binomial,greater,10,-1.5,1.2,Ref.p.val,1000,108,0.108,0.009815090422405696,0.08943903298240025,0.1289037608799979
Binomial,beta-binomial,greater,10,-1.5,1.35,DHA.p.val,1000,59,0.059,0.007451107300260815,0.0452133544027966,0.07544907308424076
Binomial,beta-binomial,greater,10,-1.5,1.35,Pear.p.val,1000,166,0.166,0.011766222843376714,0.1434486615841372,0.19053678854188016
Binomial,beta-binomial,greater,10,-1.5,1.35,Ref.p.val,1000,164,0.164,0.011709141727727102,0.14156627645436196,0.18843132752609837
Binomial,beta-binomial,greater,10,-1.5,1.5,DHA.p.val,1000,88,0.088,0.008958571314668427,0.07117513428528653,0.10729476503500857
Binomial,beta-binomial,greater,10,-1.5,1.5,Pear.p.val,1000,206,0.206,0.0127892142057282,0.18132871891030236,0.2324151440514931
Binomial,beta-binomial,greater,10,-1.5,1.5,Ref.p.val,1000,225,0.225,0.013205112646244258,0.19945887145112978,0.25217100016494376
Binomial,beta-binomial,greater,10,-1.5,1.75,DHA.p.val,1000,159,0.159,0.011563693181678594,0.13686569233853219,0.18316233481747668
Binomial,beta-binomial,greater,10,-1.5,1.75,Pear.p.val,1000,345,0.345,0.015032464867745409,0.31552992327567253,0.3753860023048645
Binomial,beta-binomial,greater,10,-1.5,1.75,Ref.p.val,1000,347,0.347,0.01505293991218991,0.31748397368294573,0.3774201069782862
Binomial,beta-binomial,greater,10,-1.5,2,DHA.p.val,1000,242,0.242,0.013543854695026818,0.21574593786816482,0.2697822445473692
Binomial,beta-binomial,greater,10,-1.5,2,Pear.p.val,1000,436,0.436,0.015681326474504636,0.4049923751805499,0.46738547576542167
Binomial,beta-binomial,greater,10,-1.5,2,Ref.p.val,1000,446,0.446,0.01571890581433708,0.414889378659334,0.47742941728770893
Binomial,beta-binomial,greater,10,-1.5,2.5,DHA.p.val,1000,393,0.393,0.015445096309184997,0.362581243010654,0.42405067664891793
Binomial,beta-binomial,greater,10,-1.5,2.5,Pear.p.val,1000,615,0.615,0.015387494922826133,0.5840382835964082,0.645282496982268
Binomial,beta-binomial,greater,10,-1.5,2.5,Ref.p.val,1000,624,0.624,0.015317441039547044,0.5931486239758621,0.6541189296540859
Binomial,beta-binomial,greater,10,-1.5,3,DHA.p.val,1000,530,0.53,0.015782902141241326,0.4985163179239787,0.5613065880589609
Binomial,beta-binomial,greater,10,-1.5,3,Pear.p.val,1000,735,0.735,0.013956181426163821,0.706480408795717,0.7621286221063013
Binomial,beta-binomial,greater,10,-1.5,3,Ref.p.val,1000,743,0.743,0.013818502089589886,0.7147256859770756,0.7698356610536244
Binomial,beta-binomial,greater,10,-1.5,4,DHA.p.val,1000,699,0.699,0.014505137021069467,0.6695143919445509,0.7273087561206681
Binomial,beta-binomial,greater,10,-1.5,4,Pear.p.val,1000,845,0.845,0.011444430960078356,0.8210585051133449,0.8668890872440326
Binomial,beta-binomial,greater,10,-1.5,4,Ref.p.val,1000,855,0.855,0.011134406135937382,0.8316336779080687,0.876252782728245
Binomial,beta-binomial,greater,10,-1.5,5,DHA.p.val,999,789,0.7897897897897898,0.01289139502921964,0.7631862208001733,0.8146730506473766
Binomial,beta-binomial,greater,10,-1.5,5,Pear.p.val,1000,889,0.889,0.00993373041711924,0.8678739382413079,0.9078020927958089
Binomial,beta-binomial,greater,10,-1.5,5,Ref.p.val,1000,901,0.901,0.009444522221901962,0.8807915173137935,0.9188088710530313
Binomial,beta-binomial,greater,10,0,1,DHA.p.val,1000,11,0.011,0.003298332912245215,0.0055035941923135875,0.019596628222016466
Binomial,beta-binomial,greater,10,0,1,Pear.p.val,1000,42,0.042,0.0063431853196954605,0.030434706263140012,0.05635029157574478
Binomial,beta-binomial,greater,10,0,1,Ref.p.val,1000,43,0.043,0.006414904519944158,0.0312911704560926,0.057486257961972376
Binomial,beta-binomial,greater,10,0,1.1,DHA.p.val,1000,23,0.023,0.004740358636221525,0.014634582325176759,0.03431233761285435
Binomial,beta-binomial,greater,10,0,1.1,Pear.p.val,1000,68,0.068,0.007960904471226871,0.05318809976040198,0.08541305019143097
Binomial,beta-binomial,greater,10,0,1.1,Ref.p.val,1000,65,0.065,0.007795832219846705,0.05052030968961793,0.082101069921371
Binomial,beta-binomial,greater,10,0,1.2,DHA.p.val,1000,44,0.044,0.006485676526007136,0.03214949701087143,0.058620419206330876
Binomial,beta-binomial,greater,10,0,1.2,Pear.p.val,1000,111,0.111,0.00993373041711924,0.09219790720419103,0.13212606175869213
Binomial,beta-binomial,greater,10,0,1.2,Ref.p.val,1000,108,0.108,0.009815090422405696,0.08943903298240025,0.1289037608799979
Binomial,beta-binomial,greater,10,0,1.35,DHA.p.val,1000,79,0.079,0.008529888627643388,0.06304120280945995,0.09748709490690122
Binomial,beta-binomial,greater,10,0,1.35,Pear.p.val,1000,180,0.18,0.012149074038789953,0.156658101671014,0.2052424940277866
Binomial,beta-binomial,greater,10,0,1.35,Ref.p.val,1000,169,0.169,0.011850696182081457,0.14627448869361837,0.19369274635644362
Binomial,beta-binomial,greater,10,0,1.5,DHA.p.val,1000,122,0.122,0.010349685985574635,0.10235113744007673,0.1439042194274167
Binomial,beta-binomial,greater,10,0,1.5,Pear.p.val,1000,274,0.274,0.014104041973845655,0.246555554915467,0.30278181831000883
Binomial,beta-binomial,greater,10,0,1.5,Ref.p.val,1000,268,0.268,0.014006284303840188,0.24076450628178775,0.296608592033741
Binomial,beta-binomial,greater,10,0,1.75,DHA.p.val,1000,204,0.204,0.01274299807737567,0.17942505436407905,0.23033083176015534
Binomial,beta-binomial,greater,10,0,1.75,Pear.p.val,1000,377,0.377,0.01532550162311172,0.3468623546595492,0.40786417678951004
Binomial,beta-binomial,greater,10,0,1.75,Ref.p.val,1000,382,0.382,0.01536476488593301,0.35177081010815975,0.41292614982733233
Binomial,beta-binomial,greater,10,0,2,DHA.p.val,1000,343,0.343,0.015011695440555674,0.31357644886403707,0.37335132279556893
Binomial,beta-binomial,greater,10,0,2,Pear.p.val,1000,525,0.525,0.015791611697353755,0.4935140489638566,0.5563383743642378
Binomial,beta-binomial,greater,10,0,2,Ref.p.val,1000,523,0.523,0.01579465099329517,0.4915140103158689,0.5543502196835383
Binomial,beta-binomial,greater,10,0,2.5,DHA.p.val,1000,528,0.528,0.015786576576319513,0.49651503774473793,0.5593196752980172
Binomial,beta-binomial,greater,10,0,2.5,Pear.p.val,1000,727,0.727,0.014087973594523805,0.6982466146646501,0.7544100594128341
Binomial,beta-binomial,greater,10,0,2.5,Ref.p.val,1000,722,0.722,0.01416742743055351,0.6931061822718084,0.7495802495485977
Binomial,beta-binomial,greater,10,0,3,DHA.p.val,1000,659,0.659,0.014990630407024249,0.628683933926341,0.6883764471521683
Binomial,beta-binomial,greater,10,0,3,Pear.p.val,1000,837,0.837,0.011680368144883107,0.812621856215511,0.8593744596403597
Binomial,beta-binomial,greater,10,0,3,Ref.p.val,1000,839,0.839,0.011622349160131098,0.8147291413174371,0.8612550075726406
Binomial,beta-binomial,greater,10,0,4,DHA.p.val,1000,864,0.864,0.010839926199010766,0.8411813690859783,0.8846498223761183
Binomial,beta-binomial,greater,10,0,4,Pear.p.val,1000,960,0.96,0.00619677335393187,0.9459273031806316,0.9712723747141092
Binomial,beta-binomial,greater,10,0,4,Ref.p.val,1000,958,0.958,0.006343185319695463,0.9436497084242552,0.96956529373686
Binomial,beta-binomial,greater,10,0,5,DHA.p.val,1000,935,0.935,0.0077958322198467015,0.917898930078629,0.949479690310382
Binomial,beta-binomial,greater,10,0,5,Pear.p.val,1000,985,0.985,0.0038438262187565153,0.9753802999029588,0.9915809502499656
Binomial,beta-binomial,greater,10,0,5,Ref.p.val,1000,988,0.988,0.003443254274665176,0.9791323204089636,0.9937844744404047
Binomial,beta-binomial,greater,10,1.5,1,DHA.p.val,1000,9,0.009,0.002986469487538756,0.004123395660342473,0.017015783069894597
Binomial,beta-binomial,greater,10,1.5,1,Pear.p.val,1000,40,0.04,0.0061967733539318665,0.028727625285890793,0.05407269681936844
Binomial,beta-binomial,greater,10,1.5,1,Ref.p.val,1000,43,0.043,0.006414904519944158,0.0312911704560926,0.057486257961972376
Binomial,beta-binomial,greater,10,1.5,1.1,DHA.p.val,1000,12,0.012,0.003443254274665175,0.006215525559595242,0.020867679591036414
Binomial,beta-binomial,greater,10,1.5,1.1,Pear.p.val,1000,52,0.052,0.007021111023192838,0.0390765349439805,0.06763501405050731
Binomial,beta-binomial,greater,10,1.5,1.1,Ref.p.val,1000,49,0.049,0.006826346021115542,0.03646705917204781,0.06426605314016964
Binomial,beta-binomial,greater,10,1.5,1.2,DHA.p.val,1000,34,0.034,0.005730968504537431,0.02365864810759674,0.04718943861570746
Binomial,beta-binomial,greater,10,1.5,1.2,Pear.p.val,1000,93,0.093,0.009184280047995052,0.07571840260686478,0.11271941770115601
Binomial,beta-binomial,greater,10,1.5,1.2,Ref.p.val,1000,102,0.102,0.009570579919733181,0.08393546004048683,0.12244515106555798
Binomial,beta-binomial,greater,10,1.5,1.35,DHA.p.val,1000,58,0.058,0.007391616873188166,0.044332860252820704,0.07433649538235165
Binomial,beta-binomial,greater,10,1.5,1.35,Pear.p.val,1000,169,0.169,0.011850696182081457,0.14627448869361837,0.19369274635644362
Binomial,beta-binomial,greater,10,1.5,1.35,Ref.p.val,1000,175,0.175,0.012015614840697915,0.15193403290953064,0.19999682556933696
Binomial,beta-binomial,greater,10,1.5,1.5,DHA.p.val,1000,97,0.097,0.00935900635751467,0.07936447182936389,0.11704784398028711
Binomial,beta-binomial,greater,10,1.5,1.5,Pear.p.val,1000,222,0.222,0.013142145943490356,0.19659092626388383,0.24905691838110666
Binomial,beta-binomial,greater,10,1.5,1.5,Ref.p.val,1000,226,0.226,0.013225883713385657,0.20041527968213338,0.2532086028959516
Binomial,beta-binomial,greater,10,1.5,1.75,DHA.p.val,1000,175,0.175,0.012015614840697915,0.15193403290953064,0.19999682556933696
Binomial,beta-binomial,greater,10,1.5,1.75,Pear.p.val,1000,341,0.341,0.01499063040702425,0.3116235528478317,0.37131606607365897
Binomial,beta-binomial,greater,10,1.5,1.75,Ref.p.val,1000,352,0.352,0.015102847413650183,0.3223716043545396,0.3825028689345302
Binomial,beta-binomial,greater,10,1.5,2,DHA.p.val,1000,245,0.245,0.013600551459407815,0.21862615839386054,0.2728841044622733
Binomial,beta-binomial,greater,10,1.5,2,Pear.p.val,1000,440,0.44,0.015697133496278867,0.40894966035038377,0.47140456752225623
Binomial,beta-binomial,greater,10,1.5,2,Ref.p.val,1000,442,0.442,0.01570464899321217,0.41092906177701044,0.4734133551087484
Binomial,beta-binomial,greater,10,1.5,2.5,DHA.p.val,1000,431,0.431,0.015660108556456432,0.4000486224245834,0.4623587595596085
Binomial,beta-binomial,greater,10,1.5,2.5,Pear.p.val,1000,644,0.644,0.015141466243399283,0.6134334741710825,0.6737157335517636
Binomial,beta-binomial,greater,10,1.5,2.5,Ref.p.val,1000,643,0.643,0.015150940564862632,0.6124179122210397,0.6727372150985135
Binomial,beta-binomial,greater,10,1.5,3,DHA.p.val,1000,532,0.532,0.01577897335063343,0.5005180952907964,0.5632930034560644
Binomial,beta-binomial,greater,10,1.5,3,Pear.p.val,1000,739,0.739,0.013888088421377507,0.7106015911063485,0.7659836031579349
Binomial,beta-binomial,greater,10,1.5,3,Ref.p.val,1000,750,0.75,0.013693063937629153,0.7219499937762445,0.7765695937353196
Binomial,beta-binomial,greater,10,1.5,4,DHA.p.val,1000,693,0.693,0.01458598642533305,0.663374157538728,0.7214846146935102
Binomial,beta-binomial,greater,10,1.5,4,Pear.p.val,1000,846,0.846,0.011414201680362933,0.8221145194721243,0.8678269716273468
Binomial,beta-binomial,greater,10,1.5,4,Ref.p.val,1000,859,0.859,0.011005407761641547,0.8358734410483913,0.8799884872031305
Binomial,beta-binomial,greater,10,1.5,5,DHA.p.val,1000,796,0.796,0.012742998077375669,0.7696691682398447,0.8205749456359209
Binomial,beta-binomial,greater,10,1.5,5,Pear.p.val,1000,894,0.894,0.009734680272099335,0.8732469912184375,0.912397634930788
Binomial,beta-binomial,greater,10,1.5,5,Ref.p.val,1000,906,0.906,0.009228434320078352,0.8861975612810254,0.9233710070726222
Binomial,beta-binomial,greater,50,-1.5,1,DHA.p.val,1000,16,0.016,0.003967870965643918,0.00917231926922208,0.02585324908137343
Binomial,beta-binomial,greater,50,-1.5,1,Pear.p.val,1000,44,0.044,0.006485676526007136,0.03214949701087143,0.058620419206330876
Binomial,beta-binomial,greater,50,-1.5,1,Ref.p.val,1000,52,0.052,0.007021111023192838,0.0390765349439805,0.06763501405050731
Binomial,beta-binomial,greater,50,-1.5,1.1,DHA.p.val,1000,47,0.047,0.006692607862410586,0.03473506226679596,0.062012630693305204
Binomial,beta-binomial,greater,50,-1.5,1.1,Pear.p.val,1000,134,0.134,0.010772372069326236,0.11348831145425936,0.15669281546729963
Binomial,beta-binomial,greater,50,-1.5,1.1,Ref.p.val,1000,147,0.147,0.011197812286335219,0.12561721113351154,0.1704840798790891
Binomial,beta-binomial,greater,50,-1.5,1.2,DHA.p.val,1000,114,0.114,0.010050074626588601,0.09496128197328355,0.13534391307160787
Binomial,beta-binomial,greater,50,-1.5,1.2,Pear.p.val,1000,228,0.228,0.013267102170406317,0.20232872987103115,0.2552831775215668
Binomial,beta-binomial,greater,50,-1.5,1.2,Ref.p.val,1000,253,0.253,0.013747399754135324,0.22631524866453995,0.2811472625832938
Binomial,beta-binomial,greater,50,-1.5,1.35,DHA.p.val,1000,265,0.265,0.013956181426163821,0.23787137789369872,0.29351959120428295
Binomial,beta-binomial,greater,50,-1.5,1.35,Pear.p.val,1000,462,0.462,0.01576565888252058,0.43075073842866657,0.49347358571035393
Binomial,beta-binomial,greater,50,-1.5,1.35,Ref.p.val,1000,494,0.494,0.015810249839898167,0.46256910749719693,0.5254663100449359
Binomial,beta-binomial,greater,50,-1.5,1.5,DHA.p.val,1000,460,0.46,0.015760710643876435,0.4287663165026693,0.491469815697787
Binomial,beta-binomial,greater,50,-1.5,1.5,Pear.p.val,1000,663,0.663,0.014947608504372864,0.6327561887523301,0.6922804941597872
Binomial,beta-binomial,greater,50,-1.5,1.5,Ref.p.val,1000,691,0.691,0.014612289348353324,0.6613286752837124,0.7195419682726643
Binomial,beta-binomial,greater,50,-1.5,1.75,DHA.p.val,1000,724,0.724,0.014135911714495106,0.695161836649264,0.7515126937851585
Binomial,beta-binomial,greater,50,-1.5,1.75,Pear.p.val,1000,879,0.879,0.010313049985334114,0.8571642373184322,0.898574192769252
Binomial,beta-binomial,greater,50,-1.5,1.75,Ref.p.val,1000,887,0.887,0.010011543337567888,0.8657282191964616,0.9059603332456124
Binomial,beta-binomial,greater,50,-1.5,2,DHA.p.val,1000,878,0.878,0.010349685985574635,0.8560957805725833,0.8976488625599233
Binomial,beta-binomial,greater,50,-1.5,2,Pear.p.val,1000,958,0.958,0.006343185319695463,0.9436497084242552,0.96956529373686
Binomial,beta-binomial,greater,50,-1.5,2,Ref.p.val,1000,962,0.962,0.006046155803483734,0.9482128963780359,0.9729711840170161
Binomial,beta-binomial,greater,50,-1.5,2.5,DHA.p.val,1000,980,0.98,0.0044271887242357325,0.9692799673173909,0.9877417320275936
Binomial,beta-binomial,greater,50,-1.5,2.5,Pear.p.val,1000,997,0.997,0.0017294507798720387,0.9912579767615217,0.9993809000683505
Binomial,beta-binomial,greater,50,-1.5,2.5,Ref.p.val,1000,997,0.997,0.0017294507798720387,0.9912579767615217,0.9993809000683505
Binomial,beta-binomial,greater,50,-1.5,3,DHA.p.val,1000,997,0.997,0.0017294507798720387,0.9912579767615217,0.9993809000683505
Binomial,beta-binomial,greater,50,-1.5,3,Pear.p.val,1000,1000,1,0,0.9963179161031344,1
Binomial,beta-binomial,greater,50,-1.5,3,Ref.p.val,1000,1000,1,0,0.9963179161031344,1
Binomial,beta-binomial,greater,50,-1.5,4,DHA.p.val,1000,1000,1,0,0.9963179161031344,1
Binomial,beta-binomial,greater,50,-1.5,4,Pear.p.val,1000,1000,1,0,0.9963179161031344,1
Binomial,beta-binomial,greater,50,-1.5,4,Ref.p.val,1000,1000,1,0,0.9963179161031344,1
Binomial,beta-binomial,greater,50,-1.5,5,DHA.p.val,1000,1000,1,0,0.9963179161031344,1
Binomial,beta-binomial,greater,50,-1.5,5,Pear.p.val,1000,1000,1,0,0.9963179161031344,1
Binomial,beta-binomial,greater,50,-1.5,5,Ref.p.val,1000,1000,1,0,0.9963179161031344,1
Binomial,beta-binomial,greater,50,0,1,DHA.p.val,1000,15,0.015,0.003843826218756514,0.008419049750034381,0.024619700097041175
Binomial,beta-binomial,greater,50,0,1,Pear.p.val,1000,40,0.04,0.0061967733539318665,0.028727625285890793,0.05407269681936844
Binomial,beta-binomial,greater,50,0,1,Ref.p.val,1000,46,0.046,0.006624499981130651,0.033871498547677924,0.060883552713742684
Binomial,beta-binomial,greater,50,0,1.1,DHA.p.val,1000,41,0.041,0.006270486424512854,0.02958016853403611,0.05521245931529928
Binomial,beta-binomial,greater,50,0,1.1,Pear.p.val,1000,122,0.122,0.010349685985574635,0.10235113744007673,0.1439042194274167
Binomial,beta-binomial,greater,50,0,1.1,Ref.p.val,1000,124,0.124,0.010422283818818216,0.10420311919524627,0.14603982497054735
Binomial,beta-binomial,greater,50,0,1.2,DHA.p.val,1000,112,0.112,0.00997276290703835,0.09311853992161026,0.13319916556924016
Binomial,beta-binomial,greater,50,0,1.2,Pear.p.val,1000,248,0.248,0.01365635383255721,0.22150812983746682,0.2759842205130937
Binomial,beta-binomial,greater,50,0,1.2,Ref.p.val,1000,250,0.25,0.013693063937629153,0.2234304062646804,0.27805000622375553
Binomial,beta-binomial,greater,50,0,1.35,DHA.p.val,1000,271,0.271,0.014055568291606,0.24365923756561741,0.2996959955145062
Binomial,beta-binomial,greater,50,0,1.35,Pear.p.val,1000,495,0.495,0.01581059771166163,0.46356547592009395,0.5264640386850032
Binomial,beta-binomial,greater,50,0,1.35,Ref.p.val,1000,487,0.487,0.015806043148112688,0.45559799225412806,0.5184787461735794
Binomial,beta-binomial,greater,50,0,1.5,DHA.p.val,1000,517,0.517,0.01580224667571039,0.4855168699768703,0.5483827792758835
Binomial,beta-binomial,greater,50,0,1.5,Pear.p.val,1000,708,0.708,0.014378317008607092,0.6787355669415412,0.7360341145694163
Binomial,beta-binomial,greater,50,0,1.5,Ref.p.val,1000,705,0.705,0.01442133835675455,0.675660382207399,0.7331271256880654
Binomial,beta-binomial,greater,50,0,1.75,DHA.p.val,1000,785,0.785,0.012991343271578961,0.7582168340894827,0.8100933481890851
Binomial,beta-binomial,greater,50,0,1.75,Pear.p.val,1000,886,0.886,0.010050074626588601,0.8646560869283921,0.9050387180267164
Binomial,beta-binomial,greater,50,0,1.75,Ref.p.val,1000,889,0.889,0.00993373041711924,0.8678739382413079,0.9078020927958089
Binomial,beta-binomial,greater,50,0,2,DHA.p.val,1000,930,0.93,0.008068457101577721,0.9123837665107154,0.9450284750808301
Binomial,beta-binomial,greater,50,0,2,Pear.p.val,1000,978,0.978,0.004638534251247911,0.9668803354850122,0.9861625858279262
Binomial,beta-binomial,greater,50,0,2,Ref.p.val,1000,976,0.976,0.004839834707921338,0.9644993614686408,0.9845636167664915
Binomial,beta-binomial,greater,50,0,2.5,DHA.p.val,1000,995,0.995,0.002230470802319547,0.9883705294401879,0.9983745804824372
Binomial,beta-binomial,greater,50,0,2.5,Pear.p.val,1000,1000,1,0,0.9963179161031344,1
Binomial,beta-binomial,greater,50,0,2.5,Ref.p.val,1000,1000,1,0,0.9963179161031344,1
Binomial,beta-binomial,greater,50,0,3,DHA.p.val,1000,1000,1,0,0.9963179161031344,1
Binomial,beta-binomial,greater,50,0,3,Pear.p.val,1000,1000,1,0,0.9963179161031344,1
Binomial,beta-binomial,greater,50,0,3,Ref.p.val,1000,1000,1,0,0.9963179161031344,1
Binomial,beta-binomial,greater,50,0,4,DHA.p.val,1000,1000,1,0,0.9963179161031344,1
Binomial,beta-binomial,greater,50,0,4,Pear.p.val,1000,1000,1,0,0.9963179161031344,1
Binomial,beta-binomial,greater,50,0,4,Ref.p.val,1000,1000,1,0,0.9963179161031344,1
Binomial,beta-binomial,greater,50,0,5,DHA.p.val,1000,1000,1,0,0.9963179161031344,1
Binomial,beta-binomial,greater,50,0,5,Pear.p.val,1000,1000,1,0,0.9963179161031344,1
Binomial,beta-binomial,greater,50,0,5,Ref.p.val,1000,1000,1,0,0.9963179161031344,1
Binomial,beta-binomial,greater,50,1.5,1,DHA.p.val,1000,12,0.012,0.003443254274665175,0.006215525559595242,0.020867679591036414
Binomial,beta-binomial,greater,50,1.5,1,Pear.p.val,1000,43,0.043,0.006414904519944158,0.0312911704560926,0.057486257961972376
Binomial,beta-binomial,greater,50,1.5,1,Ref.p.val,1000,51,0.051,0.00695693898205238,0.038205236774686166,0.06651346159493476
Binomial,beta-binomial,greater,50,1.5,1.1,DHA.p.val,1000,45,0.045,0.0065555320150236475,0.03300962543114875,0.05975283269340781
Binomial,beta-binomial,greater,50,1.5,1.1,Pear.p.val,1000,122,0.122,0.010349685985574635,0.10235113744007673,0.1439042194274167
Binomial,beta-binomial,greater,50,1.5,1.1,Ref.p.val,1000,141,0.141,0.011005407761641547,0.12001151279686956,0.16412655895160866
Binomial,beta-binomial,greater,50,1.5,1.2,DHA.p.val,1000,116,0.116,0.010126401137620413,0.09680595526975852,0.13748675054956383
Binomial,beta-binomial,greater,50,1.5,1.2,Pear.p.val,1000,245,0.245,0.013600551459407815,0.21862615839386054,0.2728841044622733
Binomial,beta-binomial,greater,50,1.5,1.2,Ref.p.val,1000,263,0.263,0.013922320208930694,0.23594352468029337,0.291459361439264
Binomial,beta-binomial,greater,50,1.5,1.35,DHA.p.val,1000,249,0.249,0.013674757767507255,0.22246917235803682,0.2770172086860333
Binomial,beta-binomial,greater,50,1.5,1.35,Pear.p.val,1000,443,0.443,0.015708309902723462,0.4119189518766816,0.4744175596474226
Binomial,beta-binomial,greater,50,1.5,1.35,Ref.p.val,1000,474,0.474,0.01578999683343857,0.44266773447408947,0.5054857455876622
Binomial,beta-binomial,greater,50,1.5,1.5,DHA.p.val,1000,472,0.472,0.015786576576319513,0.44068032470198276,0.5034849622552621
Binomial,beta-binomial,greater,50,1.5,1.5,Pear.p.val,1000,680,0.68,0.014751271131668619,0.6500896181471334,0.7088462891186513
Binomial,beta-binomial,greater,50,1.5,1.5,Ref.p.val,1000,703,0.703,0.014449602070645405,0.6736110731678128,0.7311883166205182
Binomial,beta-binomial,greater,50,1.5,1.75,DHA.p.val,1000,710,0.71,0.014349216006458332,0.6807865098815257,0.7379712849550527
Binomial,beta-binomial,greater,50,1.5,1.75,Pear.p.val,1000,872,0.872,0.010564847372300274,0.8496940714251292,0.8920877586688024
Binomial,beta-binomial,greater,50,1.5,1.75,Ref.p.val,1000,878,0.878,0.010349685985574635,0.8560957805725833,0.8976488625599233
Binomial,beta-binomial,greater,50,1.5,2,DHA.p.val,1000,882,0.882,0.01020176455325254,0.8603722794655597,0.9013474836051032
Binomial,beta-binomial,greater,50,1.5,2,Pear.p.val,1000,966,0.966,0.005730968504537434,0.9528105613842925,0.9763413518924032
Binomial,beta-binomial,greater,50,1.5,2,Ref.p.val,1000,969,0.969,0.005480784615363026,0.9562849149937611,0.9788418280297914
Binomial,beta-binomial,greater,50,1.5,2.5,DHA.p.val,1000,981,0.981,0.004317290817167639,0.9704875983749022,0.988522963006899
Binomial,beta-binomial,greater,50,1.5,2.5,Pear.p.val,1000,995,0.995,0.002230470802319547,0.9883705294401879,0.9983745804824372
Binomial,beta-binomial,greater,50,1.5,2.5,Ref.p.val,1000,995,0.995,0.002230470802319547,0.9883705294401879,0.9983745804824372
Binomial,beta-binomial,greater,50,1.5,3,DHA.p.val,1000,997,0.997,0.0017294507798720387,0.9912579767615217,0.9993809000683505
Binomial,beta-binomial,greater,50,1.5,3,Pear.p.val,1000,1000,1,0,0.9963179161031344,1
Binomial,beta-binomial,greater,50,1.5,3,Ref.p.val,1000,1000,1,0,0.9963179161031344,1
Binomial,beta-binomial,greater,50,1.5,4,DHA.p.val,1000,1000,1,0,0.9963179161031344,1
Binomial,beta-binomial,greater,50,1.5,4,Pear.p.val,1000,1000,1,0,0.9963179161031344,1
Binomial,beta-binomial,greater,50,1.5,4,Ref.p.val,1000,1000,1,0,0.9963179161031344,1
Binomial,beta-binomial,greater,50,1.5,5,DHA.p.val,1000,1000,1,0,0.9963179161031344,1
Binomial,beta-binomial,greater,50,1.5,5,Pear.p.val,1000,1000,1,0,0.9963179161031344,1
Binomial,beta-binomial,greater,50,1.5,5,Ref.p.val,1000,1000,1,0,0.9963179161031344,1
Binomial,beta-binomial,greater,100,-1.5,1,DHA.p.val,1000,18,0.018,0.004204283529925164,0.010701947929414708,0.028299041249019163
Binomial,beta-binomial,greater,100,-1.5,1,Pear.p.val,1000,46,0.046,0.006624499981130651,0.033871498547677924,0.060883552713742684
Binomial,beta-binomial,greater,100,-1.5,1,Ref.p.val,1000,52,0.052,0.007021111023192838,0.0390765349439805,0.06763501405050731
Binomial,beta-binomial,greater,100,-1.5,1.1,DHA.p.val,1000,75,0.075,0.008329165624478841,0.05944612821126317,0.09310844696149911
Binomial,beta-binomial,greater,100,-1.5,1.1,Pear.p.val,1000,171,0.171,0.011906258858264422,0.1481598481831981,0.19579525359759042
Binomial,beta-binomial,greater,100,-1.5,1.1,Ref.p.val,1000,203,0.203,0.012719709116170857,0.17847357632401603,0.22928832325814108
Binomial,beta-binomial,greater,100,-1.5,1.2,DHA.p.val,1000,193,0.193,0.012480024038438387,0.16897210326979484,0.21885000358205464
Binomial,beta-binomial,greater,100,-1.5,1.2,Pear.p.val,1000,350,0.35,0.015083103128998356,0.32041612415136567,0.3804701912559757
Binomial,beta-binomial,greater,100,-1.5,1.2,Ref.p.val,1000,383,0.383,0.015372410351015223,0.3527529065148019,0.41393813972081606
Binomial,beta-binomial,greater,100,-1.5,1.35,DHA.p.val,1000,489,0.489,0.015807561481771943,0.45758912080843644,0.5204758115790997
Binomial,beta-binomial,greater,100,-1.5,1.35,Pear.p.val,1000,696,0.696,0.014545927265045704,0.6664435613103112,0.724397400780902
Binomial,beta-binomial,greater,100,-1.5,1.35,Ref.p.val,1000,714,0.714,0.014289996501049257,0.6848903812103337,0.7418436343006647
Binomial,beta-binomial,greater,100,-1.5,1.5,DHA.p.val,1000,750,0.75,0.013693063937629153,0.7219499937762445,0.7765695937353196
Binomial,beta-binomial,greater,100,-1.5,1.5,Pear.p.val,1000,876,0.876,0.010422283818818216,0.8539601750294527,0.8957968808047537
Binomial,beta-binomial,greater,100,-1.5,1.5,Ref.p.val,1000,892,0.892,0.009815090422405694,0.8710962391200021,0.9105609670175998
Binomial,beta-binomial,greater,100,-1.5,1.75,DHA.p.val,1000,946,0.946,0.0071473071852271785,0.9301259944229326,0.9591766488743693
Binomial,beta-binomial,greater,100,-1.5,1.75,Pear.p.val,1000,987,0.987,0.0035820385257559714,0.9778721963632215,0.9930603824971486
Binomial,beta-binomial,greater,100,-1.5,1.75,Ref.p.val,1000,989,0.989,0.0032983329122452166,0.9804033717779835,0.9944964058076864
Binomial,beta-binomial,greater,100,-1.5,2,DHA.p.val,1000,996,0.996,0.0019959959919799443,0.9897903353160701,0.9989090920122741
Binomial,beta-binomial,greater,100,-1.5,2,Pear.p.val,1000,999,0.999,9.994998749374613e-4,0.9944410757201734,0.9999746825125088
Binomial,beta-binomial,greater,100,-1.5,2,Ref.p.val,1000,1000,1,0,0.9963179161031344,1
Binomial,beta-binomial,greater,100,-1.5,2.5,DHA.p.val,1000,999,0.999,9.994998749374613e-4,0.9944410757201734,0.9999746825125088
Binomial,beta-binomial,greater,100,-1.5,2.5,Pear.p.val,1000,1000,1,0,0.9963179161031344,1
Binomial,beta-binomial,greater,100,-1.5,2.5,Ref.p.val,1000,1000,1,0,0.9963179161031344,1
Binomial,beta-binomial,greater,100,-1.5,3,DHA.p.val,1000,1000,1,0,0.9963179161031344,1
Binomial,beta-binomial,greater,100,-1.5,3,Pear.p.val,1000,1000,1,0,0.9963179161031344,1
Binomial,beta-binomial,greater,100,-1.5,3,Ref.p.val,1000,1000,1,0,0.9963179161031344,1
Binomial,beta-binomial,greater,100,-1.5,4,DHA.p.val,1000,1000,1,0,0.9963179161031344,1
Binomial,beta-binomial,greater,100,-1.5,4,Pear.p.val,1000,1000,1,0,0.9963179161031344,1
Binomial,beta-binomial,greater,100,-1.5,4,Ref.p.val,1000,1000,1,0,0.9963179161031344,1
Binomial,beta-binomial,greater,100,-1.5,5,DHA.p.val,1000,1000,1,0,0.9963179161031344,1
Binomial,beta-binomial,greater,100,-1.5,5,Pear.p.val,1000,1000,1,0,0.9963179161031344,1
Binomial,beta-binomial,greater,100,-1.5,5,Ref.p.val,1000,1000,1,0,0.9963179161031344,1
Binomial,beta-binomial,greater,100,0,1,DHA.p.val,1000,7,0.007,0.0026364749192814255,0.0028188587596205223,0.014369194978918642
Binomial,beta-binomial,greater,100,0,1,Pear.p.val,1000,30,0.03,0.005394441583704471,0.020330485683109627,0.04255140247002909
Binomial,beta-binomial,greater,100,0,1,Ref.p.val,1000,46,0.046,0.006624499981130651,0.033871498547677924,0.060883552713742684
Binomial,beta-binomial,greater,100,0,1.1,DHA.p.val,1000,56,0.056,0.007270763371201128,0.04257554968661718,0.07210774628325278
Binomial,beta-binomial,greater,100,0,1.1,Pear.p.val,1000,163,0.163,0.011680368144883106,0.14062554035964028,0.18737814378448903
Binomial,beta-binomial,greater,100,0,1.1,Ref.p.val,1000,191,0.191,0.012430567163247218,0.1670747850541092,0.21675938001346107
Binomial,beta-binomial,greater,100,0,1.2,DHA.p.val,1000,190,0.19,0.012405643876881199,0.1661265075387875,0.21571368885163367
Binomial,beta-binomial,greater,100,0,1.2,Pear.p.val,1000,373,0.373,0.015292841462592882,0.34293803481183294,0.4038121575981336
Binomial,beta-binomial,greater,100,0,1.2,Ref.p.val,1000,402,0.402,0.015504708962118573,0.37143810083247897,0.4331406199351503
Binomial,beta-binomial,greater,100,0,1.35,DHA.p.val,1000,507,0.507,0.015809838708854686,0.47553154226613775,0.5384271372459565
Binomial,beta-binomial,greater,100,0,1.35,Pear.p.val,1000,706,0.706,0.014407081592050489,0.6766852804811291,0.7340962857634874
Binomial,beta-binomial,greater,100,0,1.35,Ref.p.val,1000,745,0.745,0.013783141876945184,0.7167888393029331,0.771760579998092
Binomial,beta-binomial,greater,100,0,1.5,DHA.p.val,1000,793,0.793,0.012812142677944232,0.7665430496307405,0.8177190971426536
Binomial,beta-binomial,greater,100,0,1.5,Pear.p.val,1000,917,0.917,0.008724161850859943,0.8981467032446243,0.9333510681911211
Binomial,beta-binomial,greater,100,0,1.5,Ref.p.val,1000,930,0.93,0.008068457101577721,0.9123837665107154,0.9450284750808301
Binomial,beta-binomial,greater,100,0,1.75,DHA.p.val,1000,970,0.97,0.0053944415837044735,0.9574485975299709,0.9796695143168904
Binomial,beta-binomial,greater,100,0,1.75,Pear.p.val,1000,997,0.997,0.0017294507798720387,0.9912579767615217,0.9993809000683505
Binomial,beta-binomial,greater,100,0,1.75,Ref.p.val,1000,997,0.997,0.0017294507798720387,0.9912579767615217,0.9993809000683505
Binomial,beta-binomial,greater,100,0,2,DHA.p.val,1000,998,0.998,0.0014127986409959495,0.9927941610885425,0.9997576988831227
Binomial,beta-binomial,greater,100,0,2,Pear.p.val,1000,1000,1,0,0.9963179161031344,1
Binomial,beta-binomial,greater,100,0,2,Ref.p.val,1000,1000,1,0,0.9963179161031344,1
Binomial,beta-binomial,greater,100,0,2.5,DHA.p.val,1000,1000,1,0,0.9963179161031344,1
Binomial,beta-binomial,greater,100,0,2.5,Pear.p.val,1000,1000,1,0,0.9963179161031344,1
Binomial,beta-binomial,greater,100,0,2.5,Ref.p.val,1000,1000,1,0,0.9963179161031344,1
Binomial,beta-binomial,greater,100,0,3,DHA.p.val,1000,1000,1,0,0.9963179161031344,1
Binomial,beta-binomial,greater,100,0,3,Pear.p.val,1000,1000,1,0,0.9963179161031344,1
Binomial,beta-binomial,greater,100,0,3,Ref.p.val,1000,1000,1,0,0.9963179161031344,1
Binomial,beta-binomial,greater,100,0,4,DHA.p.val,1000,1000,1,0,0.9963179161031344,1
Binomial,beta-binomial,greater,100,0,4,Pear.p.val,1000,1000,1,0,0.9963179161031344,1
Binomial,beta-binomial,greater,100,0,4,Ref.p.val,1000,1000,1,0,0.9963179161031344,1
Binomial,beta-binomial,greater,100,0,5,DHA.p.val,1000,1000,1,0,0.9963179161031344,1
Binomial,beta-binomial,greater,100,0,5,Pear.p.val,1000,1000,1,0,0.9963179161031344,1
Binomial,beta-binomial,greater,100,0,5,Ref.p.val,1000,1000,1,0,0.9963179161031344,1
Binomial,beta-binomial,greater,100,1.5,1,DHA.p.val,1000,15,0.015,0.003843826218756514,0.008419049750034381,0.024619700097041175
Binomial,beta-binomial,greater,100,1.5,1,Pear.p.val,1000,50,0.05,0.006892024376045111,0.03733539760466177,0.06539048791549362
Binomial,beta-binomial,greater,100,1.5,1,Ref.p.val,1000,57,0.057,0.007331507348424334,0.0434535819369586,0.07322272946066222
Binomial,beta-binomial,greater,100,1.5,1.1,DHA.p.val,1000,68,0.068,0.007960904471226871,0.05318809976040198,0.08541305019143097
Binomial,beta-binomial,greater,100,1.5,1.1,Pear.p.val,1000,157,0.157,0.01150439046625244,0.13498765920693087,0.18105255336071424
Binomial,beta-binomial,greater,100,1.5,1.1,Ref.p.val,1000,173,0.173,0.011961229033840962,0.1500463682386288,0.1978966080927047
Binomial,beta-binomial,greater,100,1.5,1.2,DHA.p.val,1000,210,0.21,0.01288021738946979,0.18513884636850597,0.2365809848578132
Binomial,beta-binomial,greater,100,1.5,1.2,Pear.p.val,1000,376,0.376,0.015317441039547044,0.3458810703459141,0.4068513760241379
Binomial,beta-binomial,greater,100,1.5,1.2,Ref.p.val,1000,396,0.396,0.01546557467409472,0.36553234064374673,0.427081844548873
Binomial,beta-binomial,greater,100,1.5,1.35,DHA.p.val,1000,486,0.486,0.015805189021330938,0.45460261364257953,0.517480027832917
Binomial,beta-binomial,greater,100,1.5,1.35,Pear.p.val,1000,684,0.684,0.014701836619960105,0.6541743923933121,0.712737788048678
Binomial,beta-binomial,greater,100,1.5,1.35,Ref.p.val,1000,716,0.716,0.014259873772232349,0.6869433178040537,0.7437788049762449
Binomial,beta-binomial,greater,100,1.5,1.5,DHA.p.val,1000,785,0.785,0.012991343271578961,0.7582168340894827,0.8100933481890851
Binomial,beta-binomial,greater,100,1.5,1.5,Pear.p.val,1000,904,0.904,0.009315793041926167,0.8840333566371232,0.9215479637525775
Binomial,beta-binomial,greater,100,1.5,1.5,Ref.p.val,1000,912,0.912,0.008958571314668425,0.8927052349649914,0.9288248657147135
Binomial,beta-binomial,greater,100,1.5,1.75,DHA.p.val,1000,958,0.958,0.006343185319695463,0.9436497084242552,0.96956529373686
Binomial,beta-binomial,greater,100,1.5,1.75,Pear.p.val,1000,990,0.99,0.003146426544510456,0.9816867569448876,0.9951944893089507
Binomial,beta-binomial,greater,100,1.5,1.75,Ref.p.val,1000,991,0.991,0.0029864694875387575,0.9829842169301054,0.9958766043396575
Binomial,beta-binomial,greater,100,1.5,2,DHA.p.val,1000,992,0.992,0.0028170906978654425,0.9842979508239253,0.9965400238346707
Binomial,beta-binomial,greater,100,1.5,2,Pear.p.val,1000,998,0.998,0.0014127986409959495,0.9927941610885425,0.9997576988831227
Binomial,beta-binomial,greater,100,1.5,2,Ref.p.val,1000,999,0.999,9.994998749374613e-4,0.9944410757201734,0.9999746825125088
Binomial,beta-binomial,greater,100,1.5,2.5,DHA.p.val,1000,999,0.999,9.994998749374613e-4,0.9944410757201734,0.9999746825125088
Binomial,beta-binomial,greater,100,1.5,2.5,Pear.p.val,1000,1000,1,0,0.9963179161031344,1
Binomial,beta-binomial,greater,100,1.5,2.5,Ref.p.val,1000,1000,1,0,0.9963179161031344,1
Binomial,beta-binomial,greater,100,1.5,3,DHA.p.val,1000,1000,1,0,0.9963179161031344,1
Binomial,beta-binomial,greater,100,1.5,3,Pear.p.val,1000,1000,1,0,0.9963179161031344,1
Binomial,beta-binomial,greater,100,1.5,3,Ref.p.val,1000,1000,1,0,0.9963179161031344,1
Binomial,beta-binomial,greater,100,1.5,4,DHA.p.val,1000,1000,1,0,0.9963179161031344,1
Binomial,beta-binomial,greater,100,1.5,4,Pear.p.val,1000,1000,1,0,0.9963179161031344,1
Binomial,beta-binomial,greater,100,1.5,4,Ref.p.val,1000,1000,1,0,0.9963179161031344,1
Binomial,beta-binomial,greater,100,1.5,5,DHA.p.val,1000,1000,1,0,0.9963179161031344,1
Binomial,beta-binomial,greater,100,1.5,5,Pear.p.val,1000,1000,1,0,0.9963179161031344,1
Binomial,beta-binomial,greater,100,1.5,5,Ref.p.val,1000,1000,1,0,0.9963179161031344,1
Binomial,beta-binomial,greater,200,-1.5,1,DHA.p.val,1000,11,0.011,0.003298332912245215,0.0055035941923135875,0.019596628222016466
Binomial,beta-binomial,greater,200,-1.5,1,Pear.p.val,1000,49,0.049,0.006826346021115542,0.03646705917204781,0.06426605314016964
Binomial,beta-binomial,greater,200,-1.5,1,Ref.p.val,1000,57,0.057,0.007331507348424334,0.0434535819369586,0.07322272946066222
Binomial,beta-binomial,greater,200,-1.5,1.1,DHA.p.val,1000,100,0.1,0.009486832980505138,0.08210533435558,0.12028793651869263
Binomial,beta-binomial,greater,200,-1.5,1.1,Pear.p.val,1000,268,0.268,0.014006284303840188,0.24076450628178775,0.296608592033741
Binomial,beta-binomial,greater,200,-1.5,1.1,Ref.p.val,1000,300,0.3,0.014491376746189439,0.2717211121291444,0.329461678697366
Binomial,beta-binomial,greater,200,-1.5,1.2,DHA.p.val,1000,376,0.376,0.015317441039547044,0.3458810703459141,0.4068513760241379
Binomial,beta-binomial,greater,200,-1.5,1.2,Pear.p.val,1000,581,0.581,0.015602531845825537,0.54971836159974,0.6118033707732207
Binomial,beta-binomial,greater,200,-1.5,1.2,Ref.p.val,1000,628,0.628,0.015284501954594399,0.597201187979319,0.6580427038308247
Binomial,beta-binomial,greater,200,-1.5,1.35,DHA.p.val,1000,780,0.78,0.01309961831505025,0.7530202076304395,0.805319960661125
Binomial,beta-binomial,greater,200,-1.5,1.35,Pear.p.val,1000,920,0.92,0.008579044235810886,0.9014202209520978,0.9360580171533267
Binomial,beta-binomial,greater,200,-1.5,1.35,Ref.p.val,1000,936,0.936,0.007739767438366605,0.919004925632949,0.9503669107081509
Binomial,beta-binomial,greater,200,-1.5,1.5,DHA.p.val,1000,960,0.96,0.00619677335393187,0.9459273031806316,0.9712723747141092
Binomial,beta-binomial,greater,200,-1.5,1.5,Pear.p.val,1000,992,0.992,0.0028170906978654425,0.9842979508239253,0.9965400238346707
Binomial,beta-binomial,greater,200,-1.5,1.5,Ref.p.val,1000,993,0.993,0.002636474919281427,0.9856308050210814,0.9971811412403795
Binomial,beta-binomial,greater,200,-1.5,1.75,DHA.p.val,1000,999,0.999,9.994998749374613e-4,0.9944410757201734,0.9999746825125088
Binomial,beta-binomial,greater,200,-1.5,1.75,Pear.p.val,1000,1000,1,0,0.9963179161031344,1
Binomial,beta-binomial,greater,200,-1.5,1.75,Ref.p.val,1000,1000,1,0,0.9963179161031344,1
Binomial,beta-binomial,greater,200,-1.5,2,DHA.p.val,1000,1000,1,0,0.9963179161031344,1
Binomial,beta-binomial,greater,200,-1.5,2,Pear.p.val,1000,1000,1,0,0.9963179161031344,1
Binomial,beta-binomial,greater,200,-1.5,2,Ref.p.val,1000,1000,1,0,0.9963179161031344,1
Binomial,beta-binomial,greater,200,-1.5,2.5,DHA.p.val,1000,1000,1,0,0.9963179161031344,1
Binomial,beta-binomial,greater,200,-1.5,2.5,Pear.p.val,1000,1000,1,0,0.9963179161031344,1
Binomial,beta-binomial,greater,200,-1.5,2.5,Ref.p.val,1000,1000,1,0,0.9963179161031344,1
Binomial,beta-binomial,greater,200,-1.5,3,DHA.p.val,1000,1000,1,0,0.9963179161031344,1
Binomial,beta-binomial,greater,200,-1.5,3,Pear.p.val,1000,1000,1,0,0.9963179161031344,1
Binomial,beta-binomial,greater,200,-1.5,3,Ref.p.val,1000,1000,1,0,0.9963179161031344,1
Binomial,beta-binomial,greater,200,-1.5,4,DHA.p.val,1000,1000,1,0,0.9963179161031344,1
Binomial,beta-binomial,greater,200,-1.5,4,Pear.p.val,1000,1000,1,0,0.9963179161031344,1
Binomial,beta-binomial,greater,200,-1.5,4,Ref.p.val,1000,1000,1,0,0.9963179161031344,1
Binomial,beta-binomial,greater,200,-1.5,5,DHA.p.val,1000,1000,1,0,0.9963179161031344,1
Binomial,beta-binomial,greater,200,-1.5,5,Pear.p.val,1000,1000,1,0,0.9963179161031344,1
Binomial,beta-binomial,greater,200,-1.5,5,Ref.p.val,1000,1000,1,0,0.9963179161031344,1
Binomial,beta-binomial,greater,200,0,1,DHA.p.val,1000,10,0.01,0.003146426544510455,0.004805510691049308,0.018313243055112394
Binomial,beta-binomial,greater,200,0,1,Pear.p.val,1000,37,0.037,0.005969170796685248,0.026182708843737346,0.05064112305992485
Binomial,beta-binomial,greater,200,0,1,Ref.p.val,1000,53,0.053,0.00708456067798138,0.03994925236001938,0.06875518328996322
Binomial,beta-binomial,greater,200,0,1.1,DHA.p.val,1000,92,0.092,0.00913980306133562,0.07480844517785548,0.11163577251831969
Binomial,beta-binomial,greater,200,0,1.1,Pear.p.val,1000,207,0.207,0.012812142677944232,0.1822809028573464,0.2334569503692595
Binomial,beta-binomial,greater,200,0,1.1,Ref.p.val,1000,265,0.265,0.013956181426163821,0.23787137789369872,0.29351959120428295
Binomial,beta-binomial,greater,200,0,1.2,DHA.p.val,1000,383,0.383,0.015372410351015223,0.3527529065148019,0.41393813972081606
Binomial,beta-binomial,greater,200,0,1.2,Pear.p.val,1000,604,0.604,0.01546557467409472,0.572918155451127,0.6344676593562533
Binomial,beta-binomial,greater,200,0,1.2,Ref.p.val,1000,648,0.648,0.015102847413650183,0.6174971310654698,0.6776283956454604
Binomial,beta-binomial,greater,200,0,1.35,DHA.p.val,1000,832,0.832,0.011822690049223148,0.8073589445854947,0.8546677507252728
Binomial,beta-binomial,greater,200,0,1.35,Pear.p.val,1000,939,0.939,0.007568289106528638,0.9223292259508764,0.9530221244589198
Binomial,beta-binomial,greater,200,0,1.35,Ref.p.val,1000,954,0.954,0.006624499981130654,0.9391164472862573,0.9661285014523221
Binomial,beta-binomial,greater,200,0,1.5,DHA.p.val,1000,973,0.973,0.005125524363418832,0.9609582531940298,0.9821330940747504
Binomial,beta-binomial,greater,200,0,1.5,Pear.p.val,1000,995,0.995,0.002230470802319547,0.9883705294401879,0.9983745804824372
Binomial,beta-binomial,greater,200,0,1.5,Ref.p.val,1000,997,0.997,0.0017294507798720387,0.9912579767615217,0.9993809000683505
Binomial,beta-binomial,greater,200,0,1.75,DHA.p.val,1000,999,0.999,9.994998749374613e-4,0.9944410757201734,0.9999746825125088
Binomial,beta-binomial,greater,200,0,1.75,Pear.p.val,1000,1000,1,0,0.9963179161031344,1
Binomial,beta-binomial,greater,200,0,1.75,Ref.p.val,1000,1000,1,0,0.9963179161031344,1
Binomial,beta-binomial,greater,200,0,2,DHA.p.val,1000,1000,1,0,0.9963179161031344,1
Binomial,beta-binomial,greater,200,0,2,Pear.p.val,1000,1000,1,0,0.9963179161031344,1
Binomial,beta-binomial,greater,200,0,2,Ref.p.val,1000,1000,1,0,0.9963179161031344,1
Binomial,beta-binomial,greater,200,0,2.5,DHA.p.val,1000,1000,1,0,0.9963179161031344,1
Binomial,beta-binomial,greater,200,0,2.5,Pear.p.val,1000,1000,1,0,0.9963179161031344,1
Binomial,beta-binomial,greater,200,0,2.5,Ref.p.val,1000,1000,1,0,0.9963179161031344,1
Binomial,beta-binomial,greater,200,0,3,DHA.p.val,1000,1000,1,0,0.9963179161031344,1
Binomial,beta-binomial,greater,200,0,3,Pear.p.val,1000,1000,1,0,0.9963179161031344,1
Binomial,beta-binomial,greater,200,0,3,Ref.p.val,1000,1000,1,0,0.9963179161031344,1
Binomial,beta-binomial,greater,200,0,4,DHA.p.val,1000,1000,1,0,0.9963179161031344,1
Binomial,beta-binomial,greater,200,0,4,Pear.p.val,1000,1000,1,0,0.9963179161031344,1
Binomial,beta-binomial,greater,200,0,4,Ref.p.val,1000,1000,1,0,0.9963179161031344,1
Binomial,beta-binomial,greater,200,0,5,DHA.p.val,1000,1000,1,0,0.9963179161031344,1
Binomial,beta-binomial,greater,200,0,5,Pear.p.val,1000,1000,1,0,0.9963179161031344,1
Binomial,beta-binomial,greater,200,0,5,Ref.p.val,1000,1000,1,0,0.9963179161031344,1
Binomial,beta-binomial,greater,200,1.5,1,DHA.p.val,1000,15,0.015,0.003843826218756514,0.008419049750034381,0.024619700097041175
Binomial,beta-binomial,greater,200,1.5,1,Pear.p.val,1000,47,0.047,0.006692607862410586,0.03473506226679596,0.062012630693305204
Binomial,beta-binomial,greater,200,1.5,1,Ref.p.val,1000,60,0.06,0.007509993342207435,0.04609503542248433,0.07656049040393476
Binomial,beta-binomial,greater,200,1.5,1.1,DHA.p.val,1000,125,0.125,0.010458250331675944,0.10512976155459257,0.1471069827787711
Binomial,beta-binomial,greater,200,1.5,1.1,Pear.p.val,1000,274,0.274,0.014104041973845655,0.246555554915467,0.30278181831000883
Binomial,beta-binomial,greater,200,1.5,1.1,Ref.p.val,1000,313,0.313,0.014663935351739656,0.2843452029487085,0.3427604157500316
Binomial,beta-binomial,greater,200,1.5,1.2,DHA.p.val,1000,397,0.397,0.01547226550961429,0.36651630449339767,0.4280919695508244
Binomial,beta-binomial,greater,200,1.5,1.2,Pear.p.val,1000,608,0.608,0.015438134602341048,0.5769599775296484,0.6384021909745194
Binomial,beta-binomial,greater,200,1.5,1.2,Ref.p.val,1000,660,0.66,0.014979986648859203,0.6297017794976724,0.6893526774990284
Binomial,beta-binomial,greater,200,1.5,1.35,DHA.p.val,1000,775,0.775,0.013205112646244256,0.7478289998350562,0.8005411285488702
Binomial,beta-binomial,greater,200,1.5,1.35,Pear.p.val,1000,922,0.922,0.008480330182251158,0.903606366597417,0.937858786867286
Binomial,beta-binomial,greater,200,1.5,1.35,Ref.p.val,1000,941,0.941,0.007451107300260817,0.9245509269157592,0.9547866455972034
Binomial,beta-binomial,greater,200,1.5,1.5,DHA.p.val,1000,959,0.959,0.006270486424512857,0.9447875406847007,0.9704198314659639
Binomial,beta-binomial,greater,200,1.5,1.5,Pear.p.val,1000,991,0.991,0.0029864694875387575,0.9829842169301054,0.9958766043396575
Binomial,beta-binomial,greater,200,1.5,1.5,Ref.p.val,1000,992,0.992,0.0028170906978654425,0.9842979508239253,0.9965400238346707
Binomial,beta-binomial,greater,200,1.5,1.75,DHA.p.val,1000,999,0.999,9.994998749374613e-4,0.9944410757201734,0.9999746825125088
Binomial,beta-binomial,greater,200,1.5,1.75,Pear.p.val,1000,1000,1,0,0.9963179161031344,1
Binomial,beta-binomial,greater,200,1.5,1.75,Ref.p.val,1000,1000,1,0,0.9963179161031344,1
Binomial,beta-binomial,greater,200,1.5,2,DHA.p.val,1000,1000,1,0,0.9963179161031344,1
Binomial,beta-binomial,greater,200,1.5,2,Pear.p.val,1000,1000,1,0,0.9963179161031344,1
Binomial,beta-binomial,greater,200,1.5,2,Ref.p.val,1000,1000,1,0,0.9963179161031344,1
Binomial,beta-binomial,greater,200,1.5,2.5,DHA.p.val,1000,1000,1,0,0.9963179161031344,1
Binomial,beta-binomial,greater,200,1.5,2.5,Pear.p.val,1000,1000,1,0,0.9963179161031344,1
Binomial,beta-binomial,greater,200,1.5,2.5,Ref.p.val,1000,1000,1,0,0.9963179161031344,1
Binomial,beta-binomial,greater,200,1.5,3,DHA.p.val,1000,1000,1,0,0.9963179161031344,1
Binomial,beta-binomial,greater,200,1.5,3,Pear.p.val,1000,1000,1,0,0.9963179161031344,1
Binomial,beta-binomial,greater,200,1.5,3,Ref.p.val,1000,1000,1,0,0.9963179161031344,1
Binomial,beta-binomial,greater,200,1.5,4,DHA.p.val,1000,1000,1,0,0.9963179161031344,1
Binomial,beta-binomial,greater,200,1.5,4,Pear.p.val,1000,1000,1,0,0.9963179161031344,1
Binomial,beta-binomial,greater,200,1.5,4,Ref.p.val,1000,1000,1,0,0.9963179161031344,1
Binomial,beta-binomial,greater,200,1.5,5,DHA.p.val,1000,1000,1,0,0.9963179161031344,1
Binomial,beta-binomial,greater,200,1.5,5,Pear.p.val,1000,1000,1,0,0.9963179161031344,1
Binomial,beta-binomial,greater,200,1.5,5,Ref.p.val,1000,1000,1,0,0.9963179161031344,1
Binomial,beta-binomial,greater,500,-1.5,1,DHA.p.val,1000,15,0.015,0.003843826218756514,0.008419049750034381,0.024619700097041175
Binomial,beta-binomial,greater,500,-1.5,1,Pear.p.val,1000,43,0.043,0.006414904519944158,0.0312911704560926,0.057486257961972376
Binomial,beta-binomial,greater,500,-1.5,1,Ref.p.val,1000,43,0.043,0.006414904519944158,0.0312911704560926,0.057486257961972376
Binomial,beta-binomial,greater,500,-1.5,1.1,DHA.p.val,1000,229,0.229,0.013287550564344055,0.20328576986029215,0.25632015136305286
Binomial,beta-binomial,greater,500,-1.5,1.1,Pear.p.val,1000,448,0.448,0.01572564784039119,0.4168702927319095,0.4794366932377484
Binomial,beta-binomial,greater,500,-1.5,1.1,Ref.p.val,1000,445,0.445,0.015715438269421567,0.41389911040428434,0.4764255906520587
Binomial,beta-binomial,greater,500,-1.5,1.2,DHA.p.val,1000,728,0.728,0.014071815803228808,0.6992752220636205,0.755375498730961
Binomial,beta-binomial,greater,500,-1.5,1.2,Pear.p.val,1000,897,0.897,0.009612023720320294,0.8764770735985742,0.9151486346500823
Binomial,beta-binomial,greater,500,-1.5,1.2,Ref.p.val,1000,886,0.886,0.010050074626588601,0.8646560869283921,0.9050387180267164
Binomial,beta-binomial,greater,500,-1.5,1.35,DHA.p.val,1000,987,0.987,0.0035820385257559714,0.9778721963632215,0.9930603824971486
Binomial,beta-binomial,greater,500,-1.5,1.35,Pear.p.val,1000,999,0.999,9.994998749374613e-4,0.9944410757201734,0.9999746825125088
Binomial,beta-binomial,greater,500,-1.5,1.35,Ref.p.val,1000,999,0.999,9.994998749374613e-4,0.9944410757201734,0.9999746825125088
Binomial,beta-binomial,greater,500,-1.5,1.5,DHA.p.val,1000,1000,1,0,0.9963179161031344,1
Binomial,beta-binomial,greater,500,-1.5,1.5,Pear.p.val,1000,1000,1,0,0.9963179161031344,1
Binomial,beta-binomial,greater,500,-1.5,1.5,Ref.p.val,1000,1000,1,0,0.9963179161031344,1
Binomial,beta-binomial,greater,500,-1.5,1.75,DHA.p.val,1000,1000,1,0,0.9963179161031344,1
Binomial,beta-binomial,greater,500,-1.5,1.75,Pear.p.val,1000,1000,1,0,0.9963179161031344,1
Binomial,beta-binomial,greater,500,-1.5,1.75,Ref.p.val,1000,1000,1,0,0.9963179161031344,1
Binomial,beta-binomial,greater,500,-1.5,2,DHA.p.val,1000,1000,1,0,0.9963179161031344,1
Binomial,beta-binomial,greater,500,-1.5,2,Pear.p.val,1000,1000,1,0,0.9963179161031344,1
Binomial,beta-binomial,greater,500,-1.5,2,Ref.p.val,1000,1000,1,0,0.9963179161031344,1
Binomial,beta-binomial,greater,500,-1.5,2.5,DHA.p.val,1000,1000,1,0,0.9963179161031344,1
Binomial,beta-binomial,greater,500,-1.5,2.5,Pear.p.val,1000,1000,1,0,0.9963179161031344,1
Binomial,beta-binomial,greater,500,-1.5,2.5,Ref.p.val,1000,1000,1,0,0.9963179161031344,1
Binomial,beta-binomial,greater,500,-1.5,3,DHA.p.val,1000,1000,1,0,0.9963179161031344,1
Binomial,beta-binomial,greater,500,-1.5,3,Pear.p.val,1000,1000,1,0,0.9963179161031344,1
Binomial,beta-binomial,greater,500,-1.5,3,Ref.p.val,1000,1000,1,0,0.9963179161031344,1
Binomial,beta-binomial,greater,500,-1.5,4,DHA.p.val,1000,1000,1,0,0.9963179161031344,1
Binomial,beta-binomial,greater,500,-1.5,4,Pear.p.val,1000,1000,1,0,0.9963179161031344,1
Binomial,beta-binomial,greater,500,-1.5,4,Ref.p.val,1000,1000,1,0,0.9963179161031344,1
Binomial,beta-binomial,greater,500,-1.5,5,DHA.p.val,1000,1000,1,0,0.9963179161031344,1
Binomial,beta-binomial,greater,500,-1.5,5,Pear.p.val,1000,1000,1,0,0.9963179161031344,1
Binomial,beta-binomial,greater,500,-1.5,5,Ref.p.val,1000,1000,1,0,0.9963179161031344,1
Binomial,beta-binomial,greater,500,0,1,DHA.p.val,1000,9,0.009,0.002986469487538756,0.004123395660342473,0.017015783069894597
Binomial,beta-binomial,greater,500,0,1,Pear.p.val,1000,39,0.039,0.006122009474020765,0.02787714879533642,0.052930935785445055
Binomial,beta-binomial,greater,500,0,1,Ref.p.val,1000,41,0.041,0.006270486424512854,0.02958016853403611,0.05521245931529928
Binomial,beta-binomial,greater,500,0,1.1,DHA.p.val,1000,284,0.284,0.014259873772232347,0.25622119502375507,0.3130566821959463
Binomial,beta-binomial,greater,500,0,1.1,Pear.p.val,1000,461,0.461,0.015763216676808068,0.42975846505911885,0.4924717630817992
Binomial,beta-binomial,greater,500,0,1.1,Ref.p.val,1000,473,0.473,0.01578831846651188,0.4416739674827332,0.5044854160069696
Binomial,beta-binomial,greater,500,0,1.2,DHA.p.val,1000,785,0.785,0.012991343271578961,0.7582168340894827,0.8100933481890851
Binomial,beta-binomial,greater,500,0,1.2,Pear.p.val,1000,910,0.91,0.009049861877399012,0.8905334268616608,0.9270095335433771
Binomial,beta-binomial,greater,500,0,1.2,Ref.p.val,1000,911,0.911,0.009004387819280108,0.8916189999399975,0.92791753546024
Binomial,beta-binomial,greater,500,0,1.35,DHA.p.val,1000,999,0.999,9.994998749374613e-4,0.9944410757201734,0.9999746825125088
Binomial,beta-binomial,greater,500,0,1.35,Pear.p.val,1000,1000,1,0,0.9963179161031344,1
Binomial,beta-binomial,greater,500,0,1.35,Ref.p.val,1000,1000,1,0,0.9963179161031344,1
Binomial,beta-binomial,greater,500,0,1.5,DHA.p.val,1000,1000,1,0,0.9963179161031344,1
Binomial,beta-binomial,greater,500,0,1.5,Pear.p.val,1000,1000,1,0,0.9963179161031344,1
Binomial,beta-binomial,greater,500,0,1.5,Ref.p.val,1000,1000,1,0,0.9963179161031344,1
Binomial,beta-binomial,greater,500,0,1.75,DHA.p.val,1000,1000,1,0,0.9963179161031344,1
Binomial,beta-binomial,greater,500,0,1.75,Pear.p.val,1000,1000,1,0,0.9963179161031344,1
Binomial,beta-binomial,greater,500,0,1.75,Ref.p.val,1000,1000,1,0,0.9963179161031344,1
Binomial,beta-binomial,greater,500,0,2,DHA.p.val,1000,1000,1,0,0.9963179161031344,1
Binomial,beta-binomial,greater,500,0,2,Pear.p.val,1000,1000,1,0,0.9963179161031344,1
Binomial,beta-binomial,greater,500,0,2,Ref.p.val,1000,1000,1,0,0.9963179161031344,1
Binomial,beta-binomial,greater,500,0,2.5,DHA.p.val,1000,1000,1,0,0.9963179161031344,1
Binomial,beta-binomial,greater,500,0,2.5,Pear.p.val,1000,1000,1,0,0.9963179161031344,1
Binomial,beta-binomial,greater,500,0,2.5,Ref.p.val,1000,1000,1,0,0.9963179161031344,1
Binomial,beta-binomial,greater,500,0,3,DHA.p.val,1000,1000,1,0,0.9963179161031344,1
Binomial,beta-binomial,greater,500,0,3,Pear.p.val,1000,1000,1,0,0.9963179161031344,1
Binomial,beta-binomial,greater,500,0,3,Ref.p.val,1000,1000,1,0,0.9963179161031344,1
Binomial,beta-binomial,greater,500,0,4,DHA.p.val,1000,1000,1,0,0.9963179161031344,1
Binomial,beta-binomial,greater,500,0,4,Pear.p.val,1000,1000,1,0,0.9963179161031344,1
Binomial,beta-binomial,greater,500,0,4,Ref.p.val,1000,1000,1,0,0.9963179161031344,1
Binomial,beta-binomial,greater,500,0,5,DHA.p.val,1000,1000,1,0,0.9963179161031344,1
Binomial,beta-binomial,greater,500,0,5,Pear.p.val,1000,1000,1,0,0.9963179161031344,1
Binomial,beta-binomial,greater,500,0,5,Ref.p.val,1000,1000,1,0,0.9963179161031344,1
Binomial,beta-binomial,greater,500,1.5,1,DHA.p.val,1000,19,0.019,0.004317290817167636,0.011477036993100943,0.02951240162509783
Binomial,beta-binomial,greater,500,1.5,1,Pear.p.val,1000,51,0.051,0.00695693898205238,0.038205236774686166,0.06651346159493476
Binomial,beta-binomial,greater,500,1.5,1,Ref.p.val,1000,52,0.052,0.007021111023192838,0.0390765349439805,0.06763501405050731
Binomial,beta-binomial,greater,500,1.5,1.1,DHA.p.val,1000,233,0.233,0.013368283360252356,0.20711600666527016,0.26046597912452674
Binomial,beta-binomial,greater,500,1.5,1.1,Pear.p.val,1000,471,0.471,0.01578477114183161,0.4396868061736436,0.5024843842922233
Binomial,beta-binomial,greater,500,1.5,1.1,Ref.p.val,1000,467,0.467,0.015776913513105152,0.4357139754736991,0.49848082946732153
Binomial,beta-binomial,greater,500,1.5,1.2,DHA.p.val,1000,725,0.725,0.014120021246442939,0.6961899225470708,0.7524786563444994
Binomial,beta-binomial,greater,500,1.5,1.2,Pear.p.val,1000,897,0.897,0.009612023720320294,0.8764770735985742,0.9151486346500823
Binomial,beta-binomial,greater,500,1.5,1.2,Ref.p.val,1000,903,0.903,0.009359006357514668,0.8829521560197129,0.9206355281706361
Binomial,beta-binomial,greater,500,1.5,1.35,DHA.p.val,1000,992,0.992,0.0028170906978654425,0.9842979508239253,0.9965400238346707
Binomial,beta-binomial,greater,500,1.5,1.35,Pear.p.val,1000,999,0.999,9.994998749374613e-4,0.9944410757201734,0.9999746825125088
Binomial,beta-binomial,greater,500,1.5,1.35,Ref.p.val,1000,999,0.999,9.994998749374613e-4,0.9944410757201734,0.9999746825125088
Binomial,beta-binomial,greater,500,1.5,1.5,DHA.p.val,1000,1000,1,0,0.9963179161031344,1
Binomial,beta-binomial,greater,500,1.5,1.5,Pear.p.val,1000,1000,1,0,0.9963179161031344,1
Binomial,beta-binomial,greater,500,1.5,1.5,Ref.p.val,1000,1000,1,0,0.9963179161031344,1
Binomial,beta-binomial,greater,500,1.5,1.75,DHA.p.val,1000,1000,1,0,0.9963179161031344,1
Binomial,beta-binomial,greater,500,1.5,1.75,Pear.p.val,1000,1000,1,0,0.9963179161031344,1
Binomial,beta-binomial,greater,500,1.5,1.75,Ref.p.val,1000,1000,1,0,0.9963179161031344,1
Binomial,beta-binomial,greater,500,1.5,2,DHA.p.val,1000,1000,1,0,0.9963179161031344,1
Binomial,beta-binomial,greater,500,1.5,2,Pear.p.val,1000,1000,1,0,0.9963179161031344,1
Binomial,beta-binomial,greater,500,1.5,2,Ref.p.val,1000,1000,1,0,0.9963179161031344,1
Binomial,beta-binomial,greater,500,1.5,2.5,DHA.p.val,1000,1000,1,0,0.9963179161031344,1
Binomial,beta-binomial,greater,500,1.5,2.5,Pear.p.val,1000,1000,1,0,0.9963179161031344,1
Binomial,beta-binomial,greater,500,1.5,2.5,Ref.p.val,1000,1000,1,0,0.9963179161031344,1
Binomial,beta-binomial,greater,500,1.5,3,DHA.p.val,1000,1000,1,0,0.9963179161031344,1
Binomial,beta-binomial,greater,500,1.5,3,Pear.p.val,1000,1000,1,0,0.9963179161031344,1
Binomial,beta-binomial,greater,500,1.5,3,Ref.p.val,1000,1000,1,0,0.9963179161031344,1
Binomial,beta-binomial,greater,500,1.5,4,DHA.p.val,1000,1000,1,0,0.9963179161031344,1
Binomial,beta-binomial,greater,500,1.5,4,Pear.p.val,1000,1000,1,0,0.9963179161031344,1
Binomial,beta-binomial,greater,500,1.5,4,Ref.p.val,1000,1000,1,0,0.9963179161031344,1
Binomial,beta-binomial,greater,500,1.5,5,DHA.p.val,1000,1000,1,0,0.9963179161031344,1
Binomial,beta-binomial,greater,500,1.5,5,Pear.p.val,1000,1000,1,0,0.9963179161031344,1
Binomial,beta-binomial,greater,500,1.5,5,Ref.p.val,1000,1000,1,0,0.9963179161031344,1
Binomial,beta-binomial,greater,1000,-1.5,1,DHA.p.val,1000,12,0.012,0.003443254274665175,0.006215525559595242,0.020867679591036414
Binomial,beta-binomial,greater,1000,-1.5,1,Pear.p.val,1000,44,0.044,0.006485676526007136,0.03214949701087143,0.058620419206330876
Binomial,beta-binomial,greater,1000,-1.5,1,Ref.p.val,1000,51,0.051,0.00695693898205238,0.038205236774686166,0.06651346159493476
Binomial,beta-binomial,greater,1000,-1.5,1.1,DHA.p.val,1000,434,0.434,0.015673034167001616,0.40301449297847247,0.46537517008003226
Binomial,beta-binomial,greater,1000,-1.5,1.1,Pear.p.val,1000,683,0.683,0.014714312760030622,0.6531529694410998,0.7117651432741482
Binomial,beta-binomial,greater,1000,-1.5,1.1,Ref.p.val,1000,709,0.709,0.014363808687113596,0.6797609561045029,0.7370027823142384
Binomial,beta-binomial,greater,1000,-1.5,1.2,DHA.p.val,1000,944,0.944,0.007270763371201131,0.9278922537167472,0.9574244503133829
Binomial,beta-binomial,greater,1000,-1.5,1.2,Pear.p.val,1000,992,0.992,0.0028170906978654425,0.9842979508239253,0.9965400238346707
Binomial,beta-binomial,greater,1000,-1.5,1.2,Ref.p.val,1000,993,0.993,0.002636474919281427,0.9856308050210814,0.9971811412403795
Binomial,beta-binomial,greater,1000,-1.5,1.35,DHA.p.val,1000,1000,1,0,0.9963179161031344,1
Binomial,beta-binomial,greater,1000,-1.5,1.35,Pear.p.val,1000,1000,1,0,0.9963179161031344,1
Binomial,beta-binomial,greater,1000,-1.5,1.35,Ref.p.val,1000,1000,1,0,0.9963179161031344,1
Binomial,beta-binomial,greater,1000,-1.5,1.5,DHA.p.val,1000,1000,1,0,0.9963179161031344,1
Binomial,beta-binomial,greater,1000,-1.5,1.5,Pear.p.val,1000,1000,1,0,0.9963179161031344,1
Binomial,beta-binomial,greater,1000,-1.5,1.5,Ref.p.val,1000,1000,1,0,0.9963179161031344,1
Binomial,beta-binomial,greater,1000,-1.5,1.75,DHA.p.val,1000,1000,1,0,0.9963179161031344,1
Binomial,beta-binomial,greater,1000,-1.5,1.75,Pear.p.val,1000,1000,1,0,0.9963179161031344,1
Binomial,beta-binomial,greater,1000,-1.5,1.75,Ref.p.val,1000,1000,1,0,0.9963179161031344,1
Binomial,beta-binomial,greater,1000,-1.5,2,DHA.p.val,1000,1000,1,0,0.9963179161031344,1
Binomial,beta-binomial,greater,1000,-1.5,2,Pear.p.val,1000,1000,1,0,0.9963179161031344,1
Binomial,beta-binomial,greater,1000,-1.5,2,Ref.p.val,1000,1000,1,0,0.9963179161031344,1
Binomial,beta-binomial,greater,1000,-1.5,2.5,DHA.p.val,1000,1000,1,0,0.9963179161031344,1
Binomial,beta-binomial,greater,1000,-1.5,2.5,Pear.p.val,1000,1000,1,0,0.9963179161031344,1
Binomial,beta-binomial,greater,1000,-1.5,2.5,Ref.p.val,1000,1000,1,0,0.9963179161031344,1
Binomial,beta-binomial,greater,1000,-1.5,3,DHA.p.val,1000,1000,1,0,0.9963179161031344,1
Binomial,beta-binomial,greater,1000,-1.5,3,Pear.p.val,1000,1000,1,0,0.9963179161031344,1
Binomial,beta-binomial,greater,1000,-1.5,3,Ref.p.val,1000,1000,1,0,0.9963179161031344,1
Binomial,beta-binomial,greater,1000,-1.5,4,DHA.p.val,1000,1000,1,0,0.9963179161031344,1
Binomial,beta-binomial,greater,1000,-1.5,4,Pear.p.val,1000,1000,1,0,0.9963179161031344,1
Binomial,beta-binomial,greater,1000,-1.5,4,Ref.p.val,1000,1000,1,0,0.9963179161031344,1
Binomial,beta-binomial,greater,1000,-1.5,5,DHA.p.val,1000,1000,1,0,0.9963179161031344,1
Binomial,beta-binomial,greater,1000,-1.5,5,Pear.p.val,1000,1000,1,0,0.9963179161031344,1
Binomial,beta-binomial,greater,1000,-1.5,5,Ref.p.val,1000,1000,1,0,0.9963179161031344,1
Binomial,beta-binomial,greater,1000,0,1,DHA.p.val,1000,11,0.011,0.003298332912245215,0.0055035941923135875,0.019596628222016466
Binomial,beta-binomial,greater,1000,0,1,Pear.p.val,1000,40,0.04,0.0061967733539318665,0.028727625285890793,0.05407269681936844
Binomial,beta-binomial,greater,1000,0,1,Ref.p.val,1000,57,0.057,0.007331507348424334,0.0434535819369586,0.07322272946066222
Binomial,beta-binomial,greater,1000,0,1.1,DHA.p.val,1000,523,0.523,0.01579465099329517,0.4915140103158689,0.5543502196835383
Binomial,beta-binomial,greater,1000,0,1.1,Pear.p.val,1000,708,0.708,0.014378317008607092,0.6787355669415412,0.7360341145694163
Binomial,beta-binomial,greater,1000,0,1.1,Ref.p.val,1000,738,0.738,0.013905250806799567,0.7095710241553304,0.7650201302447011
Binomial,beta-binomial,greater,1000,0,1.2,DHA.p.val,1000,979,0.979,0.00453420334788814,0.9680776648195845,0.9869548077096123
Binomial,beta-binomial,greater,1000,0,1.2,Pear.p.val,1000,995,0.995,0.002230470802319547,0.9883705294401879,0.9983745804824372
Binomial,beta-binomial,greater,1000,0,1.2,Ref.p.val,1000,995,0.995,0.002230470802319547,0.9883705294401879,0.9983745804824372
Binomial,beta-binomial,greater,1000,0,1.35,DHA.p.val,1000,1000,1,0,0.9963179161031344,1
Binomial,beta-binomial,greater,1000,0,1.35,Pear.p.val,1000,1000,1,0,0.9963179161031344,1
Binomial,beta-binomial,greater,1000,0,1.35,Ref.p.val,1000,1000,1,0,0.9963179161031344,1
Binomial,beta-binomial,greater,1000,0,1.5,DHA.p.val,1000,1000,1,0,0.9963179161031344,1
Binomial,beta-binomial,greater,1000,0,1.5,Pear.p.val,1000,1000,1,0,0.9963179161031344,1
Binomial,beta-binomial,greater,1000,0,1.5,Ref.p.val,1000,1000,1,0,0.9963179161031344,1
Binomial,beta-binomial,greater,1000,0,1.75,DHA.p.val,1000,1000,1,0,0.9963179161031344,1
Binomial,beta-binomial,greater,1000,0,1.75,Pear.p.val,1000,1000,1,0,0.9963179161031344,1
Binomial,beta-binomial,greater,1000,0,1.75,Ref.p.val,1000,1000,1,0,0.9963179161031344,1
Binomial,beta-binomial,greater,1000,0,2,DHA.p.val,1000,1000,1,0,0.9963179161031344,1
Binomial,beta-binomial,greater,1000,0,2,Pear.p.val,1000,1000,1,0,0.9963179161031344,1
Binomial,beta-binomial,greater,1000,0,2,Ref.p.val,1000,1000,1,0,0.9963179161031344,1
Binomial,beta-binomial,greater,1000,0,2.5,DHA.p.val,1000,1000,1,0,0.9963179161031344,1
Binomial,beta-binomial,greater,1000,0,2.5,Pear.p.val,1000,1000,1,0,0.9963179161031344,1
Binomial,beta-binomial,greater,1000,0,2.5,Ref.p.val,1000,1000,1,0,0.9963179161031344,1
Binomial,beta-binomial,greater,1000,0,3,DHA.p.val,1000,1000,1,0,0.9963179161031344,1
Binomial,beta-binomial,greater,1000,0,3,Pear.p.val,1000,1000,1,0,0.9963179161031344,1
Binomial,beta-binomial,greater,1000,0,3,Ref.p.val,1000,1000,1,0,0.9963179161031344,1
Binomial,beta-binomial,greater,1000,0,4,DHA.p.val,1000,1000,1,0,0.9963179161031344,1
Binomial,beta-binomial,greater,1000,0,4,Pear.p.val,1000,1000,1,0,0.9963179161031344,1
Binomial,beta-binomial,greater,1000,0,4,Ref.p.val,1000,1000,1,0,0.9963179161031344,1
Binomial,beta-binomial,greater,1000,0,5,DHA.p.val,1000,1000,1,0,0.9963179161031344,1
Binomial,beta-binomial,greater,1000,0,5,Pear.p.val,1000,1000,1,0,0.9963179161031344,1
Binomial,beta-binomial,greater,1000,0,5,Ref.p.val,1000,1000,1,0,0.9963179161031344,1
Binomial,beta-binomial,greater,1000,1.5,1,DHA.p.val,1000,9,0.009,0.002986469487538756,0.004123395660342473,0.017015783069894597
Binomial,beta-binomial,greater,1000,1.5,1,Pear.p.val,1000,40,0.04,0.0061967733539318665,0.028727625285890793,0.05407269681936844
Binomial,beta-binomial,greater,1000,1.5,1,Ref.p.val,1000,53,0.053,0.00708456067798138,0.03994925236001938,0.06875518328996322
Binomial,beta-binomial,greater,1000,1.5,1.1,DHA.p.val,1000,447,0.447,0.015722308990730335,0.41587977279600385,0.478433118122672
Binomial,beta-binomial,greater,1000,1.5,1.1,Pear.p.val,1000,692,0.692,0.014599178059055244,0.6623513380025051,0.7205133700994172
Binomial,beta-binomial,greater,1000,1.5,1.1,Ref.p.val,1000,723,0.723,0.014151713677148785,0.694133923415823,0.7505465579929899
Binomial,beta-binomial,greater,1000,1.5,1.2,DHA.p.val,1000,954,0.954,0.006624499981130654,0.9391164472862573,0.9661285014523221
Binomial,beta-binomial,greater,1000,1.5,1.2,Pear.p.val,1000,986,0.986,0.0037153734670958734,0.9766218439896855,0.9923254984349792
Binomial,beta-binomial,greater,1000,1.5,1.2,Ref.p.val,1000,989,0.989,0.0032983329122452166,0.9804033717779835,0.9944964058076864
Binomial,beta-binomial,greater,1000,1.5,1.35,DHA.p.val,1000,1000,1,0,0.9963179161031344,1
Binomial,beta-binomial,greater,1000,1.5,1.35,Pear.p.val,1000,1000,1,0,0.9963179161031344,1
Binomial,beta-binomial,greater,1000,1.5,1.35,Ref.p.val,1000,1000,1,0,0.9963179161031344,1
Binomial,beta-binomial,greater,1000,1.5,1.5,DHA.p.val,1000,1000,1,0,0.9963179161031344,1
Binomial,beta-binomial,greater,1000,1.5,1.5,Pear.p.val,1000,1000,1,0,0.9963179161031344,1
Binomial,beta-binomial,greater,1000,1.5,1.5,Ref.p.val,1000,1000,1,0,0.9963179161031344,1
Binomial,beta-binomial,greater,1000,1.5,1.75,DHA.p.val,1000,1000,1,0,0.9963179161031344,1
Binomial,beta-binomial,greater,1000,1.5,1.75,Pear.p.val,1000,1000,1,0,0.9963179161031344,1
Binomial,beta-binomial,greater,1000,1.5,1.75,Ref.p.val,1000,1000,1,0,0.9963179161031344,1
Binomial,beta-binomial,greater,1000,1.5,2,DHA.p.val,1000,1000,1,0,0.9963179161031344,1
Binomial,beta-binomial,greater,1000,1.5,2,Pear.p.val,1000,1000,1,0,0.9963179161031344,1
Binomial,beta-binomial,greater,1000,1.5,2,Ref.p.val,1000,1000,1,0,0.9963179161031344,1
Binomial,beta-binomial,greater,1000,1.5,2.5,DHA.p.val,1000,1000,1,0,0.9963179161031344,1
Binomial,beta-binomial,greater,1000,1.5,2.5,Pear.p.val,1000,1000,1,0,0.9963179161031344,1
Binomial,beta-binomial,greater,1000,1.5,2.5,Ref.p.val,1000,1000,1,0,0.9963179161031344,1
Binomial,beta-binomial,greater,1000,1.5,3,DHA.p.val,1000,1000,1,0,0.9963179161031344,1
Binomial,beta-binomial,greater,1000,1.5,3,Pear.p.val,1000,1000,1,0,0.9963179161031344,1
Binomial,beta-binomial,greater,1000,1.5,3,Ref.p.val,1000,1000,1,0,0.9963179161031344,1
Binomial,beta-binomial,greater,1000,1.5,4,DHA.p.val,1000,1000,1,0,0.9963179161031344,1
Binomial,beta-binomial,greater,1000,1.5,4,Pear.p.val,1000,1000,1,0,0.9963179161031344,1
Binomial,beta-binomial,greater,1000,1.5,4,Ref.p.val,1000,1000,1,0,0.9963179161031344,1
Binomial,beta-binomial,greater,1000,1.5,5,DHA.p.val,1000,1000,1,0,0.9963179161031344,1
Binomial,beta-binomial,greater,1000,1.5,5,Pear.p.val,1000,1000,1,0,0.9963179161031344,1
Binomial,beta-binomial,greater,1000,1.5,5,Ref.p.val,1000,1000,1,0,0.9963179161031344,1
